2025-08-05 03:09:58,459:WARNING:
'cuml' is a soft dependency and not included in the pycaret installation. Please run: `pip install cuml` to install.
2025-08-05 03:09:58,459:WARNING:
'cuml' is a soft dependency and not included in the pycaret installation. Please run: `pip install cuml` to install.
2025-08-05 03:09:58,459:WARNING:
'cuml' is a soft dependency and not included in the pycaret installation. Please run: `pip install cuml` to install.
2025-08-05 03:09:58,460:WARNING:
'cuml' is a soft dependency and not included in the pycaret installation. Please run: `pip install cuml` to install.
2025-08-05 03:14:58,984:WARNING:
'cuml' is a soft dependency and not included in the pycaret installation. Please run: `pip install cuml` to install.
2025-08-05 03:14:58,984:WARNING:
'cuml' is a soft dependency and not included in the pycaret installation. Please run: `pip install cuml` to install.
2025-08-05 03:14:58,984:WARNING:
'cuml' is a soft dependency and not included in the pycaret installation. Please run: `pip install cuml` to install.
2025-08-05 03:14:58,984:WARNING:
'cuml' is a soft dependency and not included in the pycaret installation. Please run: `pip install cuml` to install.
2025-08-05 03:18:54,486:WARNING:
'cuml' is a soft dependency and not included in the pycaret installation. Please run: `pip install cuml` to install.
2025-08-05 03:18:54,486:WARNING:
'cuml' is a soft dependency and not included in the pycaret installation. Please run: `pip install cuml` to install.
2025-08-05 03:18:54,487:WARNING:
'cuml' is a soft dependency and not included in the pycaret installation. Please run: `pip install cuml` to install.
2025-08-05 03:18:54,487:WARNING:
'cuml' is a soft dependency and not included in the pycaret installation. Please run: `pip install cuml` to install.
2025-08-05 03:21:29,846:WARNING:
'cuml' is a soft dependency and not included in the pycaret installation. Please run: `pip install cuml` to install.
2025-08-05 03:21:29,846:WARNING:
'cuml' is a soft dependency and not included in the pycaret installation. Please run: `pip install cuml` to install.
2025-08-05 03:21:29,846:WARNING:
'cuml' is a soft dependency and not included in the pycaret installation. Please run: `pip install cuml` to install.
2025-08-05 03:21:29,846:WARNING:
'cuml' is a soft dependency and not included in the pycaret installation. Please run: `pip install cuml` to install.
2025-08-05 03:23:06,927:WARNING:
'cuml' is a soft dependency and not included in the pycaret installation. Please run: `pip install cuml` to install.
2025-08-05 03:23:06,927:WARNING:
'cuml' is a soft dependency and not included in the pycaret installation. Please run: `pip install cuml` to install.
2025-08-05 03:23:06,927:WARNING:
'cuml' is a soft dependency and not included in the pycaret installation. Please run: `pip install cuml` to install.
2025-08-05 03:23:06,927:WARNING:
'cuml' is a soft dependency and not included in the pycaret installation. Please run: `pip install cuml` to install.
2025-08-05 03:23:07,402:INFO:PyCaret ClassificationExperiment
2025-08-05 03:23:07,402:INFO:Logging name: clf-default-name
2025-08-05 03:23:07,402:INFO:ML Usecase: MLUsecase.CLASSIFICATION
2025-08-05 03:23:07,402:INFO:version 3.3.2
2025-08-05 03:23:07,402:INFO:Initializing setup()
2025-08-05 03:23:07,402:INFO:self.USI: 1372
2025-08-05 03:23:07,402:INFO:self._variable_keys: {'memory', 'n_jobs_param', 'pipeline', 'USI', 'html_param', 'y', 'X', 'fold_generator', 'idx', 'y_test', 'X_test', 'logging_param', 'X_train', 'seed', 'y_train', 'is_multiclass', 'exp_id', 'log_plots_param', 'gpu_param', '_ml_usecase', 'exp_name_log', 'data', 'fold_shuffle_param', 'fold_groups_param', 'fix_imbalance', 'target_param', '_available_plots', 'gpu_n_jobs_param'}
2025-08-05 03:23:07,402:INFO:Checking environment
2025-08-05 03:23:07,402:INFO:python_version: 3.11.13
2025-08-05 03:23:07,403:INFO:python_build: ('main', 'Jul 23 2025 18:09:53')
2025-08-05 03:23:07,403:INFO:machine: aarch64
2025-08-05 03:23:07,403:INFO:platform: Linux-6.10.14-linuxkit-aarch64-with-glibc2.36
2025-08-05 03:23:07,403:INFO:Memory: svmem(total=17011818496, available=14089691136, percent=17.2, used=2623586304, free=1792294912, active=2561048576, inactive=11217252352, buffers=541614080, cached=12054323200, shared=34934784, slab=1125969920)
2025-08-05 03:23:07,404:INFO:Physical Core: 16
2025-08-05 03:23:07,404:INFO:Logical Core: 16
2025-08-05 03:23:07,404:INFO:Checking libraries
2025-08-05 03:23:07,404:INFO:System:
2025-08-05 03:23:07,404:INFO:    python: 3.11.13 (main, Jul 23 2025, 18:09:53) [GCC 12.2.0]
2025-08-05 03:23:07,404:INFO:executable: /usr/local/bin/python
2025-08-05 03:23:07,404:INFO:   machine: Linux-6.10.14-linuxkit-aarch64-with-glibc2.36
2025-08-05 03:23:07,404:INFO:PyCaret required dependencies:
2025-08-05 03:23:07,668:INFO:                 pip: 24.0
2025-08-05 03:23:07,668:INFO:          setuptools: 80.9.0
2025-08-05 03:23:07,668:INFO:             pycaret: 3.3.2
2025-08-05 03:23:07,668:INFO:             IPython: 9.4.0
2025-08-05 03:23:07,668:INFO:          ipywidgets: 8.1.7
2025-08-05 03:23:07,668:INFO:                tqdm: 4.67.1
2025-08-05 03:23:07,668:INFO:               numpy: 1.26.4
2025-08-05 03:23:07,668:INFO:              pandas: 2.1.4
2025-08-05 03:23:07,668:INFO:              jinja2: 3.1.6
2025-08-05 03:23:07,668:INFO:               scipy: 1.11.4
2025-08-05 03:23:07,669:INFO:              joblib: 1.3.2
2025-08-05 03:23:07,669:INFO:             sklearn: 1.4.2
2025-08-05 03:23:07,669:INFO:                pyod: 2.0.5
2025-08-05 03:23:07,669:INFO:            imblearn: 0.13.0
2025-08-05 03:23:07,669:INFO:   category_encoders: 2.7.0
2025-08-05 03:23:07,669:INFO:            lightgbm: 4.6.0
2025-08-05 03:23:07,669:INFO:               numba: 0.61.0
2025-08-05 03:23:07,669:INFO:            requests: 2.32.4
2025-08-05 03:23:07,669:INFO:          matplotlib: 3.7.5
2025-08-05 03:23:07,669:INFO:          scikitplot: 0.3.7
2025-08-05 03:23:07,669:INFO:         yellowbrick: 1.5
2025-08-05 03:23:07,669:INFO:              plotly: 5.24.1
2025-08-05 03:23:07,669:INFO:    plotly-resampler: Not installed
2025-08-05 03:23:07,669:INFO:             kaleido: 1.0.0
2025-08-05 03:23:07,669:INFO:           schemdraw: 0.15
2025-08-05 03:23:07,669:INFO:         statsmodels: 0.14.5
2025-08-05 03:23:07,669:INFO:              sktime: 0.26.0
2025-08-05 03:23:07,669:INFO:               tbats: 1.1.3
2025-08-05 03:23:07,670:INFO:            pmdarima: 2.0.4
2025-08-05 03:23:07,670:INFO:              psutil: 7.0.0
2025-08-05 03:23:07,670:INFO:          markupsafe: 3.0.2
2025-08-05 03:23:07,670:INFO:             pickle5: Not installed
2025-08-05 03:23:07,670:INFO:         cloudpickle: 3.1.1
2025-08-05 03:23:07,670:INFO:         deprecation: 2.1.0
2025-08-05 03:23:07,670:INFO:              xxhash: 3.5.0
2025-08-05 03:23:07,670:INFO:           wurlitzer: 3.1.1
2025-08-05 03:23:07,670:INFO:PyCaret optional dependencies:
2025-08-05 03:23:08,686:INFO:                shap: 0.44.1
2025-08-05 03:23:08,687:INFO:           interpret: 0.7.1
2025-08-05 03:23:08,687:INFO:                umap: 0.5.7
2025-08-05 03:23:08,687:INFO:     ydata_profiling: 4.16.1
2025-08-05 03:23:08,687:INFO:  explainerdashboard: 0.5.1
2025-08-05 03:23:08,687:INFO:             autoviz: Not installed
2025-08-05 03:23:08,687:INFO:           fairlearn: 0.7.0
2025-08-05 03:23:08,687:INFO:          deepchecks: Not installed
2025-08-05 03:23:08,687:INFO:             xgboost: 3.0.3
2025-08-05 03:23:08,687:INFO:            catboost: 1.2.8
2025-08-05 03:23:08,687:INFO:              kmodes: 0.12.2
2025-08-05 03:23:08,687:INFO:             mlxtend: 0.23.4
2025-08-05 03:23:08,687:INFO:       statsforecast: 1.5.0
2025-08-05 03:23:08,687:INFO:        tune_sklearn: Not installed
2025-08-05 03:23:08,687:INFO:                 ray: Not installed
2025-08-05 03:23:08,687:INFO:            hyperopt: 0.2.7
2025-08-05 03:23:08,688:INFO:              optuna: 4.4.0
2025-08-05 03:23:08,688:INFO:               skopt: 0.10.2
2025-08-05 03:23:08,688:INFO:              mlflow: 3.1.4
2025-08-05 03:23:08,688:INFO:              gradio: 5.40.0
2025-08-05 03:23:08,688:INFO:             fastapi: 0.116.1
2025-08-05 03:23:08,688:INFO:             uvicorn: 0.35.0
2025-08-05 03:23:08,688:INFO:              m2cgen: 0.10.0
2025-08-05 03:23:08,688:INFO:           evidently: 0.4.40
2025-08-05 03:23:08,688:INFO:               fugue: 0.8.7
2025-08-05 03:23:08,688:INFO:           streamlit: 1.47.1
2025-08-05 03:23:08,688:INFO:             prophet: Not installed
2025-08-05 03:23:08,688:INFO:None
2025-08-05 03:23:08,688:INFO:Set up data.
2025-08-05 03:23:08,691:INFO:Set up folding strategy.
2025-08-05 03:23:08,691:INFO:Set up train/test split.
2025-08-05 03:23:08,693:INFO:Set up index.
2025-08-05 03:23:08,693:INFO:Assigning column types.
2025-08-05 03:23:08,694:INFO:Engine successfully changes for model 'lr' to 'sklearn'.
2025-08-05 03:23:08,709:INFO:Engine for model 'knn' has not been set explicitly, hence returning None.
2025-08-05 03:23:08,710:INFO:Engine for model 'rbfsvm' has not been set explicitly, hence returning None.
2025-08-05 03:23:08,721:INFO:Soft dependency imported: xgboost: 3.0.3
2025-08-05 03:23:08,722:INFO:Soft dependency imported: catboost: 1.2.8
2025-08-05 03:23:08,746:INFO:Engine for model 'knn' has not been set explicitly, hence returning None.
2025-08-05 03:23:08,746:INFO:Engine for model 'rbfsvm' has not been set explicitly, hence returning None.
2025-08-05 03:23:08,756:INFO:Soft dependency imported: xgboost: 3.0.3
2025-08-05 03:23:08,757:INFO:Soft dependency imported: catboost: 1.2.8
2025-08-05 03:23:08,757:INFO:Engine successfully changes for model 'knn' to 'sklearn'.
2025-08-05 03:23:08,772:INFO:Engine for model 'rbfsvm' has not been set explicitly, hence returning None.
2025-08-05 03:23:08,781:INFO:Soft dependency imported: xgboost: 3.0.3
2025-08-05 03:23:08,782:INFO:Soft dependency imported: catboost: 1.2.8
2025-08-05 03:23:08,798:INFO:Engine for model 'rbfsvm' has not been set explicitly, hence returning None.
2025-08-05 03:23:08,808:INFO:Soft dependency imported: xgboost: 3.0.3
2025-08-05 03:23:08,809:INFO:Soft dependency imported: catboost: 1.2.8
2025-08-05 03:23:08,809:INFO:Engine successfully changes for model 'rbfsvm' to 'sklearn'.
2025-08-05 03:23:08,832:INFO:Soft dependency imported: xgboost: 3.0.3
2025-08-05 03:23:08,833:INFO:Soft dependency imported: catboost: 1.2.8
2025-08-05 03:23:08,858:INFO:Soft dependency imported: xgboost: 3.0.3
2025-08-05 03:23:08,859:INFO:Soft dependency imported: catboost: 1.2.8
2025-08-05 03:23:08,860:INFO:Preparing preprocessing pipeline...
2025-08-05 03:23:08,862:INFO:Set up simple imputation.
2025-08-05 03:23:08,868:INFO:Finished creating preprocessing pipeline.
2025-08-05 03:23:08,870:INFO:Pipeline: Pipeline(memory=FastMemory(location=/tmp/joblib),
         steps=[('numerical_imputer',
                 TransformerWrapper(exclude=None,
                                    include=['having_IP_Address', 'URL_Length',
                                             'Shortining_Service',
                                             'having_At_Symbol',
                                             'double_slash_redirecting',
                                             'Prefix_Suffix',
                                             'having_Sub_Domain',
                                             'SSLfinal_State', 'URL_of_Anchor',
                                             'Links_in_tags', 'SFH',
                                             'Abnormal_URL'],
                                    transformer=SimpleImputer(add_indicator=False,
                                                              copy=True,
                                                              fill_value=None,
                                                              keep_empty_features=False,
                                                              missing_values=nan,
                                                              strategy='mean'))),
                ('categorical_imputer',
                 TransformerWrapper(exclude=None, include=[],
                                    transformer=SimpleImputer(add_indicator=False,
                                                              copy=True,
                                                              fill_value=None,
                                                              keep_empty_features=False,
                                                              missing_values=nan,
                                                              strategy='most_frequent')))],
         verbose=False)
2025-08-05 03:23:08,870:INFO:Creating final display dataframe.
2025-08-05 03:23:08,892:INFO:Setup _display_container:                     Description             Value
0                    Session id                42
1                        Target             label
2                   Target type            Binary
3           Original data shape         (500, 13)
4        Transformed data shape         (500, 13)
5   Transformed train set shape         (350, 13)
6    Transformed test set shape         (150, 13)
7              Numeric features                12
8                    Preprocess              True
9               Imputation type            simple
10           Numeric imputation              mean
11       Categorical imputation              mode
12               Fold Generator   StratifiedKFold
13                  Fold Number                10
14                     CPU Jobs                -1
15                      Use GPU             False
16               Log Experiment             False
17              Experiment Name  clf-default-name
18                          USI              1372
2025-08-05 03:23:08,918:INFO:Soft dependency imported: xgboost: 3.0.3
2025-08-05 03:23:08,919:INFO:Soft dependency imported: catboost: 1.2.8
2025-08-05 03:23:08,943:INFO:Soft dependency imported: xgboost: 3.0.3
2025-08-05 03:23:08,944:INFO:Soft dependency imported: catboost: 1.2.8
2025-08-05 03:23:08,944:INFO:setup() successfully completed in 1.54s...............
2025-08-05 03:23:08,945:INFO:Initializing compare_models()
2025-08-05 03:23:08,945:INFO:compare_models(self=<pycaret.classification.oop.ClassificationExperiment object at 0xffff4c504090>, include=['lr', 'knn', 'rf', 'et', 'lightgbm'], exclude=None, fold=None, round=4, cross_validation=True, sort=Accuracy, n_select=1, budget_time=None, turbo=True, errors=ignore, fit_kwargs=None, groups=None, experiment_custom_tags=None, probability_threshold=None, verbose=True, parallel=None, caller_params={'self': <pycaret.classification.oop.ClassificationExperiment object at 0xffff4c504090>, 'include': ['lr', 'knn', 'rf', 'et', 'lightgbm'], 'exclude': None, 'fold': None, 'round': 4, 'cross_validation': True, 'sort': 'Accuracy', 'n_select': 1, 'budget_time': None, 'turbo': True, 'errors': 'ignore', 'fit_kwargs': None, 'groups': None, 'experiment_custom_tags': None, 'probability_threshold': None, 'engine': None, 'verbose': True, 'parallel': None, '__class__': <class 'pycaret.classification.oop.ClassificationExperiment'>})
2025-08-05 03:23:08,945:INFO:Checking exceptions
2025-08-05 03:23:08,946:INFO:Preparing display monitor
2025-08-05 03:23:08,947:INFO:Initializing Logistic Regression
2025-08-05 03:23:08,947:INFO:Total runtime is 1.3828277587890625e-06 minutes
2025-08-05 03:23:08,948:INFO:SubProcess create_model() called ==================================
2025-08-05 03:23:08,948:INFO:Initializing create_model()
2025-08-05 03:23:08,948:INFO:create_model(self=<pycaret.classification.oop.ClassificationExperiment object at 0xffff4c504090>, estimator=lr, fold=StratifiedKFold(n_splits=10, random_state=None, shuffle=False), round=4, cross_validation=True, predict=True, fit_kwargs={}, groups=None, refit=False, probability_threshold=None, experiment_custom_tags=None, verbose=False, system=False, add_to_model_list=True, metrics=None, display=<pycaret.internal.display.display.CommonDisplay object at 0xffff27279d10>, model_only=True, return_train_score=False, error_score=0.0, kwargs={})
2025-08-05 03:23:08,948:INFO:Checking exceptions
2025-08-05 03:23:08,948:INFO:Importing libraries
2025-08-05 03:23:08,948:INFO:Copying training dataset
2025-08-05 03:23:08,949:INFO:Defining folds
2025-08-05 03:23:08,949:INFO:Declaring metric variables
2025-08-05 03:23:08,950:INFO:Importing untrained model
2025-08-05 03:23:08,950:INFO:Logistic Regression Imported successfully
2025-08-05 03:23:08,950:INFO:Starting cross validation
2025-08-05 03:23:08,950:INFO:Cross validating with StratifiedKFold(n_splits=10, random_state=None, shuffle=False), n_jobs=-1
2025-08-05 03:23:10,057:INFO:Calculating mean and std
2025-08-05 03:23:10,057:INFO:Creating metrics dataframe
2025-08-05 03:23:10,058:INFO:Uploading results into container
2025-08-05 03:23:10,059:INFO:Uploading model into container now
2025-08-05 03:23:10,060:INFO:_master_model_container: 1
2025-08-05 03:23:10,060:INFO:_display_container: 2
2025-08-05 03:23:10,060:INFO:LogisticRegression(C=1.0, class_weight=None, dual=False, fit_intercept=True,
                   intercept_scaling=1, l1_ratio=None, max_iter=1000,
                   multi_class='auto', n_jobs=None, penalty='l2',
                   random_state=42, solver='lbfgs', tol=0.0001, verbose=0,
                   warm_start=False)
2025-08-05 03:23:10,060:INFO:create_model() successfully completed......................................
2025-08-05 03:23:10,154:INFO:SubProcess create_model() end ==================================
2025-08-05 03:23:10,155:INFO:Creating metrics dataframe
2025-08-05 03:23:10,156:INFO:Initializing K Neighbors Classifier
2025-08-05 03:23:10,156:INFO:Total runtime is 0.02014137109120687 minutes
2025-08-05 03:23:10,156:INFO:SubProcess create_model() called ==================================
2025-08-05 03:23:10,156:INFO:Initializing create_model()
2025-08-05 03:23:10,156:INFO:create_model(self=<pycaret.classification.oop.ClassificationExperiment object at 0xffff4c504090>, estimator=knn, fold=StratifiedKFold(n_splits=10, random_state=None, shuffle=False), round=4, cross_validation=True, predict=True, fit_kwargs={}, groups=None, refit=False, probability_threshold=None, experiment_custom_tags=None, verbose=False, system=False, add_to_model_list=True, metrics=None, display=<pycaret.internal.display.display.CommonDisplay object at 0xffff27279d10>, model_only=True, return_train_score=False, error_score=0.0, kwargs={})
2025-08-05 03:23:10,156:INFO:Checking exceptions
2025-08-05 03:23:10,156:INFO:Importing libraries
2025-08-05 03:23:10,156:INFO:Copying training dataset
2025-08-05 03:23:10,158:INFO:Defining folds
2025-08-05 03:23:10,158:INFO:Declaring metric variables
2025-08-05 03:23:10,158:INFO:Importing untrained model
2025-08-05 03:23:10,158:INFO:K Neighbors Classifier Imported successfully
2025-08-05 03:23:10,159:INFO:Starting cross validation
2025-08-05 03:23:10,159:INFO:Cross validating with StratifiedKFold(n_splits=10, random_state=None, shuffle=False), n_jobs=-1
2025-08-05 03:23:11,068:INFO:Calculating mean and std
2025-08-05 03:23:11,068:INFO:Creating metrics dataframe
2025-08-05 03:23:11,069:INFO:Uploading results into container
2025-08-05 03:23:11,069:INFO:Uploading model into container now
2025-08-05 03:23:11,070:INFO:_master_model_container: 2
2025-08-05 03:23:11,070:INFO:_display_container: 2
2025-08-05 03:23:11,070:INFO:KNeighborsClassifier(algorithm='auto', leaf_size=30, metric='minkowski',
                     metric_params=None, n_jobs=-1, n_neighbors=5, p=2,
                     weights='uniform')
2025-08-05 03:23:11,070:INFO:create_model() successfully completed......................................
2025-08-05 03:23:11,158:INFO:SubProcess create_model() end ==================================
2025-08-05 03:23:11,158:INFO:Creating metrics dataframe
2025-08-05 03:23:11,159:INFO:Initializing Random Forest Classifier
2025-08-05 03:23:11,159:INFO:Total runtime is 0.03686873515446981 minutes
2025-08-05 03:23:11,160:INFO:SubProcess create_model() called ==================================
2025-08-05 03:23:11,160:INFO:Initializing create_model()
2025-08-05 03:23:11,160:INFO:create_model(self=<pycaret.classification.oop.ClassificationExperiment object at 0xffff4c504090>, estimator=rf, fold=StratifiedKFold(n_splits=10, random_state=None, shuffle=False), round=4, cross_validation=True, predict=True, fit_kwargs={}, groups=None, refit=False, probability_threshold=None, experiment_custom_tags=None, verbose=False, system=False, add_to_model_list=True, metrics=None, display=<pycaret.internal.display.display.CommonDisplay object at 0xffff27279d10>, model_only=True, return_train_score=False, error_score=0.0, kwargs={})
2025-08-05 03:23:11,160:INFO:Checking exceptions
2025-08-05 03:23:11,160:INFO:Importing libraries
2025-08-05 03:23:11,160:INFO:Copying training dataset
2025-08-05 03:23:11,161:INFO:Defining folds
2025-08-05 03:23:11,161:INFO:Declaring metric variables
2025-08-05 03:23:11,162:INFO:Importing untrained model
2025-08-05 03:23:11,162:INFO:Random Forest Classifier Imported successfully
2025-08-05 03:23:11,162:INFO:Starting cross validation
2025-08-05 03:23:11,162:INFO:Cross validating with StratifiedKFold(n_splits=10, random_state=None, shuffle=False), n_jobs=-1
2025-08-05 03:23:11,330:INFO:Calculating mean and std
2025-08-05 03:23:11,331:INFO:Creating metrics dataframe
2025-08-05 03:23:11,332:INFO:Uploading results into container
2025-08-05 03:23:11,332:INFO:Uploading model into container now
2025-08-05 03:23:11,332:INFO:_master_model_container: 3
2025-08-05 03:23:11,332:INFO:_display_container: 2
2025-08-05 03:23:11,332:INFO:RandomForestClassifier(bootstrap=True, ccp_alpha=0.0, class_weight=None,
                       criterion='gini', max_depth=None, max_features='sqrt',
                       max_leaf_nodes=None, max_samples=None,
                       min_impurity_decrease=0.0, min_samples_leaf=1,
                       min_samples_split=2, min_weight_fraction_leaf=0.0,
                       monotonic_cst=None, n_estimators=100, n_jobs=-1,
                       oob_score=False, random_state=42, verbose=0,
                       warm_start=False)
2025-08-05 03:23:11,332:INFO:create_model() successfully completed......................................
2025-08-05 03:23:11,409:INFO:SubProcess create_model() end ==================================
2025-08-05 03:23:11,410:INFO:Creating metrics dataframe
2025-08-05 03:23:11,411:INFO:Initializing Extra Trees Classifier
2025-08-05 03:23:11,411:INFO:Total runtime is 0.04105931917826335 minutes
2025-08-05 03:23:11,411:INFO:SubProcess create_model() called ==================================
2025-08-05 03:23:11,411:INFO:Initializing create_model()
2025-08-05 03:23:11,411:INFO:create_model(self=<pycaret.classification.oop.ClassificationExperiment object at 0xffff4c504090>, estimator=et, fold=StratifiedKFold(n_splits=10, random_state=None, shuffle=False), round=4, cross_validation=True, predict=True, fit_kwargs={}, groups=None, refit=False, probability_threshold=None, experiment_custom_tags=None, verbose=False, system=False, add_to_model_list=True, metrics=None, display=<pycaret.internal.display.display.CommonDisplay object at 0xffff27279d10>, model_only=True, return_train_score=False, error_score=0.0, kwargs={})
2025-08-05 03:23:11,411:INFO:Checking exceptions
2025-08-05 03:23:11,411:INFO:Importing libraries
2025-08-05 03:23:11,411:INFO:Copying training dataset
2025-08-05 03:23:11,413:INFO:Defining folds
2025-08-05 03:23:11,413:INFO:Declaring metric variables
2025-08-05 03:23:11,413:INFO:Importing untrained model
2025-08-05 03:23:11,413:INFO:Extra Trees Classifier Imported successfully
2025-08-05 03:23:11,413:INFO:Starting cross validation
2025-08-05 03:23:11,413:INFO:Cross validating with StratifiedKFold(n_splits=10, random_state=None, shuffle=False), n_jobs=-1
2025-08-05 03:23:11,549:INFO:Calculating mean and std
2025-08-05 03:23:11,549:INFO:Creating metrics dataframe
2025-08-05 03:23:11,550:INFO:Uploading results into container
2025-08-05 03:23:11,550:INFO:Uploading model into container now
2025-08-05 03:23:11,550:INFO:_master_model_container: 4
2025-08-05 03:23:11,550:INFO:_display_container: 2
2025-08-05 03:23:11,551:INFO:ExtraTreesClassifier(bootstrap=False, ccp_alpha=0.0, class_weight=None,
                     criterion='gini', max_depth=None, max_features='sqrt',
                     max_leaf_nodes=None, max_samples=None,
                     min_impurity_decrease=0.0, min_samples_leaf=1,
                     min_samples_split=2, min_weight_fraction_leaf=0.0,
                     monotonic_cst=None, n_estimators=100, n_jobs=-1,
                     oob_score=False, random_state=42, verbose=0,
                     warm_start=False)
2025-08-05 03:23:11,551:INFO:create_model() successfully completed......................................
2025-08-05 03:23:11,623:INFO:SubProcess create_model() end ==================================
2025-08-05 03:23:11,623:INFO:Creating metrics dataframe
2025-08-05 03:23:11,624:INFO:Initializing Light Gradient Boosting Machine
2025-08-05 03:23:11,624:INFO:Total runtime is 0.044613822301228845 minutes
2025-08-05 03:23:11,624:INFO:SubProcess create_model() called ==================================
2025-08-05 03:23:11,624:INFO:Initializing create_model()
2025-08-05 03:23:11,624:INFO:create_model(self=<pycaret.classification.oop.ClassificationExperiment object at 0xffff4c504090>, estimator=lightgbm, fold=StratifiedKFold(n_splits=10, random_state=None, shuffle=False), round=4, cross_validation=True, predict=True, fit_kwargs={}, groups=None, refit=False, probability_threshold=None, experiment_custom_tags=None, verbose=False, system=False, add_to_model_list=True, metrics=None, display=<pycaret.internal.display.display.CommonDisplay object at 0xffff27279d10>, model_only=True, return_train_score=False, error_score=0.0, kwargs={})
2025-08-05 03:23:11,625:INFO:Checking exceptions
2025-08-05 03:23:11,625:INFO:Importing libraries
2025-08-05 03:23:11,625:INFO:Copying training dataset
2025-08-05 03:23:11,626:INFO:Defining folds
2025-08-05 03:23:11,626:INFO:Declaring metric variables
2025-08-05 03:23:11,626:INFO:Importing untrained model
2025-08-05 03:23:11,626:INFO:Light Gradient Boosting Machine Imported successfully
2025-08-05 03:23:11,626:INFO:Starting cross validation
2025-08-05 03:23:11,627:INFO:Cross validating with StratifiedKFold(n_splits=10, random_state=None, shuffle=False), n_jobs=-1
2025-08-05 03:23:24,885:INFO:Calculating mean and std
2025-08-05 03:23:24,886:INFO:Creating metrics dataframe
2025-08-05 03:23:24,887:INFO:Uploading results into container
2025-08-05 03:23:24,887:INFO:Uploading model into container now
2025-08-05 03:23:24,887:INFO:_master_model_container: 5
2025-08-05 03:23:24,887:INFO:_display_container: 2
2025-08-05 03:23:24,888:INFO:LGBMClassifier(boosting_type='gbdt', class_weight=None, colsample_bytree=1.0,
               importance_type='split', learning_rate=0.1, max_depth=-1,
               min_child_samples=20, min_child_weight=0.001, min_split_gain=0.0,
               n_estimators=100, n_jobs=-1, num_leaves=31, objective=None,
               random_state=42, reg_alpha=0.0, reg_lambda=0.0, subsample=1.0,
               subsample_for_bin=200000, subsample_freq=0)
2025-08-05 03:23:24,888:INFO:create_model() successfully completed......................................
2025-08-05 03:23:24,962:INFO:SubProcess create_model() end ==================================
2025-08-05 03:23:24,963:INFO:Creating metrics dataframe
2025-08-05 03:23:24,964:WARNING:/usr/local/lib/python3.11/site-packages/pycaret/internal/pycaret_experiment/supervised_experiment.py:339: FutureWarning: Styler.applymap has been deprecated. Use Styler.map instead.

2025-08-05 03:23:24,965:INFO:Initializing create_model()
2025-08-05 03:23:24,965:INFO:create_model(self=<pycaret.classification.oop.ClassificationExperiment object at 0xffff4c504090>, estimator=RandomForestClassifier(bootstrap=True, ccp_alpha=0.0, class_weight=None,
                       criterion='gini', max_depth=None, max_features='sqrt',
                       max_leaf_nodes=None, max_samples=None,
                       min_impurity_decrease=0.0, min_samples_leaf=1,
                       min_samples_split=2, min_weight_fraction_leaf=0.0,
                       monotonic_cst=None, n_estimators=100, n_jobs=-1,
                       oob_score=False, random_state=42, verbose=0,
                       warm_start=False), fold=StratifiedKFold(n_splits=10, random_state=None, shuffle=False), round=4, cross_validation=False, predict=False, fit_kwargs={}, groups=None, refit=True, probability_threshold=None, experiment_custom_tags=None, verbose=False, system=False, add_to_model_list=True, metrics=None, display=None, model_only=True, return_train_score=False, error_score=0.0, kwargs={})
2025-08-05 03:23:24,965:INFO:Checking exceptions
2025-08-05 03:23:24,965:INFO:Importing libraries
2025-08-05 03:23:24,965:INFO:Copying training dataset
2025-08-05 03:23:24,966:INFO:Defining folds
2025-08-05 03:23:24,967:INFO:Declaring metric variables
2025-08-05 03:23:24,967:INFO:Importing untrained model
2025-08-05 03:23:24,967:INFO:Declaring custom model
2025-08-05 03:23:24,967:INFO:Random Forest Classifier Imported successfully
2025-08-05 03:23:24,967:INFO:Cross validation set to False
2025-08-05 03:23:24,967:INFO:Fitting Model
2025-08-05 03:23:25,064:INFO:RandomForestClassifier(bootstrap=True, ccp_alpha=0.0, class_weight=None,
                       criterion='gini', max_depth=None, max_features='sqrt',
                       max_leaf_nodes=None, max_samples=None,
                       min_impurity_decrease=0.0, min_samples_leaf=1,
                       min_samples_split=2, min_weight_fraction_leaf=0.0,
                       monotonic_cst=None, n_estimators=100, n_jobs=-1,
                       oob_score=False, random_state=42, verbose=0,
                       warm_start=False)
2025-08-05 03:23:25,064:INFO:create_model() successfully completed......................................
2025-08-05 03:23:25,140:INFO:_master_model_container: 5
2025-08-05 03:23:25,140:INFO:_display_container: 2
2025-08-05 03:23:25,140:INFO:RandomForestClassifier(bootstrap=True, ccp_alpha=0.0, class_weight=None,
                       criterion='gini', max_depth=None, max_features='sqrt',
                       max_leaf_nodes=None, max_samples=None,
                       min_impurity_decrease=0.0, min_samples_leaf=1,
                       min_samples_split=2, min_weight_fraction_leaf=0.0,
                       monotonic_cst=None, n_estimators=100, n_jobs=-1,
                       oob_score=False, random_state=42, verbose=0,
                       warm_start=False)
2025-08-05 03:23:25,140:INFO:compare_models() successfully completed......................................
2025-08-05 03:23:25,141:INFO:Initializing finalize_model()
2025-08-05 03:23:25,141:INFO:finalize_model(self=<pycaret.classification.oop.ClassificationExperiment object at 0xffff4c504090>, estimator=RandomForestClassifier(bootstrap=True, ccp_alpha=0.0, class_weight=None,
                       criterion='gini', max_depth=None, max_features='sqrt',
                       max_leaf_nodes=None, max_samples=None,
                       min_impurity_decrease=0.0, min_samples_leaf=1,
                       min_samples_split=2, min_weight_fraction_leaf=0.0,
                       monotonic_cst=None, n_estimators=100, n_jobs=-1,
                       oob_score=False, random_state=42, verbose=0,
                       warm_start=False), fit_kwargs=None, groups=None, model_only=False, experiment_custom_tags=None)
2025-08-05 03:23:25,141:INFO:Finalizing RandomForestClassifier(bootstrap=True, ccp_alpha=0.0, class_weight=None,
                       criterion='gini', max_depth=None, max_features='sqrt',
                       max_leaf_nodes=None, max_samples=None,
                       min_impurity_decrease=0.0, min_samples_leaf=1,
                       min_samples_split=2, min_weight_fraction_leaf=0.0,
                       monotonic_cst=None, n_estimators=100, n_jobs=-1,
                       oob_score=False, random_state=42, verbose=0,
                       warm_start=False)
2025-08-05 03:23:25,142:INFO:Initializing create_model()
2025-08-05 03:23:25,142:INFO:create_model(self=<pycaret.classification.oop.ClassificationExperiment object at 0xffff4c504090>, estimator=RandomForestClassifier(bootstrap=True, ccp_alpha=0.0, class_weight=None,
                       criterion='gini', max_depth=None, max_features='sqrt',
                       max_leaf_nodes=None, max_samples=None,
                       min_impurity_decrease=0.0, min_samples_leaf=1,
                       min_samples_split=2, min_weight_fraction_leaf=0.0,
                       monotonic_cst=None, n_estimators=100, n_jobs=-1,
                       oob_score=False, random_state=42, verbose=0,
                       warm_start=False), fold=None, round=4, cross_validation=False, predict=False, fit_kwargs={}, groups=None, refit=True, probability_threshold=None, experiment_custom_tags=None, verbose=False, system=False, add_to_model_list=False, metrics=None, display=None, model_only=False, return_train_score=False, error_score=0.0, kwargs={})
2025-08-05 03:23:25,142:INFO:Checking exceptions
2025-08-05 03:23:25,143:INFO:Importing libraries
2025-08-05 03:23:25,143:INFO:Copying training dataset
2025-08-05 03:23:25,143:INFO:Defining folds
2025-08-05 03:23:25,143:INFO:Declaring metric variables
2025-08-05 03:23:25,143:INFO:Importing untrained model
2025-08-05 03:23:25,143:INFO:Declaring custom model
2025-08-05 03:23:25,143:INFO:Random Forest Classifier Imported successfully
2025-08-05 03:23:25,144:INFO:Cross validation set to False
2025-08-05 03:23:25,144:INFO:Fitting Model
2025-08-05 03:23:25,230:INFO:Pipeline(memory=Memory(location=None),
         steps=[('numerical_imputer',
                 TransformerWrapper(exclude=None,
                                    include=['having_IP_Address', 'URL_Length',
                                             'Shortining_Service',
                                             'having_At_Symbol',
                                             'double_slash_redirecting',
                                             'Prefix_Suffix',
                                             'having_Sub_Domain',
                                             'SSLfinal_State', 'URL_of_Anchor',
                                             'Links_in_tags', 'SFH',
                                             'Abnormal_URL'],
                                    transformer=SimpleImputer(add_indica...
                 RandomForestClassifier(bootstrap=True, ccp_alpha=0.0,
                                        class_weight=None, criterion='gini',
                                        max_depth=None, max_features='sqrt',
                                        max_leaf_nodes=None, max_samples=None,
                                        min_impurity_decrease=0.0,
                                        min_samples_leaf=1, min_samples_split=2,
                                        min_weight_fraction_leaf=0.0,
                                        monotonic_cst=None, n_estimators=100,
                                        n_jobs=-1, oob_score=False,
                                        random_state=42, verbose=0,
                                        warm_start=False))],
         verbose=False)
2025-08-05 03:23:25,230:INFO:create_model() successfully completed......................................
2025-08-05 03:23:25,316:INFO:_master_model_container: 5
2025-08-05 03:23:25,316:INFO:_display_container: 2
2025-08-05 03:23:25,318:INFO:Pipeline(memory=Memory(location=None),
         steps=[('numerical_imputer',
                 TransformerWrapper(exclude=None,
                                    include=['having_IP_Address', 'URL_Length',
                                             'Shortining_Service',
                                             'having_At_Symbol',
                                             'double_slash_redirecting',
                                             'Prefix_Suffix',
                                             'having_Sub_Domain',
                                             'SSLfinal_State', 'URL_of_Anchor',
                                             'Links_in_tags', 'SFH',
                                             'Abnormal_URL'],
                                    transformer=SimpleImputer(add_indica...
                 RandomForestClassifier(bootstrap=True, ccp_alpha=0.0,
                                        class_weight=None, criterion='gini',
                                        max_depth=None, max_features='sqrt',
                                        max_leaf_nodes=None, max_samples=None,
                                        min_impurity_decrease=0.0,
                                        min_samples_leaf=1, min_samples_split=2,
                                        min_weight_fraction_leaf=0.0,
                                        monotonic_cst=None, n_estimators=100,
                                        n_jobs=-1, oob_score=False,
                                        random_state=42, verbose=0,
                                        warm_start=False))],
         verbose=False)
2025-08-05 03:23:25,318:INFO:finalize_model() successfully completed......................................
2025-08-05 03:23:25,392:INFO:Initializing save_model()
2025-08-05 03:23:25,392:INFO:save_model(model=Pipeline(memory=Memory(location=None),
         steps=[('numerical_imputer',
                 TransformerWrapper(exclude=None,
                                    include=['having_IP_Address', 'URL_Length',
                                             'Shortining_Service',
                                             'having_At_Symbol',
                                             'double_slash_redirecting',
                                             'Prefix_Suffix',
                                             'having_Sub_Domain',
                                             'SSLfinal_State', 'URL_of_Anchor',
                                             'Links_in_tags', 'SFH',
                                             'Abnormal_URL'],
                                    transformer=SimpleImputer(add_indica...
                 RandomForestClassifier(bootstrap=True, ccp_alpha=0.0,
                                        class_weight=None, criterion='gini',
                                        max_depth=None, max_features='sqrt',
                                        max_leaf_nodes=None, max_samples=None,
                                        min_impurity_decrease=0.0,
                                        min_samples_leaf=1, min_samples_split=2,
                                        min_weight_fraction_leaf=0.0,
                                        monotonic_cst=None, n_estimators=100,
                                        n_jobs=-1, oob_score=False,
                                        random_state=42, verbose=0,
                                        warm_start=False))],
         verbose=False), model_name=models/phishing_url_detector, prep_pipe_=Pipeline(memory=FastMemory(location=/tmp/joblib),
         steps=[('numerical_imputer',
                 TransformerWrapper(exclude=None,
                                    include=['having_IP_Address', 'URL_Length',
                                             'Shortining_Service',
                                             'having_At_Symbol',
                                             'double_slash_redirecting',
                                             'Prefix_Suffix',
                                             'having_Sub_Domain',
                                             'SSLfinal_State', 'URL_of_Anchor',
                                             'Links_in_tags', 'SFH',
                                             'Abnormal_URL'],
                                    transformer=SimpleImputer(add_indicator=False,
                                                              copy=True,
                                                              fill_value=None,
                                                              keep_empty_features=False,
                                                              missing_values=nan,
                                                              strategy='mean'))),
                ('categorical_imputer',
                 TransformerWrapper(exclude=None, include=[],
                                    transformer=SimpleImputer(add_indicator=False,
                                                              copy=True,
                                                              fill_value=None,
                                                              keep_empty_features=False,
                                                              missing_values=nan,
                                                              strategy='most_frequent')))],
         verbose=False), verbose=True, use_case=MLUsecase.CLASSIFICATION, kwargs={})
2025-08-05 03:23:25,392:INFO:Adding model into prep_pipe
2025-08-05 03:23:25,392:WARNING:Only Model saved as it was a pipeline.
2025-08-05 03:23:25,418:INFO:models/phishing_url_detector.pkl saved in current working directory
2025-08-05 03:23:25,419:INFO:Pipeline(memory=Memory(location=None),
         steps=[('numerical_imputer',
                 TransformerWrapper(exclude=None,
                                    include=['having_IP_Address', 'URL_Length',
                                             'Shortining_Service',
                                             'having_At_Symbol',
                                             'double_slash_redirecting',
                                             'Prefix_Suffix',
                                             'having_Sub_Domain',
                                             'SSLfinal_State', 'URL_of_Anchor',
                                             'Links_in_tags', 'SFH',
                                             'Abnormal_URL'],
                                    transformer=SimpleImputer(add_indica...
                 RandomForestClassifier(bootstrap=True, ccp_alpha=0.0,
                                        class_weight=None, criterion='gini',
                                        max_depth=None, max_features='sqrt',
                                        max_leaf_nodes=None, max_samples=None,
                                        min_impurity_decrease=0.0,
                                        min_samples_leaf=1, min_samples_split=2,
                                        min_weight_fraction_leaf=0.0,
                                        monotonic_cst=None, n_estimators=100,
                                        n_jobs=-1, oob_score=False,
                                        random_state=42, verbose=0,
                                        warm_start=False))],
         verbose=False)
2025-08-05 03:23:25,420:INFO:save_model() successfully completed......................................
2025-08-05 03:24:42,503:WARNING:
'cuml' is a soft dependency and not included in the pycaret installation. Please run: `pip install cuml` to install.
2025-08-05 03:24:42,504:WARNING:
'cuml' is a soft dependency and not included in the pycaret installation. Please run: `pip install cuml` to install.
2025-08-05 03:24:42,504:WARNING:
'cuml' is a soft dependency and not included in the pycaret installation. Please run: `pip install cuml` to install.
2025-08-05 03:24:42,504:WARNING:
'cuml' is a soft dependency and not included in the pycaret installation. Please run: `pip install cuml` to install.
2025-08-05 03:24:43,284:INFO:Initializing load_model()
2025-08-05 03:24:43,284:INFO:load_model(model_name=models/phishing_url_detector, platform=None, authentication=None, verbose=True)
2025-08-05 03:24:55,868:INFO:Initializing predict_model()
2025-08-05 03:24:55,869:INFO:predict_model(self=<pycaret.classification.oop.ClassificationExperiment object at 0xffff375db150>, estimator=Pipeline(memory=Memory(location=None),
         steps=[('numerical_imputer',
                 TransformerWrapper(include=['having_IP_Address', 'URL_Length',
                                             'Shortining_Service',
                                             'having_At_Symbol',
                                             'double_slash_redirecting',
                                             'Prefix_Suffix',
                                             'having_Sub_Domain',
                                             'SSLfinal_State', 'URL_of_Anchor',
                                             'Links_in_tags', 'SFH',
                                             'Abnormal_URL'],
                                    transformer=SimpleImputer())),
                ('categorical_imputer',
                 TransformerWrapper(include=[],
                                    transformer=SimpleImputer(strategy='most_frequent'))),
                ('actual_estimator',
                 RandomForestClassifier(n_jobs=-1, random_state=42))]), probability_threshold=None, encoded_labels=False, raw_score=False, round=4, verbose=True, ml_usecase=None, preprocess=True, encode_labels=<function _SupervisedExperiment.predict_model.<locals>.encode_labels at 0xffff3de6f600>)
2025-08-05 03:24:55,869:INFO:Checking exceptions
2025-08-05 03:24:55,869:INFO:Preloading libraries
2025-08-05 03:24:55,870:INFO:Set up data.
2025-08-05 03:24:55,871:INFO:Set up index.
2025-08-05 03:27:20,958:WARNING:
'cuml' is a soft dependency and not included in the pycaret installation. Please run: `pip install cuml` to install.
2025-08-05 03:27:20,959:WARNING:
'cuml' is a soft dependency and not included in the pycaret installation. Please run: `pip install cuml` to install.
2025-08-05 03:27:20,959:WARNING:
'cuml' is a soft dependency and not included in the pycaret installation. Please run: `pip install cuml` to install.
2025-08-05 03:27:20,959:WARNING:
'cuml' is a soft dependency and not included in the pycaret installation. Please run: `pip install cuml` to install.
2025-08-05 03:27:21,466:INFO:PyCaret ClassificationExperiment
2025-08-05 03:27:21,466:INFO:Logging name: clf-default-name
2025-08-05 03:27:21,466:INFO:ML Usecase: MLUsecase.CLASSIFICATION
2025-08-05 03:27:21,466:INFO:version 3.3.2
2025-08-05 03:27:21,466:INFO:Initializing setup()
2025-08-05 03:27:21,466:INFO:self.USI: 8bf9
2025-08-05 03:27:21,466:INFO:self._variable_keys: {'seed', 'X', 'USI', 'y_test', 'is_multiclass', 'n_jobs_param', 'y_train', 'gpu_n_jobs_param', 'logging_param', 'fold_groups_param', 'data', 'idx', 'fix_imbalance', 'memory', '_ml_usecase', 'gpu_param', 'exp_name_log', 'X_test', 'target_param', 'fold_shuffle_param', 'y', 'exp_id', 'pipeline', 'html_param', 'X_train', '_available_plots', 'log_plots_param', 'fold_generator'}
2025-08-05 03:27:21,466:INFO:Checking environment
2025-08-05 03:27:21,467:INFO:python_version: 3.11.13
2025-08-05 03:27:21,467:INFO:python_build: ('main', 'Jul 23 2025 18:09:53')
2025-08-05 03:27:21,467:INFO:machine: aarch64
2025-08-05 03:27:21,467:INFO:platform: Linux-6.10.14-linuxkit-aarch64-with-glibc2.36
2025-08-05 03:27:21,467:INFO:Memory: svmem(total=17011818496, available=15851573248, percent=6.8, used=889044992, free=5039996928, active=1205886976, inactive=9468694528, buffers=529440768, cached=10553335808, shared=7114752, slab=1075937280)
2025-08-05 03:27:21,468:INFO:Physical Core: 16
2025-08-05 03:27:21,468:INFO:Logical Core: 16
2025-08-05 03:27:21,468:INFO:Checking libraries
2025-08-05 03:27:21,468:INFO:System:
2025-08-05 03:27:21,468:INFO:    python: 3.11.13 (main, Jul 23 2025, 18:09:53) [GCC 12.2.0]
2025-08-05 03:27:21,468:INFO:executable: /usr/local/bin/python
2025-08-05 03:27:21,468:INFO:   machine: Linux-6.10.14-linuxkit-aarch64-with-glibc2.36
2025-08-05 03:27:21,468:INFO:PyCaret required dependencies:
2025-08-05 03:27:21,725:INFO:                 pip: 24.0
2025-08-05 03:27:21,725:INFO:          setuptools: 80.9.0
2025-08-05 03:27:21,725:INFO:             pycaret: 3.3.2
2025-08-05 03:27:21,725:INFO:             IPython: 9.4.0
2025-08-05 03:27:21,725:INFO:          ipywidgets: 8.1.7
2025-08-05 03:27:21,725:INFO:                tqdm: 4.67.1
2025-08-05 03:27:21,725:INFO:               numpy: 1.26.4
2025-08-05 03:27:21,726:INFO:              pandas: 2.1.4
2025-08-05 03:27:21,726:INFO:              jinja2: 3.1.6
2025-08-05 03:27:21,726:INFO:               scipy: 1.11.4
2025-08-05 03:27:21,726:INFO:              joblib: 1.3.2
2025-08-05 03:27:21,726:INFO:             sklearn: 1.4.2
2025-08-05 03:27:21,726:INFO:                pyod: 2.0.5
2025-08-05 03:27:21,726:INFO:            imblearn: 0.13.0
2025-08-05 03:27:21,726:INFO:   category_encoders: 2.7.0
2025-08-05 03:27:21,726:INFO:            lightgbm: 4.6.0
2025-08-05 03:27:21,726:INFO:               numba: 0.61.0
2025-08-05 03:27:21,726:INFO:            requests: 2.32.4
2025-08-05 03:27:21,726:INFO:          matplotlib: 3.7.5
2025-08-05 03:27:21,726:INFO:          scikitplot: 0.3.7
2025-08-05 03:27:21,726:INFO:         yellowbrick: 1.5
2025-08-05 03:27:21,726:INFO:              plotly: 5.24.1
2025-08-05 03:27:21,726:INFO:    plotly-resampler: Not installed
2025-08-05 03:27:21,726:INFO:             kaleido: 1.0.0
2025-08-05 03:27:21,727:INFO:           schemdraw: 0.15
2025-08-05 03:27:21,727:INFO:         statsmodels: 0.14.5
2025-08-05 03:27:21,727:INFO:              sktime: 0.26.0
2025-08-05 03:27:21,727:INFO:               tbats: 1.1.3
2025-08-05 03:27:21,727:INFO:            pmdarima: 2.0.4
2025-08-05 03:27:21,727:INFO:              psutil: 7.0.0
2025-08-05 03:27:21,727:INFO:          markupsafe: 3.0.2
2025-08-05 03:27:21,727:INFO:             pickle5: Not installed
2025-08-05 03:27:21,727:INFO:         cloudpickle: 3.1.1
2025-08-05 03:27:21,727:INFO:         deprecation: 2.1.0
2025-08-05 03:27:21,727:INFO:              xxhash: 3.5.0
2025-08-05 03:27:21,727:INFO:           wurlitzer: 3.1.1
2025-08-05 03:27:21,727:INFO:PyCaret optional dependencies:
2025-08-05 03:27:22,750:INFO:                shap: 0.44.1
2025-08-05 03:27:22,751:INFO:           interpret: 0.7.1
2025-08-05 03:27:22,751:INFO:                umap: 0.5.7
2025-08-05 03:27:22,751:INFO:     ydata_profiling: 4.16.1
2025-08-05 03:27:22,751:INFO:  explainerdashboard: 0.5.1
2025-08-05 03:27:22,751:INFO:             autoviz: Not installed
2025-08-05 03:27:22,751:INFO:           fairlearn: 0.7.0
2025-08-05 03:27:22,751:INFO:          deepchecks: Not installed
2025-08-05 03:27:22,751:INFO:             xgboost: 3.0.3
2025-08-05 03:27:22,751:INFO:            catboost: 1.2.8
2025-08-05 03:27:22,751:INFO:              kmodes: 0.12.2
2025-08-05 03:27:22,751:INFO:             mlxtend: 0.23.4
2025-08-05 03:27:22,751:INFO:       statsforecast: 1.5.0
2025-08-05 03:27:22,751:INFO:        tune_sklearn: Not installed
2025-08-05 03:27:22,751:INFO:                 ray: Not installed
2025-08-05 03:27:22,751:INFO:            hyperopt: 0.2.7
2025-08-05 03:27:22,751:INFO:              optuna: 4.4.0
2025-08-05 03:27:22,751:INFO:               skopt: 0.10.2
2025-08-05 03:27:22,751:INFO:              mlflow: 3.1.4
2025-08-05 03:27:22,751:INFO:              gradio: 5.40.0
2025-08-05 03:27:22,751:INFO:             fastapi: 0.116.1
2025-08-05 03:27:22,751:INFO:             uvicorn: 0.35.0
2025-08-05 03:27:22,751:INFO:              m2cgen: 0.10.0
2025-08-05 03:27:22,751:INFO:           evidently: 0.4.40
2025-08-05 03:27:22,751:INFO:               fugue: 0.8.7
2025-08-05 03:27:22,751:INFO:           streamlit: 1.47.1
2025-08-05 03:27:22,751:INFO:             prophet: Not installed
2025-08-05 03:27:22,751:INFO:None
2025-08-05 03:27:22,751:INFO:Set up data.
2025-08-05 03:27:22,755:INFO:Set up folding strategy.
2025-08-05 03:27:22,755:INFO:Set up train/test split.
2025-08-05 03:27:22,756:INFO:Set up index.
2025-08-05 03:27:22,757:INFO:Assigning column types.
2025-08-05 03:27:22,758:INFO:Engine successfully changes for model 'lr' to 'sklearn'.
2025-08-05 03:27:22,774:INFO:Engine for model 'knn' has not been set explicitly, hence returning None.
2025-08-05 03:27:22,775:INFO:Engine for model 'rbfsvm' has not been set explicitly, hence returning None.
2025-08-05 03:27:22,786:INFO:Soft dependency imported: xgboost: 3.0.3
2025-08-05 03:27:22,787:INFO:Soft dependency imported: catboost: 1.2.8
2025-08-05 03:27:22,809:INFO:Engine for model 'knn' has not been set explicitly, hence returning None.
2025-08-05 03:27:22,809:INFO:Engine for model 'rbfsvm' has not been set explicitly, hence returning None.
2025-08-05 03:27:22,818:INFO:Soft dependency imported: xgboost: 3.0.3
2025-08-05 03:27:22,819:INFO:Soft dependency imported: catboost: 1.2.8
2025-08-05 03:27:22,820:INFO:Engine successfully changes for model 'knn' to 'sklearn'.
2025-08-05 03:27:22,835:INFO:Engine for model 'rbfsvm' has not been set explicitly, hence returning None.
2025-08-05 03:27:22,845:INFO:Soft dependency imported: xgboost: 3.0.3
2025-08-05 03:27:22,846:INFO:Soft dependency imported: catboost: 1.2.8
2025-08-05 03:27:22,863:INFO:Engine for model 'rbfsvm' has not been set explicitly, hence returning None.
2025-08-05 03:27:22,872:INFO:Soft dependency imported: xgboost: 3.0.3
2025-08-05 03:27:22,873:INFO:Soft dependency imported: catboost: 1.2.8
2025-08-05 03:27:22,873:INFO:Engine successfully changes for model 'rbfsvm' to 'sklearn'.
2025-08-05 03:27:22,897:INFO:Soft dependency imported: xgboost: 3.0.3
2025-08-05 03:27:22,898:INFO:Soft dependency imported: catboost: 1.2.8
2025-08-05 03:27:22,922:INFO:Soft dependency imported: xgboost: 3.0.3
2025-08-05 03:27:22,923:INFO:Soft dependency imported: catboost: 1.2.8
2025-08-05 03:27:22,924:INFO:Preparing preprocessing pipeline...
2025-08-05 03:27:22,925:INFO:Set up simple imputation.
2025-08-05 03:27:22,931:INFO:Finished creating preprocessing pipeline.
2025-08-05 03:27:22,932:INFO:Pipeline: Pipeline(memory=FastMemory(location=/tmp/joblib),
         steps=[('numerical_imputer',
                 TransformerWrapper(exclude=None,
                                    include=['having_IP_Address', 'URL_Length',
                                             'Shortining_Service',
                                             'having_At_Symbol',
                                             'double_slash_redirecting',
                                             'Prefix_Suffix',
                                             'having_Sub_Domain',
                                             'SSLfinal_State', 'URL_of_Anchor',
                                             'Links_in_tags', 'SFH',
                                             'Abnormal_URL'],
                                    transformer=SimpleImputer(add_indicator=False,
                                                              copy=True,
                                                              fill_value=None,
                                                              keep_empty_features=False,
                                                              missing_values=nan,
                                                              strategy='mean'))),
                ('categorical_imputer',
                 TransformerWrapper(exclude=None, include=[],
                                    transformer=SimpleImputer(add_indicator=False,
                                                              copy=True,
                                                              fill_value=None,
                                                              keep_empty_features=False,
                                                              missing_values=nan,
                                                              strategy='most_frequent')))],
         verbose=False)
2025-08-05 03:27:22,932:INFO:Creating final display dataframe.
2025-08-05 03:27:22,951:INFO:Setup _display_container:                     Description             Value
0                    Session id                42
1                        Target             label
2                   Target type            Binary
3           Original data shape         (500, 13)
4        Transformed data shape         (500, 13)
5   Transformed train set shape         (350, 13)
6    Transformed test set shape         (150, 13)
7              Numeric features                12
8                    Preprocess              True
9               Imputation type            simple
10           Numeric imputation              mean
11       Categorical imputation              mode
12               Fold Generator   StratifiedKFold
13                  Fold Number                10
14                     CPU Jobs                -1
15                      Use GPU             False
16               Log Experiment             False
17              Experiment Name  clf-default-name
18                          USI              8bf9
2025-08-05 03:27:22,976:INFO:Soft dependency imported: xgboost: 3.0.3
2025-08-05 03:27:22,977:INFO:Soft dependency imported: catboost: 1.2.8
2025-08-05 03:27:23,001:INFO:Soft dependency imported: xgboost: 3.0.3
2025-08-05 03:27:23,002:INFO:Soft dependency imported: catboost: 1.2.8
2025-08-05 03:27:23,002:INFO:setup() successfully completed in 1.54s...............
2025-08-05 03:27:23,002:INFO:Initializing compare_models()
2025-08-05 03:27:23,003:INFO:compare_models(self=<pycaret.classification.oop.ClassificationExperiment object at 0xffff743fb350>, include=['lr', 'knn', 'rf', 'et', 'lightgbm'], exclude=None, fold=None, round=4, cross_validation=True, sort=Accuracy, n_select=1, budget_time=None, turbo=True, errors=ignore, fit_kwargs=None, groups=None, experiment_custom_tags=None, probability_threshold=None, verbose=True, parallel=None, caller_params={'self': <pycaret.classification.oop.ClassificationExperiment object at 0xffff743fb350>, 'include': ['lr', 'knn', 'rf', 'et', 'lightgbm'], 'exclude': None, 'fold': None, 'round': 4, 'cross_validation': True, 'sort': 'Accuracy', 'n_select': 1, 'budget_time': None, 'turbo': True, 'errors': 'ignore', 'fit_kwargs': None, 'groups': None, 'experiment_custom_tags': None, 'probability_threshold': None, 'engine': None, 'verbose': True, 'parallel': None, '__class__': <class 'pycaret.classification.oop.ClassificationExperiment'>})
2025-08-05 03:27:23,003:INFO:Checking exceptions
2025-08-05 03:27:23,004:INFO:Preparing display monitor
2025-08-05 03:27:23,005:INFO:Initializing Logistic Regression
2025-08-05 03:27:23,005:INFO:Total runtime is 1.152356465657552e-06 minutes
2025-08-05 03:27:23,005:INFO:SubProcess create_model() called ==================================
2025-08-05 03:27:23,005:INFO:Initializing create_model()
2025-08-05 03:27:23,005:INFO:create_model(self=<pycaret.classification.oop.ClassificationExperiment object at 0xffff743fb350>, estimator=lr, fold=StratifiedKFold(n_splits=10, random_state=None, shuffle=False), round=4, cross_validation=True, predict=True, fit_kwargs={}, groups=None, refit=False, probability_threshold=None, experiment_custom_tags=None, verbose=False, system=False, add_to_model_list=True, metrics=None, display=<pycaret.internal.display.display.CommonDisplay object at 0xffff1765a910>, model_only=True, return_train_score=False, error_score=0.0, kwargs={})
2025-08-05 03:27:23,005:INFO:Checking exceptions
2025-08-05 03:27:23,005:INFO:Importing libraries
2025-08-05 03:27:23,005:INFO:Copying training dataset
2025-08-05 03:27:23,006:INFO:Defining folds
2025-08-05 03:27:23,007:INFO:Declaring metric variables
2025-08-05 03:27:23,007:INFO:Importing untrained model
2025-08-05 03:27:23,007:INFO:Logistic Regression Imported successfully
2025-08-05 03:27:23,007:INFO:Starting cross validation
2025-08-05 03:27:23,007:INFO:Cross validating with StratifiedKFold(n_splits=10, random_state=None, shuffle=False), n_jobs=-1
2025-08-05 03:27:24,058:INFO:Calculating mean and std
2025-08-05 03:27:24,059:INFO:Creating metrics dataframe
2025-08-05 03:27:24,061:INFO:Uploading results into container
2025-08-05 03:27:24,061:INFO:Uploading model into container now
2025-08-05 03:27:24,062:INFO:_master_model_container: 1
2025-08-05 03:27:24,062:INFO:_display_container: 2
2025-08-05 03:27:24,062:INFO:LogisticRegression(C=1.0, class_weight=None, dual=False, fit_intercept=True,
                   intercept_scaling=1, l1_ratio=None, max_iter=1000,
                   multi_class='auto', n_jobs=None, penalty='l2',
                   random_state=42, solver='lbfgs', tol=0.0001, verbose=0,
                   warm_start=False)
2025-08-05 03:27:24,062:INFO:create_model() successfully completed......................................
2025-08-05 03:27:24,165:INFO:SubProcess create_model() end ==================================
2025-08-05 03:27:24,165:INFO:Creating metrics dataframe
2025-08-05 03:27:24,166:INFO:Initializing K Neighbors Classifier
2025-08-05 03:27:24,166:INFO:Total runtime is 0.019356656074523925 minutes
2025-08-05 03:27:24,166:INFO:SubProcess create_model() called ==================================
2025-08-05 03:27:24,166:INFO:Initializing create_model()
2025-08-05 03:27:24,167:INFO:create_model(self=<pycaret.classification.oop.ClassificationExperiment object at 0xffff743fb350>, estimator=knn, fold=StratifiedKFold(n_splits=10, random_state=None, shuffle=False), round=4, cross_validation=True, predict=True, fit_kwargs={}, groups=None, refit=False, probability_threshold=None, experiment_custom_tags=None, verbose=False, system=False, add_to_model_list=True, metrics=None, display=<pycaret.internal.display.display.CommonDisplay object at 0xffff1765a910>, model_only=True, return_train_score=False, error_score=0.0, kwargs={})
2025-08-05 03:27:24,167:INFO:Checking exceptions
2025-08-05 03:27:24,167:INFO:Importing libraries
2025-08-05 03:27:24,167:INFO:Copying training dataset
2025-08-05 03:27:24,168:INFO:Defining folds
2025-08-05 03:27:24,168:INFO:Declaring metric variables
2025-08-05 03:27:24,169:INFO:Importing untrained model
2025-08-05 03:27:24,169:INFO:K Neighbors Classifier Imported successfully
2025-08-05 03:27:24,169:INFO:Starting cross validation
2025-08-05 03:27:24,169:INFO:Cross validating with StratifiedKFold(n_splits=10, random_state=None, shuffle=False), n_jobs=-1
2025-08-05 03:27:25,051:INFO:Calculating mean and std
2025-08-05 03:27:25,051:INFO:Creating metrics dataframe
2025-08-05 03:27:25,052:INFO:Uploading results into container
2025-08-05 03:27:25,053:INFO:Uploading model into container now
2025-08-05 03:27:25,053:INFO:_master_model_container: 2
2025-08-05 03:27:25,053:INFO:_display_container: 2
2025-08-05 03:27:25,053:INFO:KNeighborsClassifier(algorithm='auto', leaf_size=30, metric='minkowski',
                     metric_params=None, n_jobs=-1, n_neighbors=5, p=2,
                     weights='uniform')
2025-08-05 03:27:25,053:INFO:create_model() successfully completed......................................
2025-08-05 03:27:25,140:INFO:SubProcess create_model() end ==================================
2025-08-05 03:27:25,140:INFO:Creating metrics dataframe
2025-08-05 03:27:25,142:INFO:Initializing Random Forest Classifier
2025-08-05 03:27:25,142:INFO:Total runtime is 0.0356242577234904 minutes
2025-08-05 03:27:25,142:INFO:SubProcess create_model() called ==================================
2025-08-05 03:27:25,142:INFO:Initializing create_model()
2025-08-05 03:27:25,143:INFO:create_model(self=<pycaret.classification.oop.ClassificationExperiment object at 0xffff743fb350>, estimator=rf, fold=StratifiedKFold(n_splits=10, random_state=None, shuffle=False), round=4, cross_validation=True, predict=True, fit_kwargs={}, groups=None, refit=False, probability_threshold=None, experiment_custom_tags=None, verbose=False, system=False, add_to_model_list=True, metrics=None, display=<pycaret.internal.display.display.CommonDisplay object at 0xffff1765a910>, model_only=True, return_train_score=False, error_score=0.0, kwargs={})
2025-08-05 03:27:25,143:INFO:Checking exceptions
2025-08-05 03:27:25,143:INFO:Importing libraries
2025-08-05 03:27:25,143:INFO:Copying training dataset
2025-08-05 03:27:25,144:INFO:Defining folds
2025-08-05 03:27:25,144:INFO:Declaring metric variables
2025-08-05 03:27:25,144:INFO:Importing untrained model
2025-08-05 03:27:25,144:INFO:Random Forest Classifier Imported successfully
2025-08-05 03:27:25,144:INFO:Starting cross validation
2025-08-05 03:27:25,145:INFO:Cross validating with StratifiedKFold(n_splits=10, random_state=None, shuffle=False), n_jobs=-1
2025-08-05 03:27:25,326:INFO:Calculating mean and std
2025-08-05 03:27:25,326:INFO:Creating metrics dataframe
2025-08-05 03:27:25,327:INFO:Uploading results into container
2025-08-05 03:27:25,327:INFO:Uploading model into container now
2025-08-05 03:27:25,328:INFO:_master_model_container: 3
2025-08-05 03:27:25,328:INFO:_display_container: 2
2025-08-05 03:27:25,328:INFO:RandomForestClassifier(bootstrap=True, ccp_alpha=0.0, class_weight=None,
                       criterion='gini', max_depth=None, max_features='sqrt',
                       max_leaf_nodes=None, max_samples=None,
                       min_impurity_decrease=0.0, min_samples_leaf=1,
                       min_samples_split=2, min_weight_fraction_leaf=0.0,
                       monotonic_cst=None, n_estimators=100, n_jobs=-1,
                       oob_score=False, random_state=42, verbose=0,
                       warm_start=False)
2025-08-05 03:27:25,328:INFO:create_model() successfully completed......................................
2025-08-05 03:27:25,396:INFO:SubProcess create_model() end ==================================
2025-08-05 03:27:25,396:INFO:Creating metrics dataframe
2025-08-05 03:27:25,397:INFO:Initializing Extra Trees Classifier
2025-08-05 03:27:25,397:INFO:Total runtime is 0.039877291520436606 minutes
2025-08-05 03:27:25,398:INFO:SubProcess create_model() called ==================================
2025-08-05 03:27:25,398:INFO:Initializing create_model()
2025-08-05 03:27:25,398:INFO:create_model(self=<pycaret.classification.oop.ClassificationExperiment object at 0xffff743fb350>, estimator=et, fold=StratifiedKFold(n_splits=10, random_state=None, shuffle=False), round=4, cross_validation=True, predict=True, fit_kwargs={}, groups=None, refit=False, probability_threshold=None, experiment_custom_tags=None, verbose=False, system=False, add_to_model_list=True, metrics=None, display=<pycaret.internal.display.display.CommonDisplay object at 0xffff1765a910>, model_only=True, return_train_score=False, error_score=0.0, kwargs={})
2025-08-05 03:27:25,398:INFO:Checking exceptions
2025-08-05 03:27:25,398:INFO:Importing libraries
2025-08-05 03:27:25,398:INFO:Copying training dataset
2025-08-05 03:27:25,399:INFO:Defining folds
2025-08-05 03:27:25,399:INFO:Declaring metric variables
2025-08-05 03:27:25,399:INFO:Importing untrained model
2025-08-05 03:27:25,400:INFO:Extra Trees Classifier Imported successfully
2025-08-05 03:27:25,400:INFO:Starting cross validation
2025-08-05 03:27:25,400:INFO:Cross validating with StratifiedKFold(n_splits=10, random_state=None, shuffle=False), n_jobs=-1
2025-08-05 03:27:25,548:INFO:Calculating mean and std
2025-08-05 03:27:25,548:INFO:Creating metrics dataframe
2025-08-05 03:27:25,549:INFO:Uploading results into container
2025-08-05 03:27:25,549:INFO:Uploading model into container now
2025-08-05 03:27:25,550:INFO:_master_model_container: 4
2025-08-05 03:27:25,550:INFO:_display_container: 2
2025-08-05 03:27:25,550:INFO:ExtraTreesClassifier(bootstrap=False, ccp_alpha=0.0, class_weight=None,
                     criterion='gini', max_depth=None, max_features='sqrt',
                     max_leaf_nodes=None, max_samples=None,
                     min_impurity_decrease=0.0, min_samples_leaf=1,
                     min_samples_split=2, min_weight_fraction_leaf=0.0,
                     monotonic_cst=None, n_estimators=100, n_jobs=-1,
                     oob_score=False, random_state=42, verbose=0,
                     warm_start=False)
2025-08-05 03:27:25,550:INFO:create_model() successfully completed......................................
2025-08-05 03:27:25,621:INFO:SubProcess create_model() end ==================================
2025-08-05 03:27:25,621:INFO:Creating metrics dataframe
2025-08-05 03:27:25,622:INFO:Initializing Light Gradient Boosting Machine
2025-08-05 03:27:25,622:INFO:Total runtime is 0.043624055385589604 minutes
2025-08-05 03:27:25,622:INFO:SubProcess create_model() called ==================================
2025-08-05 03:27:25,622:INFO:Initializing create_model()
2025-08-05 03:27:25,623:INFO:create_model(self=<pycaret.classification.oop.ClassificationExperiment object at 0xffff743fb350>, estimator=lightgbm, fold=StratifiedKFold(n_splits=10, random_state=None, shuffle=False), round=4, cross_validation=True, predict=True, fit_kwargs={}, groups=None, refit=False, probability_threshold=None, experiment_custom_tags=None, verbose=False, system=False, add_to_model_list=True, metrics=None, display=<pycaret.internal.display.display.CommonDisplay object at 0xffff1765a910>, model_only=True, return_train_score=False, error_score=0.0, kwargs={})
2025-08-05 03:27:25,623:INFO:Checking exceptions
2025-08-05 03:27:25,623:INFO:Importing libraries
2025-08-05 03:27:25,623:INFO:Copying training dataset
2025-08-05 03:27:25,624:INFO:Defining folds
2025-08-05 03:27:25,624:INFO:Declaring metric variables
2025-08-05 03:27:25,624:INFO:Importing untrained model
2025-08-05 03:27:25,625:INFO:Light Gradient Boosting Machine Imported successfully
2025-08-05 03:27:25,625:INFO:Starting cross validation
2025-08-05 03:27:25,625:INFO:Cross validating with StratifiedKFold(n_splits=10, random_state=None, shuffle=False), n_jobs=-1
2025-08-05 03:27:38,590:INFO:Calculating mean and std
2025-08-05 03:27:38,591:INFO:Creating metrics dataframe
2025-08-05 03:27:38,591:INFO:Uploading results into container
2025-08-05 03:27:38,592:INFO:Uploading model into container now
2025-08-05 03:27:38,592:INFO:_master_model_container: 5
2025-08-05 03:27:38,592:INFO:_display_container: 2
2025-08-05 03:27:38,592:INFO:LGBMClassifier(boosting_type='gbdt', class_weight=None, colsample_bytree=1.0,
               importance_type='split', learning_rate=0.1, max_depth=-1,
               min_child_samples=20, min_child_weight=0.001, min_split_gain=0.0,
               n_estimators=100, n_jobs=-1, num_leaves=31, objective=None,
               random_state=42, reg_alpha=0.0, reg_lambda=0.0, subsample=1.0,
               subsample_for_bin=200000, subsample_freq=0)
2025-08-05 03:27:38,593:INFO:create_model() successfully completed......................................
2025-08-05 03:27:38,663:INFO:SubProcess create_model() end ==================================
2025-08-05 03:27:38,664:INFO:Creating metrics dataframe
2025-08-05 03:27:38,665:WARNING:/usr/local/lib/python3.11/site-packages/pycaret/internal/pycaret_experiment/supervised_experiment.py:339: FutureWarning: Styler.applymap has been deprecated. Use Styler.map instead.

2025-08-05 03:27:38,666:INFO:Initializing create_model()
2025-08-05 03:27:38,666:INFO:create_model(self=<pycaret.classification.oop.ClassificationExperiment object at 0xffff743fb350>, estimator=KNeighborsClassifier(algorithm='auto', leaf_size=30, metric='minkowski',
                     metric_params=None, n_jobs=-1, n_neighbors=5, p=2,
                     weights='uniform'), fold=StratifiedKFold(n_splits=10, random_state=None, shuffle=False), round=4, cross_validation=False, predict=False, fit_kwargs={}, groups=None, refit=True, probability_threshold=None, experiment_custom_tags=None, verbose=False, system=False, add_to_model_list=True, metrics=None, display=None, model_only=True, return_train_score=False, error_score=0.0, kwargs={})
2025-08-05 03:27:38,666:INFO:Checking exceptions
2025-08-05 03:27:38,666:INFO:Importing libraries
2025-08-05 03:27:38,666:INFO:Copying training dataset
2025-08-05 03:27:38,668:INFO:Defining folds
2025-08-05 03:27:38,668:INFO:Declaring metric variables
2025-08-05 03:27:38,668:INFO:Importing untrained model
2025-08-05 03:27:38,668:INFO:Declaring custom model
2025-08-05 03:27:38,668:INFO:K Neighbors Classifier Imported successfully
2025-08-05 03:27:38,668:INFO:Cross validation set to False
2025-08-05 03:27:38,668:INFO:Fitting Model
2025-08-05 03:27:38,672:INFO:KNeighborsClassifier(algorithm='auto', leaf_size=30, metric='minkowski',
                     metric_params=None, n_jobs=-1, n_neighbors=5, p=2,
                     weights='uniform')
2025-08-05 03:27:38,672:INFO:create_model() successfully completed......................................
2025-08-05 03:27:38,737:INFO:_master_model_container: 5
2025-08-05 03:27:38,737:INFO:_display_container: 2
2025-08-05 03:27:38,738:INFO:KNeighborsClassifier(algorithm='auto', leaf_size=30, metric='minkowski',
                     metric_params=None, n_jobs=-1, n_neighbors=5, p=2,
                     weights='uniform')
2025-08-05 03:27:38,738:INFO:compare_models() successfully completed......................................
2025-08-05 03:27:38,738:INFO:Initializing finalize_model()
2025-08-05 03:27:38,738:INFO:finalize_model(self=<pycaret.classification.oop.ClassificationExperiment object at 0xffff743fb350>, estimator=KNeighborsClassifier(algorithm='auto', leaf_size=30, metric='minkowski',
                     metric_params=None, n_jobs=-1, n_neighbors=5, p=2,
                     weights='uniform'), fit_kwargs=None, groups=None, model_only=False, experiment_custom_tags=None)
2025-08-05 03:27:38,738:INFO:Finalizing KNeighborsClassifier(algorithm='auto', leaf_size=30, metric='minkowski',
                     metric_params=None, n_jobs=-1, n_neighbors=5, p=2,
                     weights='uniform')
2025-08-05 03:27:38,739:INFO:Initializing create_model()
2025-08-05 03:27:38,739:INFO:create_model(self=<pycaret.classification.oop.ClassificationExperiment object at 0xffff743fb350>, estimator=KNeighborsClassifier(algorithm='auto', leaf_size=30, metric='minkowski',
                     metric_params=None, n_jobs=-1, n_neighbors=5, p=2,
                     weights='uniform'), fold=None, round=4, cross_validation=False, predict=False, fit_kwargs={}, groups=None, refit=True, probability_threshold=None, experiment_custom_tags=None, verbose=False, system=False, add_to_model_list=False, metrics=None, display=None, model_only=False, return_train_score=False, error_score=0.0, kwargs={})
2025-08-05 03:27:38,739:INFO:Checking exceptions
2025-08-05 03:27:38,740:INFO:Importing libraries
2025-08-05 03:27:38,740:INFO:Copying training dataset
2025-08-05 03:27:38,740:INFO:Defining folds
2025-08-05 03:27:38,740:INFO:Declaring metric variables
2025-08-05 03:27:38,740:INFO:Importing untrained model
2025-08-05 03:27:38,740:INFO:Declaring custom model
2025-08-05 03:27:38,740:INFO:K Neighbors Classifier Imported successfully
2025-08-05 03:27:38,741:INFO:Cross validation set to False
2025-08-05 03:27:38,741:INFO:Fitting Model
2025-08-05 03:27:38,744:INFO:Pipeline(memory=Memory(location=None),
         steps=[('numerical_imputer',
                 TransformerWrapper(exclude=None,
                                    include=['having_IP_Address', 'URL_Length',
                                             'Shortining_Service',
                                             'having_At_Symbol',
                                             'double_slash_redirecting',
                                             'Prefix_Suffix',
                                             'having_Sub_Domain',
                                             'SSLfinal_State', 'URL_of_Anchor',
                                             'Links_in_tags', 'SFH',
                                             'Abnormal_URL'],
                                    transformer=SimpleImputer(add_indica...
                 TransformerWrapper(exclude=None, include=[],
                                    transformer=SimpleImputer(add_indicator=False,
                                                              copy=True,
                                                              fill_value=None,
                                                              keep_empty_features=False,
                                                              missing_values=nan,
                                                              strategy='most_frequent'))),
                ('actual_estimator',
                 KNeighborsClassifier(algorithm='auto', leaf_size=30,
                                      metric='minkowski', metric_params=None,
                                      n_jobs=-1, n_neighbors=5, p=2,
                                      weights='uniform'))],
         verbose=False)
2025-08-05 03:27:38,745:INFO:create_model() successfully completed......................................
2025-08-05 03:27:38,805:INFO:_master_model_container: 5
2025-08-05 03:27:38,805:INFO:_display_container: 2
2025-08-05 03:27:38,806:INFO:Pipeline(memory=Memory(location=None),
         steps=[('numerical_imputer',
                 TransformerWrapper(exclude=None,
                                    include=['having_IP_Address', 'URL_Length',
                                             'Shortining_Service',
                                             'having_At_Symbol',
                                             'double_slash_redirecting',
                                             'Prefix_Suffix',
                                             'having_Sub_Domain',
                                             'SSLfinal_State', 'URL_of_Anchor',
                                             'Links_in_tags', 'SFH',
                                             'Abnormal_URL'],
                                    transformer=SimpleImputer(add_indica...
                 TransformerWrapper(exclude=None, include=[],
                                    transformer=SimpleImputer(add_indicator=False,
                                                              copy=True,
                                                              fill_value=None,
                                                              keep_empty_features=False,
                                                              missing_values=nan,
                                                              strategy='most_frequent'))),
                ('actual_estimator',
                 KNeighborsClassifier(algorithm='auto', leaf_size=30,
                                      metric='minkowski', metric_params=None,
                                      n_jobs=-1, n_neighbors=5, p=2,
                                      weights='uniform'))],
         verbose=False)
2025-08-05 03:27:38,806:INFO:finalize_model() successfully completed......................................
2025-08-05 03:27:38,867:INFO:Initializing save_model()
2025-08-05 03:27:38,867:INFO:save_model(model=Pipeline(memory=Memory(location=None),
         steps=[('numerical_imputer',
                 TransformerWrapper(exclude=None,
                                    include=['having_IP_Address', 'URL_Length',
                                             'Shortining_Service',
                                             'having_At_Symbol',
                                             'double_slash_redirecting',
                                             'Prefix_Suffix',
                                             'having_Sub_Domain',
                                             'SSLfinal_State', 'URL_of_Anchor',
                                             'Links_in_tags', 'SFH',
                                             'Abnormal_URL'],
                                    transformer=SimpleImputer(add_indica...
                 TransformerWrapper(exclude=None, include=[],
                                    transformer=SimpleImputer(add_indicator=False,
                                                              copy=True,
                                                              fill_value=None,
                                                              keep_empty_features=False,
                                                              missing_values=nan,
                                                              strategy='most_frequent'))),
                ('actual_estimator',
                 KNeighborsClassifier(algorithm='auto', leaf_size=30,
                                      metric='minkowski', metric_params=None,
                                      n_jobs=-1, n_neighbors=5, p=2,
                                      weights='uniform'))],
         verbose=False), model_name=models/phishing_url_detector, prep_pipe_=Pipeline(memory=FastMemory(location=/tmp/joblib),
         steps=[('numerical_imputer',
                 TransformerWrapper(exclude=None,
                                    include=['having_IP_Address', 'URL_Length',
                                             'Shortining_Service',
                                             'having_At_Symbol',
                                             'double_slash_redirecting',
                                             'Prefix_Suffix',
                                             'having_Sub_Domain',
                                             'SSLfinal_State', 'URL_of_Anchor',
                                             'Links_in_tags', 'SFH',
                                             'Abnormal_URL'],
                                    transformer=SimpleImputer(add_indicator=False,
                                                              copy=True,
                                                              fill_value=None,
                                                              keep_empty_features=False,
                                                              missing_values=nan,
                                                              strategy='mean'))),
                ('categorical_imputer',
                 TransformerWrapper(exclude=None, include=[],
                                    transformer=SimpleImputer(add_indicator=False,
                                                              copy=True,
                                                              fill_value=None,
                                                              keep_empty_features=False,
                                                              missing_values=nan,
                                                              strategy='most_frequent')))],
         verbose=False), verbose=True, use_case=MLUsecase.CLASSIFICATION, kwargs={})
2025-08-05 03:27:38,867:INFO:Adding model into prep_pipe
2025-08-05 03:27:38,867:WARNING:Only Model saved as it was a pipeline.
2025-08-05 03:27:38,870:INFO:models/phishing_url_detector.pkl saved in current working directory
2025-08-05 03:27:38,871:INFO:Pipeline(memory=Memory(location=None),
         steps=[('numerical_imputer',
                 TransformerWrapper(exclude=None,
                                    include=['having_IP_Address', 'URL_Length',
                                             'Shortining_Service',
                                             'having_At_Symbol',
                                             'double_slash_redirecting',
                                             'Prefix_Suffix',
                                             'having_Sub_Domain',
                                             'SSLfinal_State', 'URL_of_Anchor',
                                             'Links_in_tags', 'SFH',
                                             'Abnormal_URL'],
                                    transformer=SimpleImputer(add_indica...
                 TransformerWrapper(exclude=None, include=[],
                                    transformer=SimpleImputer(add_indicator=False,
                                                              copy=True,
                                                              fill_value=None,
                                                              keep_empty_features=False,
                                                              missing_values=nan,
                                                              strategy='most_frequent'))),
                ('actual_estimator',
                 KNeighborsClassifier(algorithm='auto', leaf_size=30,
                                      metric='minkowski', metric_params=None,
                                      n_jobs=-1, n_neighbors=5, p=2,
                                      weights='uniform'))],
         verbose=False)
2025-08-05 03:27:38,871:INFO:save_model() successfully completed......................................
2025-08-05 03:27:48,039:WARNING:
'cuml' is a soft dependency and not included in the pycaret installation. Please run: `pip install cuml` to install.
2025-08-05 03:27:48,039:WARNING:
'cuml' is a soft dependency and not included in the pycaret installation. Please run: `pip install cuml` to install.
2025-08-05 03:27:48,039:WARNING:
'cuml' is a soft dependency and not included in the pycaret installation. Please run: `pip install cuml` to install.
2025-08-05 03:27:48,039:WARNING:
'cuml' is a soft dependency and not included in the pycaret installation. Please run: `pip install cuml` to install.
2025-08-05 03:27:48,820:INFO:Initializing load_model()
2025-08-05 03:27:48,821:INFO:load_model(model_name=models/phishing_url_detector, platform=None, authentication=None, verbose=True)
2025-08-05 03:29:39,713:INFO:Initializing predict_model()
2025-08-05 03:29:39,713:INFO:predict_model(self=<pycaret.classification.oop.ClassificationExperiment object at 0xffff288edd50>, estimator=Pipeline(memory=Memory(location=None),
         steps=[('numerical_imputer',
                 TransformerWrapper(include=['having_IP_Address', 'URL_Length',
                                             'Shortining_Service',
                                             'having_At_Symbol',
                                             'double_slash_redirecting',
                                             'Prefix_Suffix',
                                             'having_Sub_Domain',
                                             'SSLfinal_State', 'URL_of_Anchor',
                                             'Links_in_tags', 'SFH',
                                             'Abnormal_URL'],
                                    transformer=SimpleImputer())),
                ('categorical_imputer',
                 TransformerWrapper(include=[],
                                    transformer=SimpleImputer(strategy='most_frequent'))),
                ('actual_estimator', KNeighborsClassifier(n_jobs=-1))]), probability_threshold=None, encoded_labels=False, raw_score=False, round=4, verbose=True, ml_usecase=None, preprocess=True, encode_labels=<function _SupervisedExperiment.predict_model.<locals>.encode_labels at 0xffff9f4f2840>)
2025-08-05 03:29:39,713:INFO:Checking exceptions
2025-08-05 03:29:39,714:INFO:Preloading libraries
2025-08-05 03:29:39,714:INFO:Set up data.
2025-08-05 03:29:39,715:INFO:Set up index.
2025-08-05 03:29:53,779:INFO:Initializing predict_model()
2025-08-05 03:29:53,779:INFO:predict_model(self=<pycaret.classification.oop.ClassificationExperiment object at 0xffff288c45d0>, estimator=Pipeline(memory=Memory(location=None),
         steps=[('numerical_imputer',
                 TransformerWrapper(include=['having_IP_Address', 'URL_Length',
                                             'Shortining_Service',
                                             'having_At_Symbol',
                                             'double_slash_redirecting',
                                             'Prefix_Suffix',
                                             'having_Sub_Domain',
                                             'SSLfinal_State', 'URL_of_Anchor',
                                             'Links_in_tags', 'SFH',
                                             'Abnormal_URL'],
                                    transformer=SimpleImputer())),
                ('categorical_imputer',
                 TransformerWrapper(include=[],
                                    transformer=SimpleImputer(strategy='most_frequent'))),
                ('actual_estimator', KNeighborsClassifier(n_jobs=-1))]), probability_threshold=None, encoded_labels=False, raw_score=False, round=4, verbose=True, ml_usecase=None, preprocess=True, encode_labels=<function _SupervisedExperiment.predict_model.<locals>.encode_labels at 0xffff287e2840>)
2025-08-05 03:29:53,779:INFO:Checking exceptions
2025-08-05 03:29:53,780:INFO:Preloading libraries
2025-08-05 03:29:53,780:INFO:Set up data.
2025-08-05 03:29:53,781:INFO:Set up index.
2025-08-05 03:30:07,544:INFO:Initializing predict_model()
2025-08-05 03:30:07,544:INFO:predict_model(self=<pycaret.classification.oop.ClassificationExperiment object at 0xffff288ed610>, estimator=Pipeline(memory=Memory(location=None),
         steps=[('numerical_imputer',
                 TransformerWrapper(include=['having_IP_Address', 'URL_Length',
                                             'Shortining_Service',
                                             'having_At_Symbol',
                                             'double_slash_redirecting',
                                             'Prefix_Suffix',
                                             'having_Sub_Domain',
                                             'SSLfinal_State', 'URL_of_Anchor',
                                             'Links_in_tags', 'SFH',
                                             'Abnormal_URL'],
                                    transformer=SimpleImputer())),
                ('categorical_imputer',
                 TransformerWrapper(include=[],
                                    transformer=SimpleImputer(strategy='most_frequent'))),
                ('actual_estimator', KNeighborsClassifier(n_jobs=-1))]), probability_threshold=None, encoded_labels=False, raw_score=False, round=4, verbose=True, ml_usecase=None, preprocess=True, encode_labels=<function _SupervisedExperiment.predict_model.<locals>.encode_labels at 0xffff3a6bee80>)
2025-08-05 03:30:07,545:INFO:Checking exceptions
2025-08-05 03:30:07,545:INFO:Preloading libraries
2025-08-05 03:30:07,545:INFO:Set up data.
2025-08-05 03:30:07,547:INFO:Set up index.
2025-08-05 03:30:12,646:INFO:Initializing predict_model()
2025-08-05 03:30:12,646:INFO:predict_model(self=<pycaret.classification.oop.ClassificationExperiment object at 0xffff288c7950>, estimator=Pipeline(memory=Memory(location=None),
         steps=[('numerical_imputer',
                 TransformerWrapper(include=['having_IP_Address', 'URL_Length',
                                             'Shortining_Service',
                                             'having_At_Symbol',
                                             'double_slash_redirecting',
                                             'Prefix_Suffix',
                                             'having_Sub_Domain',
                                             'SSLfinal_State', 'URL_of_Anchor',
                                             'Links_in_tags', 'SFH',
                                             'Abnormal_URL'],
                                    transformer=SimpleImputer())),
                ('categorical_imputer',
                 TransformerWrapper(include=[],
                                    transformer=SimpleImputer(strategy='most_frequent'))),
                ('actual_estimator', KNeighborsClassifier(n_jobs=-1))]), probability_threshold=None, encoded_labels=False, raw_score=False, round=4, verbose=True, ml_usecase=None, preprocess=True, encode_labels=<function _SupervisedExperiment.predict_model.<locals>.encode_labels at 0xffff287e19e0>)
2025-08-05 03:30:12,646:INFO:Checking exceptions
2025-08-05 03:30:12,646:INFO:Preloading libraries
2025-08-05 03:30:12,647:INFO:Set up data.
2025-08-05 03:30:12,648:INFO:Set up index.
2025-08-05 03:36:53,277:WARNING:
'cuml' is a soft dependency and not included in the pycaret installation. Please run: `pip install cuml` to install.
2025-08-05 03:36:53,277:WARNING:
'cuml' is a soft dependency and not included in the pycaret installation. Please run: `pip install cuml` to install.
2025-08-05 03:36:53,277:WARNING:
'cuml' is a soft dependency and not included in the pycaret installation. Please run: `pip install cuml` to install.
2025-08-05 03:36:53,277:WARNING:
'cuml' is a soft dependency and not included in the pycaret installation. Please run: `pip install cuml` to install.
2025-08-05 03:36:53,779:INFO:PyCaret ClassificationExperiment
2025-08-05 03:36:53,779:INFO:Logging name: clf-default-name
2025-08-05 03:36:53,779:INFO:ML Usecase: MLUsecase.CLASSIFICATION
2025-08-05 03:36:53,779:INFO:version 3.3.2
2025-08-05 03:36:53,779:INFO:Initializing setup()
2025-08-05 03:36:53,779:INFO:self.USI: 5db2
2025-08-05 03:36:53,779:INFO:self._variable_keys: {'y_train', 'USI', 'idx', 'html_param', 'logging_param', 'fold_generator', 'X_test', 'X', 'fold_shuffle_param', 'exp_id', '_ml_usecase', '_available_plots', 'log_plots_param', 'memory', 'fold_groups_param', 'fix_imbalance', 'data', 'y', 'target_param', 'gpu_param', 'n_jobs_param', 'X_train', 'exp_name_log', 'gpu_n_jobs_param', 'pipeline', 'y_test', 'seed', 'is_multiclass'}
2025-08-05 03:36:53,779:INFO:Checking environment
2025-08-05 03:36:53,779:INFO:python_version: 3.11.13
2025-08-05 03:36:53,779:INFO:python_build: ('main', 'Jul 23 2025 18:09:53')
2025-08-05 03:36:53,780:INFO:machine: aarch64
2025-08-05 03:36:53,780:INFO:platform: Linux-6.10.14-linuxkit-aarch64-with-glibc2.36
2025-08-05 03:36:53,780:INFO:Memory: svmem(total=17011818496, available=15925346304, percent=6.4, used=815210496, free=5099491328, active=1219817472, inactive=9473785856, buffers=529547264, cached=10567569408, shared=7172096, slab=1074925568)
2025-08-05 03:36:53,781:INFO:Physical Core: 16
2025-08-05 03:36:53,781:INFO:Logical Core: 16
2025-08-05 03:36:53,781:INFO:Checking libraries
2025-08-05 03:36:53,781:INFO:System:
2025-08-05 03:36:53,781:INFO:    python: 3.11.13 (main, Jul 23 2025, 18:09:53) [GCC 12.2.0]
2025-08-05 03:36:53,781:INFO:executable: /usr/local/bin/python
2025-08-05 03:36:53,781:INFO:   machine: Linux-6.10.14-linuxkit-aarch64-with-glibc2.36
2025-08-05 03:36:53,781:INFO:PyCaret required dependencies:
2025-08-05 03:36:54,036:INFO:                 pip: 24.0
2025-08-05 03:36:54,036:INFO:          setuptools: 80.9.0
2025-08-05 03:36:54,036:INFO:             pycaret: 3.3.2
2025-08-05 03:36:54,037:INFO:             IPython: 9.4.0
2025-08-05 03:36:54,037:INFO:          ipywidgets: 8.1.7
2025-08-05 03:36:54,037:INFO:                tqdm: 4.67.1
2025-08-05 03:36:54,037:INFO:               numpy: 1.26.4
2025-08-05 03:36:54,037:INFO:              pandas: 2.1.4
2025-08-05 03:36:54,037:INFO:              jinja2: 3.1.6
2025-08-05 03:36:54,037:INFO:               scipy: 1.11.4
2025-08-05 03:36:54,037:INFO:              joblib: 1.3.2
2025-08-05 03:36:54,037:INFO:             sklearn: 1.4.2
2025-08-05 03:36:54,037:INFO:                pyod: 2.0.5
2025-08-05 03:36:54,037:INFO:            imblearn: 0.13.0
2025-08-05 03:36:54,037:INFO:   category_encoders: 2.7.0
2025-08-05 03:36:54,037:INFO:            lightgbm: 4.6.0
2025-08-05 03:36:54,037:INFO:               numba: 0.61.0
2025-08-05 03:36:54,037:INFO:            requests: 2.32.4
2025-08-05 03:36:54,037:INFO:          matplotlib: 3.7.5
2025-08-05 03:36:54,037:INFO:          scikitplot: 0.3.7
2025-08-05 03:36:54,038:INFO:         yellowbrick: 1.5
2025-08-05 03:36:54,038:INFO:              plotly: 5.24.1
2025-08-05 03:36:54,038:INFO:    plotly-resampler: Not installed
2025-08-05 03:36:54,038:INFO:             kaleido: 1.0.0
2025-08-05 03:36:54,038:INFO:           schemdraw: 0.15
2025-08-05 03:36:54,038:INFO:         statsmodels: 0.14.5
2025-08-05 03:36:54,038:INFO:              sktime: 0.26.0
2025-08-05 03:36:54,038:INFO:               tbats: 1.1.3
2025-08-05 03:36:54,038:INFO:            pmdarima: 2.0.4
2025-08-05 03:36:54,038:INFO:              psutil: 7.0.0
2025-08-05 03:36:54,038:INFO:          markupsafe: 3.0.2
2025-08-05 03:36:54,038:INFO:             pickle5: Not installed
2025-08-05 03:36:54,038:INFO:         cloudpickle: 3.1.1
2025-08-05 03:36:54,038:INFO:         deprecation: 2.1.0
2025-08-05 03:36:54,038:INFO:              xxhash: 3.5.0
2025-08-05 03:36:54,038:INFO:           wurlitzer: 3.1.1
2025-08-05 03:36:54,038:INFO:PyCaret optional dependencies:
2025-08-05 03:36:55,071:INFO:                shap: 0.44.1
2025-08-05 03:36:55,071:INFO:           interpret: 0.7.1
2025-08-05 03:36:55,071:INFO:                umap: 0.5.7
2025-08-05 03:36:55,071:INFO:     ydata_profiling: 4.16.1
2025-08-05 03:36:55,072:INFO:  explainerdashboard: 0.5.1
2025-08-05 03:36:55,072:INFO:             autoviz: Not installed
2025-08-05 03:36:55,072:INFO:           fairlearn: 0.7.0
2025-08-05 03:36:55,072:INFO:          deepchecks: Not installed
2025-08-05 03:36:55,072:INFO:             xgboost: 3.0.3
2025-08-05 03:36:55,072:INFO:            catboost: 1.2.8
2025-08-05 03:36:55,072:INFO:              kmodes: 0.12.2
2025-08-05 03:36:55,072:INFO:             mlxtend: 0.23.4
2025-08-05 03:36:55,072:INFO:       statsforecast: 1.5.0
2025-08-05 03:36:55,072:INFO:        tune_sklearn: Not installed
2025-08-05 03:36:55,072:INFO:                 ray: Not installed
2025-08-05 03:36:55,072:INFO:            hyperopt: 0.2.7
2025-08-05 03:36:55,072:INFO:              optuna: 4.4.0
2025-08-05 03:36:55,072:INFO:               skopt: 0.10.2
2025-08-05 03:36:55,072:INFO:              mlflow: 3.1.4
2025-08-05 03:36:55,072:INFO:              gradio: 5.40.0
2025-08-05 03:36:55,072:INFO:             fastapi: 0.116.1
2025-08-05 03:36:55,072:INFO:             uvicorn: 0.35.0
2025-08-05 03:36:55,073:INFO:              m2cgen: 0.10.0
2025-08-05 03:36:55,073:INFO:           evidently: 0.4.40
2025-08-05 03:36:55,073:INFO:               fugue: 0.8.7
2025-08-05 03:36:55,073:INFO:           streamlit: 1.47.1
2025-08-05 03:36:55,073:INFO:             prophet: Not installed
2025-08-05 03:36:55,073:INFO:None
2025-08-05 03:36:55,073:INFO:Set up data.
2025-08-05 03:36:55,076:INFO:Set up folding strategy.
2025-08-05 03:36:55,076:INFO:Set up train/test split.
2025-08-05 03:36:55,077:INFO:Set up index.
2025-08-05 03:36:55,077:INFO:Assigning column types.
2025-08-05 03:36:55,079:INFO:Engine successfully changes for model 'lr' to 'sklearn'.
2025-08-05 03:36:55,094:INFO:Engine for model 'knn' has not been set explicitly, hence returning None.
2025-08-05 03:36:55,096:INFO:Engine for model 'rbfsvm' has not been set explicitly, hence returning None.
2025-08-05 03:36:55,108:INFO:Soft dependency imported: xgboost: 3.0.3
2025-08-05 03:36:55,109:INFO:Soft dependency imported: catboost: 1.2.8
2025-08-05 03:36:55,130:INFO:Engine for model 'knn' has not been set explicitly, hence returning None.
2025-08-05 03:36:55,130:INFO:Engine for model 'rbfsvm' has not been set explicitly, hence returning None.
2025-08-05 03:36:55,139:INFO:Soft dependency imported: xgboost: 3.0.3
2025-08-05 03:36:55,140:INFO:Soft dependency imported: catboost: 1.2.8
2025-08-05 03:36:55,140:INFO:Engine successfully changes for model 'knn' to 'sklearn'.
2025-08-05 03:36:55,155:INFO:Engine for model 'rbfsvm' has not been set explicitly, hence returning None.
2025-08-05 03:36:55,164:INFO:Soft dependency imported: xgboost: 3.0.3
2025-08-05 03:36:55,165:INFO:Soft dependency imported: catboost: 1.2.8
2025-08-05 03:36:55,182:INFO:Engine for model 'rbfsvm' has not been set explicitly, hence returning None.
2025-08-05 03:36:55,192:INFO:Soft dependency imported: xgboost: 3.0.3
2025-08-05 03:36:55,193:INFO:Soft dependency imported: catboost: 1.2.8
2025-08-05 03:36:55,194:INFO:Engine successfully changes for model 'rbfsvm' to 'sklearn'.
2025-08-05 03:36:55,219:INFO:Soft dependency imported: xgboost: 3.0.3
2025-08-05 03:36:55,220:INFO:Soft dependency imported: catboost: 1.2.8
2025-08-05 03:36:55,245:INFO:Soft dependency imported: xgboost: 3.0.3
2025-08-05 03:36:55,246:INFO:Soft dependency imported: catboost: 1.2.8
2025-08-05 03:36:55,247:INFO:Preparing preprocessing pipeline...
2025-08-05 03:36:55,248:INFO:Set up simple imputation.
2025-08-05 03:36:55,254:INFO:Finished creating preprocessing pipeline.
2025-08-05 03:36:55,255:INFO:Pipeline: Pipeline(memory=FastMemory(location=/tmp/joblib),
         steps=[('numerical_imputer',
                 TransformerWrapper(exclude=None,
                                    include=['having_IP_Address', 'URL_Length',
                                             'Shortining_Service',
                                             'having_At_Symbol',
                                             'double_slash_redirecting',
                                             'Prefix_Suffix',
                                             'having_Sub_Domain',
                                             'SSLfinal_State', 'URL_of_Anchor',
                                             'Links_in_tags', 'SFH',
                                             'Abnormal_URL'],
                                    transformer=SimpleImputer(add_indicator=False,
                                                              copy=True,
                                                              fill_value=None,
                                                              keep_empty_features=False,
                                                              missing_values=nan,
                                                              strategy='mean'))),
                ('categorical_imputer',
                 TransformerWrapper(exclude=None, include=[],
                                    transformer=SimpleImputer(add_indicator=False,
                                                              copy=True,
                                                              fill_value=None,
                                                              keep_empty_features=False,
                                                              missing_values=nan,
                                                              strategy='most_frequent')))],
         verbose=False)
2025-08-05 03:36:55,255:INFO:Creating final display dataframe.
2025-08-05 03:36:55,274:INFO:Setup _display_container:                     Description             Value
0                    Session id                42
1                        Target             label
2                   Target type            Binary
3           Original data shape         (500, 13)
4        Transformed data shape         (500, 13)
5   Transformed train set shape         (350, 13)
6    Transformed test set shape         (150, 13)
7              Numeric features                12
8                    Preprocess              True
9               Imputation type            simple
10           Numeric imputation              mean
11       Categorical imputation              mode
12               Fold Generator   StratifiedKFold
13                  Fold Number                10
14                     CPU Jobs                -1
15                      Use GPU             False
16               Log Experiment             False
17              Experiment Name  clf-default-name
18                          USI              5db2
2025-08-05 03:36:55,299:INFO:Soft dependency imported: xgboost: 3.0.3
2025-08-05 03:36:55,300:INFO:Soft dependency imported: catboost: 1.2.8
2025-08-05 03:36:55,325:INFO:Soft dependency imported: xgboost: 3.0.3
2025-08-05 03:36:55,326:INFO:Soft dependency imported: catboost: 1.2.8
2025-08-05 03:36:55,326:INFO:setup() successfully completed in 1.55s...............
2025-08-05 03:36:55,326:INFO:Initializing compare_models()
2025-08-05 03:36:55,327:INFO:compare_models(self=<pycaret.classification.oop.ClassificationExperiment object at 0xffff70848610>, include=['lr', 'knn', 'rf', 'et', 'lightgbm'], exclude=None, fold=None, round=4, cross_validation=True, sort=Accuracy, n_select=1, budget_time=None, turbo=True, errors=ignore, fit_kwargs=None, groups=None, experiment_custom_tags=None, probability_threshold=None, verbose=True, parallel=None, caller_params={'self': <pycaret.classification.oop.ClassificationExperiment object at 0xffff70848610>, 'include': ['lr', 'knn', 'rf', 'et', 'lightgbm'], 'exclude': None, 'fold': None, 'round': 4, 'cross_validation': True, 'sort': 'Accuracy', 'n_select': 1, 'budget_time': None, 'turbo': True, 'errors': 'ignore', 'fit_kwargs': None, 'groups': None, 'experiment_custom_tags': None, 'probability_threshold': None, 'engine': None, 'verbose': True, 'parallel': None, '__class__': <class 'pycaret.classification.oop.ClassificationExperiment'>})
2025-08-05 03:36:55,327:INFO:Checking exceptions
2025-08-05 03:36:55,328:INFO:Preparing display monitor
2025-08-05 03:36:55,329:INFO:Initializing Logistic Regression
2025-08-05 03:36:55,329:INFO:Total runtime is 1.3589859008789063e-06 minutes
2025-08-05 03:36:55,330:INFO:SubProcess create_model() called ==================================
2025-08-05 03:36:55,330:INFO:Initializing create_model()
2025-08-05 03:36:55,330:INFO:create_model(self=<pycaret.classification.oop.ClassificationExperiment object at 0xffff70848610>, estimator=lr, fold=StratifiedKFold(n_splits=10, random_state=None, shuffle=False), round=4, cross_validation=True, predict=True, fit_kwargs={}, groups=None, refit=False, probability_threshold=None, experiment_custom_tags=None, verbose=False, system=False, add_to_model_list=True, metrics=None, display=<pycaret.internal.display.display.CommonDisplay object at 0xffff25106350>, model_only=True, return_train_score=False, error_score=0.0, kwargs={})
2025-08-05 03:36:55,330:INFO:Checking exceptions
2025-08-05 03:36:55,330:INFO:Importing libraries
2025-08-05 03:36:55,330:INFO:Copying training dataset
2025-08-05 03:36:55,331:INFO:Defining folds
2025-08-05 03:36:55,331:INFO:Declaring metric variables
2025-08-05 03:36:55,332:INFO:Importing untrained model
2025-08-05 03:36:55,332:INFO:Logistic Regression Imported successfully
2025-08-05 03:36:55,332:INFO:Starting cross validation
2025-08-05 03:36:55,332:INFO:Cross validating with StratifiedKFold(n_splits=10, random_state=None, shuffle=False), n_jobs=-1
2025-08-05 03:36:56,406:INFO:Calculating mean and std
2025-08-05 03:36:56,406:INFO:Creating metrics dataframe
2025-08-05 03:36:56,408:INFO:Uploading results into container
2025-08-05 03:36:56,409:INFO:Uploading model into container now
2025-08-05 03:36:56,409:INFO:_master_model_container: 1
2025-08-05 03:36:56,409:INFO:_display_container: 2
2025-08-05 03:36:56,410:INFO:LogisticRegression(C=1.0, class_weight=None, dual=False, fit_intercept=True,
                   intercept_scaling=1, l1_ratio=None, max_iter=1000,
                   multi_class='auto', n_jobs=None, penalty='l2',
                   random_state=42, solver='lbfgs', tol=0.0001, verbose=0,
                   warm_start=False)
2025-08-05 03:36:56,410:INFO:create_model() successfully completed......................................
2025-08-05 03:36:56,509:INFO:SubProcess create_model() end ==================================
2025-08-05 03:36:56,510:INFO:Creating metrics dataframe
2025-08-05 03:36:56,511:INFO:Initializing K Neighbors Classifier
2025-08-05 03:36:56,511:INFO:Total runtime is 0.01968851089477539 minutes
2025-08-05 03:36:56,511:INFO:SubProcess create_model() called ==================================
2025-08-05 03:36:56,511:INFO:Initializing create_model()
2025-08-05 03:36:56,511:INFO:create_model(self=<pycaret.classification.oop.ClassificationExperiment object at 0xffff70848610>, estimator=knn, fold=StratifiedKFold(n_splits=10, random_state=None, shuffle=False), round=4, cross_validation=True, predict=True, fit_kwargs={}, groups=None, refit=False, probability_threshold=None, experiment_custom_tags=None, verbose=False, system=False, add_to_model_list=True, metrics=None, display=<pycaret.internal.display.display.CommonDisplay object at 0xffff25106350>, model_only=True, return_train_score=False, error_score=0.0, kwargs={})
2025-08-05 03:36:56,511:INFO:Checking exceptions
2025-08-05 03:36:56,511:INFO:Importing libraries
2025-08-05 03:36:56,511:INFO:Copying training dataset
2025-08-05 03:36:56,513:INFO:Defining folds
2025-08-05 03:36:56,513:INFO:Declaring metric variables
2025-08-05 03:36:56,513:INFO:Importing untrained model
2025-08-05 03:36:56,513:INFO:K Neighbors Classifier Imported successfully
2025-08-05 03:36:56,513:INFO:Starting cross validation
2025-08-05 03:36:56,514:INFO:Cross validating with StratifiedKFold(n_splits=10, random_state=None, shuffle=False), n_jobs=-1
2025-08-05 03:36:57,412:INFO:Calculating mean and std
2025-08-05 03:36:57,413:INFO:Creating metrics dataframe
2025-08-05 03:36:57,414:INFO:Uploading results into container
2025-08-05 03:36:57,414:INFO:Uploading model into container now
2025-08-05 03:36:57,414:INFO:_master_model_container: 2
2025-08-05 03:36:57,414:INFO:_display_container: 2
2025-08-05 03:36:57,415:INFO:KNeighborsClassifier(algorithm='auto', leaf_size=30, metric='minkowski',
                     metric_params=None, n_jobs=-1, n_neighbors=5, p=2,
                     weights='uniform')
2025-08-05 03:36:57,415:INFO:create_model() successfully completed......................................
2025-08-05 03:36:57,509:INFO:SubProcess create_model() end ==================================
2025-08-05 03:36:57,509:INFO:Creating metrics dataframe
2025-08-05 03:36:57,510:INFO:Initializing Random Forest Classifier
2025-08-05 03:36:57,510:INFO:Total runtime is 0.03634621699651082 minutes
2025-08-05 03:36:57,510:INFO:SubProcess create_model() called ==================================
2025-08-05 03:36:57,510:INFO:Initializing create_model()
2025-08-05 03:36:57,511:INFO:create_model(self=<pycaret.classification.oop.ClassificationExperiment object at 0xffff70848610>, estimator=rf, fold=StratifiedKFold(n_splits=10, random_state=None, shuffle=False), round=4, cross_validation=True, predict=True, fit_kwargs={}, groups=None, refit=False, probability_threshold=None, experiment_custom_tags=None, verbose=False, system=False, add_to_model_list=True, metrics=None, display=<pycaret.internal.display.display.CommonDisplay object at 0xffff25106350>, model_only=True, return_train_score=False, error_score=0.0, kwargs={})
2025-08-05 03:36:57,511:INFO:Checking exceptions
2025-08-05 03:36:57,511:INFO:Importing libraries
2025-08-05 03:36:57,511:INFO:Copying training dataset
2025-08-05 03:36:57,512:INFO:Defining folds
2025-08-05 03:36:57,512:INFO:Declaring metric variables
2025-08-05 03:36:57,512:INFO:Importing untrained model
2025-08-05 03:36:57,513:INFO:Random Forest Classifier Imported successfully
2025-08-05 03:36:57,513:INFO:Starting cross validation
2025-08-05 03:36:57,513:INFO:Cross validating with StratifiedKFold(n_splits=10, random_state=None, shuffle=False), n_jobs=-1
2025-08-05 03:36:57,715:INFO:Calculating mean and std
2025-08-05 03:36:57,716:INFO:Creating metrics dataframe
2025-08-05 03:36:57,717:INFO:Uploading results into container
2025-08-05 03:36:57,717:INFO:Uploading model into container now
2025-08-05 03:36:57,717:INFO:_master_model_container: 3
2025-08-05 03:36:57,717:INFO:_display_container: 2
2025-08-05 03:36:57,718:INFO:RandomForestClassifier(bootstrap=True, ccp_alpha=0.0, class_weight=None,
                       criterion='gini', max_depth=None, max_features='sqrt',
                       max_leaf_nodes=None, max_samples=None,
                       min_impurity_decrease=0.0, min_samples_leaf=1,
                       min_samples_split=2, min_weight_fraction_leaf=0.0,
                       monotonic_cst=None, n_estimators=100, n_jobs=-1,
                       oob_score=False, random_state=42, verbose=0,
                       warm_start=False)
2025-08-05 03:36:57,718:INFO:create_model() successfully completed......................................
2025-08-05 03:36:57,797:INFO:SubProcess create_model() end ==================================
2025-08-05 03:36:57,798:INFO:Creating metrics dataframe
2025-08-05 03:36:57,799:INFO:Initializing Extra Trees Classifier
2025-08-05 03:36:57,799:INFO:Total runtime is 0.04115710655848185 minutes
2025-08-05 03:36:57,799:INFO:SubProcess create_model() called ==================================
2025-08-05 03:36:57,799:INFO:Initializing create_model()
2025-08-05 03:36:57,799:INFO:create_model(self=<pycaret.classification.oop.ClassificationExperiment object at 0xffff70848610>, estimator=et, fold=StratifiedKFold(n_splits=10, random_state=None, shuffle=False), round=4, cross_validation=True, predict=True, fit_kwargs={}, groups=None, refit=False, probability_threshold=None, experiment_custom_tags=None, verbose=False, system=False, add_to_model_list=True, metrics=None, display=<pycaret.internal.display.display.CommonDisplay object at 0xffff25106350>, model_only=True, return_train_score=False, error_score=0.0, kwargs={})
2025-08-05 03:36:57,799:INFO:Checking exceptions
2025-08-05 03:36:57,799:INFO:Importing libraries
2025-08-05 03:36:57,799:INFO:Copying training dataset
2025-08-05 03:36:57,801:INFO:Defining folds
2025-08-05 03:36:57,801:INFO:Declaring metric variables
2025-08-05 03:36:57,801:INFO:Importing untrained model
2025-08-05 03:36:57,801:INFO:Extra Trees Classifier Imported successfully
2025-08-05 03:36:57,801:INFO:Starting cross validation
2025-08-05 03:36:57,801:INFO:Cross validating with StratifiedKFold(n_splits=10, random_state=None, shuffle=False), n_jobs=-1
2025-08-05 03:36:57,939:INFO:Calculating mean and std
2025-08-05 03:36:57,940:INFO:Creating metrics dataframe
2025-08-05 03:36:57,941:INFO:Uploading results into container
2025-08-05 03:36:57,941:INFO:Uploading model into container now
2025-08-05 03:36:57,941:INFO:_master_model_container: 4
2025-08-05 03:36:57,941:INFO:_display_container: 2
2025-08-05 03:36:57,941:INFO:ExtraTreesClassifier(bootstrap=False, ccp_alpha=0.0, class_weight=None,
                     criterion='gini', max_depth=None, max_features='sqrt',
                     max_leaf_nodes=None, max_samples=None,
                     min_impurity_decrease=0.0, min_samples_leaf=1,
                     min_samples_split=2, min_weight_fraction_leaf=0.0,
                     monotonic_cst=None, n_estimators=100, n_jobs=-1,
                     oob_score=False, random_state=42, verbose=0,
                     warm_start=False)
2025-08-05 03:36:57,942:INFO:create_model() successfully completed......................................
2025-08-05 03:36:58,013:INFO:SubProcess create_model() end ==================================
2025-08-05 03:36:58,013:INFO:Creating metrics dataframe
2025-08-05 03:36:58,015:INFO:Initializing Light Gradient Boosting Machine
2025-08-05 03:36:58,015:INFO:Total runtime is 0.04475522438685099 minutes
2025-08-05 03:36:58,015:INFO:SubProcess create_model() called ==================================
2025-08-05 03:36:58,015:INFO:Initializing create_model()
2025-08-05 03:36:58,015:INFO:create_model(self=<pycaret.classification.oop.ClassificationExperiment object at 0xffff70848610>, estimator=lightgbm, fold=StratifiedKFold(n_splits=10, random_state=None, shuffle=False), round=4, cross_validation=True, predict=True, fit_kwargs={}, groups=None, refit=False, probability_threshold=None, experiment_custom_tags=None, verbose=False, system=False, add_to_model_list=True, metrics=None, display=<pycaret.internal.display.display.CommonDisplay object at 0xffff25106350>, model_only=True, return_train_score=False, error_score=0.0, kwargs={})
2025-08-05 03:36:58,015:INFO:Checking exceptions
2025-08-05 03:36:58,015:INFO:Importing libraries
2025-08-05 03:36:58,015:INFO:Copying training dataset
2025-08-05 03:36:58,017:INFO:Defining folds
2025-08-05 03:36:58,017:INFO:Declaring metric variables
2025-08-05 03:36:58,017:INFO:Importing untrained model
2025-08-05 03:36:58,017:INFO:Light Gradient Boosting Machine Imported successfully
2025-08-05 03:36:58,017:INFO:Starting cross validation
2025-08-05 03:36:58,017:INFO:Cross validating with StratifiedKFold(n_splits=10, random_state=None, shuffle=False), n_jobs=-1
2025-08-05 03:37:11,109:INFO:Calculating mean and std
2025-08-05 03:37:11,109:INFO:Creating metrics dataframe
2025-08-05 03:37:11,110:INFO:Uploading results into container
2025-08-05 03:37:11,110:INFO:Uploading model into container now
2025-08-05 03:37:11,110:INFO:_master_model_container: 5
2025-08-05 03:37:11,111:INFO:_display_container: 2
2025-08-05 03:37:11,111:INFO:LGBMClassifier(boosting_type='gbdt', class_weight=None, colsample_bytree=1.0,
               importance_type='split', learning_rate=0.1, max_depth=-1,
               min_child_samples=20, min_child_weight=0.001, min_split_gain=0.0,
               n_estimators=100, n_jobs=-1, num_leaves=31, objective=None,
               random_state=42, reg_alpha=0.0, reg_lambda=0.0, subsample=1.0,
               subsample_for_bin=200000, subsample_freq=0)
2025-08-05 03:37:11,111:INFO:create_model() successfully completed......................................
2025-08-05 03:37:11,186:INFO:SubProcess create_model() end ==================================
2025-08-05 03:37:11,186:INFO:Creating metrics dataframe
2025-08-05 03:37:11,187:WARNING:/usr/local/lib/python3.11/site-packages/pycaret/internal/pycaret_experiment/supervised_experiment.py:339: FutureWarning: Styler.applymap has been deprecated. Use Styler.map instead.

2025-08-05 03:37:11,188:INFO:Initializing create_model()
2025-08-05 03:37:11,188:INFO:create_model(self=<pycaret.classification.oop.ClassificationExperiment object at 0xffff70848610>, estimator=RandomForestClassifier(bootstrap=True, ccp_alpha=0.0, class_weight=None,
                       criterion='gini', max_depth=None, max_features='sqrt',
                       max_leaf_nodes=None, max_samples=None,
                       min_impurity_decrease=0.0, min_samples_leaf=1,
                       min_samples_split=2, min_weight_fraction_leaf=0.0,
                       monotonic_cst=None, n_estimators=100, n_jobs=-1,
                       oob_score=False, random_state=42, verbose=0,
                       warm_start=False), fold=StratifiedKFold(n_splits=10, random_state=None, shuffle=False), round=4, cross_validation=False, predict=False, fit_kwargs={}, groups=None, refit=True, probability_threshold=None, experiment_custom_tags=None, verbose=False, system=False, add_to_model_list=True, metrics=None, display=None, model_only=True, return_train_score=False, error_score=0.0, kwargs={})
2025-08-05 03:37:11,188:INFO:Checking exceptions
2025-08-05 03:37:11,189:INFO:Importing libraries
2025-08-05 03:37:11,189:INFO:Copying training dataset
2025-08-05 03:37:11,190:INFO:Defining folds
2025-08-05 03:37:11,190:INFO:Declaring metric variables
2025-08-05 03:37:11,190:INFO:Importing untrained model
2025-08-05 03:37:11,190:INFO:Declaring custom model
2025-08-05 03:37:11,190:INFO:Random Forest Classifier Imported successfully
2025-08-05 03:37:11,191:INFO:Cross validation set to False
2025-08-05 03:37:11,191:INFO:Fitting Model
2025-08-05 03:37:11,277:INFO:RandomForestClassifier(bootstrap=True, ccp_alpha=0.0, class_weight=None,
                       criterion='gini', max_depth=None, max_features='sqrt',
                       max_leaf_nodes=None, max_samples=None,
                       min_impurity_decrease=0.0, min_samples_leaf=1,
                       min_samples_split=2, min_weight_fraction_leaf=0.0,
                       monotonic_cst=None, n_estimators=100, n_jobs=-1,
                       oob_score=False, random_state=42, verbose=0,
                       warm_start=False)
2025-08-05 03:37:11,278:INFO:create_model() successfully completed......................................
2025-08-05 03:37:11,351:INFO:_master_model_container: 5
2025-08-05 03:37:11,351:INFO:_display_container: 2
2025-08-05 03:37:11,352:INFO:RandomForestClassifier(bootstrap=True, ccp_alpha=0.0, class_weight=None,
                       criterion='gini', max_depth=None, max_features='sqrt',
                       max_leaf_nodes=None, max_samples=None,
                       min_impurity_decrease=0.0, min_samples_leaf=1,
                       min_samples_split=2, min_weight_fraction_leaf=0.0,
                       monotonic_cst=None, n_estimators=100, n_jobs=-1,
                       oob_score=False, random_state=42, verbose=0,
                       warm_start=False)
2025-08-05 03:37:11,352:INFO:compare_models() successfully completed......................................
2025-08-05 03:37:11,352:INFO:Initializing finalize_model()
2025-08-05 03:37:11,352:INFO:finalize_model(self=<pycaret.classification.oop.ClassificationExperiment object at 0xffff70848610>, estimator=RandomForestClassifier(bootstrap=True, ccp_alpha=0.0, class_weight=None,
                       criterion='gini', max_depth=None, max_features='sqrt',
                       max_leaf_nodes=None, max_samples=None,
                       min_impurity_decrease=0.0, min_samples_leaf=1,
                       min_samples_split=2, min_weight_fraction_leaf=0.0,
                       monotonic_cst=None, n_estimators=100, n_jobs=-1,
                       oob_score=False, random_state=42, verbose=0,
                       warm_start=False), fit_kwargs=None, groups=None, model_only=False, experiment_custom_tags=None)
2025-08-05 03:37:11,352:INFO:Finalizing RandomForestClassifier(bootstrap=True, ccp_alpha=0.0, class_weight=None,
                       criterion='gini', max_depth=None, max_features='sqrt',
                       max_leaf_nodes=None, max_samples=None,
                       min_impurity_decrease=0.0, min_samples_leaf=1,
                       min_samples_split=2, min_weight_fraction_leaf=0.0,
                       monotonic_cst=None, n_estimators=100, n_jobs=-1,
                       oob_score=False, random_state=42, verbose=0,
                       warm_start=False)
2025-08-05 03:37:11,353:INFO:Initializing create_model()
2025-08-05 03:37:11,353:INFO:create_model(self=<pycaret.classification.oop.ClassificationExperiment object at 0xffff70848610>, estimator=RandomForestClassifier(bootstrap=True, ccp_alpha=0.0, class_weight=None,
                       criterion='gini', max_depth=None, max_features='sqrt',
                       max_leaf_nodes=None, max_samples=None,
                       min_impurity_decrease=0.0, min_samples_leaf=1,
                       min_samples_split=2, min_weight_fraction_leaf=0.0,
                       monotonic_cst=None, n_estimators=100, n_jobs=-1,
                       oob_score=False, random_state=42, verbose=0,
                       warm_start=False), fold=None, round=4, cross_validation=False, predict=False, fit_kwargs={}, groups=None, refit=True, probability_threshold=None, experiment_custom_tags=None, verbose=False, system=False, add_to_model_list=False, metrics=None, display=None, model_only=False, return_train_score=False, error_score=0.0, kwargs={})
2025-08-05 03:37:11,354:INFO:Checking exceptions
2025-08-05 03:37:11,354:INFO:Importing libraries
2025-08-05 03:37:11,354:INFO:Copying training dataset
2025-08-05 03:37:11,354:INFO:Defining folds
2025-08-05 03:37:11,354:INFO:Declaring metric variables
2025-08-05 03:37:11,354:INFO:Importing untrained model
2025-08-05 03:37:11,354:INFO:Declaring custom model
2025-08-05 03:37:11,355:INFO:Random Forest Classifier Imported successfully
2025-08-05 03:37:11,355:INFO:Cross validation set to False
2025-08-05 03:37:11,355:INFO:Fitting Model
2025-08-05 03:37:11,444:INFO:Pipeline(memory=Memory(location=None),
         steps=[('numerical_imputer',
                 TransformerWrapper(exclude=None,
                                    include=['having_IP_Address', 'URL_Length',
                                             'Shortining_Service',
                                             'having_At_Symbol',
                                             'double_slash_redirecting',
                                             'Prefix_Suffix',
                                             'having_Sub_Domain',
                                             'SSLfinal_State', 'URL_of_Anchor',
                                             'Links_in_tags', 'SFH',
                                             'Abnormal_URL'],
                                    transformer=SimpleImputer(add_indica...
                 RandomForestClassifier(bootstrap=True, ccp_alpha=0.0,
                                        class_weight=None, criterion='gini',
                                        max_depth=None, max_features='sqrt',
                                        max_leaf_nodes=None, max_samples=None,
                                        min_impurity_decrease=0.0,
                                        min_samples_leaf=1, min_samples_split=2,
                                        min_weight_fraction_leaf=0.0,
                                        monotonic_cst=None, n_estimators=100,
                                        n_jobs=-1, oob_score=False,
                                        random_state=42, verbose=0,
                                        warm_start=False))],
         verbose=False)
2025-08-05 03:37:11,444:INFO:create_model() successfully completed......................................
2025-08-05 03:37:11,522:INFO:_master_model_container: 5
2025-08-05 03:37:11,522:INFO:_display_container: 2
2025-08-05 03:37:11,524:INFO:Pipeline(memory=Memory(location=None),
         steps=[('numerical_imputer',
                 TransformerWrapper(exclude=None,
                                    include=['having_IP_Address', 'URL_Length',
                                             'Shortining_Service',
                                             'having_At_Symbol',
                                             'double_slash_redirecting',
                                             'Prefix_Suffix',
                                             'having_Sub_Domain',
                                             'SSLfinal_State', 'URL_of_Anchor',
                                             'Links_in_tags', 'SFH',
                                             'Abnormal_URL'],
                                    transformer=SimpleImputer(add_indica...
                 RandomForestClassifier(bootstrap=True, ccp_alpha=0.0,
                                        class_weight=None, criterion='gini',
                                        max_depth=None, max_features='sqrt',
                                        max_leaf_nodes=None, max_samples=None,
                                        min_impurity_decrease=0.0,
                                        min_samples_leaf=1, min_samples_split=2,
                                        min_weight_fraction_leaf=0.0,
                                        monotonic_cst=None, n_estimators=100,
                                        n_jobs=-1, oob_score=False,
                                        random_state=42, verbose=0,
                                        warm_start=False))],
         verbose=False)
2025-08-05 03:37:11,524:INFO:finalize_model() successfully completed......................................
2025-08-05 03:37:11,605:INFO:Initializing save_model()
2025-08-05 03:37:11,605:INFO:save_model(model=Pipeline(memory=Memory(location=None),
         steps=[('numerical_imputer',
                 TransformerWrapper(exclude=None,
                                    include=['having_IP_Address', 'URL_Length',
                                             'Shortining_Service',
                                             'having_At_Symbol',
                                             'double_slash_redirecting',
                                             'Prefix_Suffix',
                                             'having_Sub_Domain',
                                             'SSLfinal_State', 'URL_of_Anchor',
                                             'Links_in_tags', 'SFH',
                                             'Abnormal_URL'],
                                    transformer=SimpleImputer(add_indica...
                 RandomForestClassifier(bootstrap=True, ccp_alpha=0.0,
                                        class_weight=None, criterion='gini',
                                        max_depth=None, max_features='sqrt',
                                        max_leaf_nodes=None, max_samples=None,
                                        min_impurity_decrease=0.0,
                                        min_samples_leaf=1, min_samples_split=2,
                                        min_weight_fraction_leaf=0.0,
                                        monotonic_cst=None, n_estimators=100,
                                        n_jobs=-1, oob_score=False,
                                        random_state=42, verbose=0,
                                        warm_start=False))],
         verbose=False), model_name=models/phishing_url_detector, prep_pipe_=Pipeline(memory=FastMemory(location=/tmp/joblib),
         steps=[('numerical_imputer',
                 TransformerWrapper(exclude=None,
                                    include=['having_IP_Address', 'URL_Length',
                                             'Shortining_Service',
                                             'having_At_Symbol',
                                             'double_slash_redirecting',
                                             'Prefix_Suffix',
                                             'having_Sub_Domain',
                                             'SSLfinal_State', 'URL_of_Anchor',
                                             'Links_in_tags', 'SFH',
                                             'Abnormal_URL'],
                                    transformer=SimpleImputer(add_indicator=False,
                                                              copy=True,
                                                              fill_value=None,
                                                              keep_empty_features=False,
                                                              missing_values=nan,
                                                              strategy='mean'))),
                ('categorical_imputer',
                 TransformerWrapper(exclude=None, include=[],
                                    transformer=SimpleImputer(add_indicator=False,
                                                              copy=True,
                                                              fill_value=None,
                                                              keep_empty_features=False,
                                                              missing_values=nan,
                                                              strategy='most_frequent')))],
         verbose=False), verbose=True, use_case=MLUsecase.CLASSIFICATION, kwargs={})
2025-08-05 03:37:11,605:INFO:Adding model into prep_pipe
2025-08-05 03:37:11,605:WARNING:Only Model saved as it was a pipeline.
2025-08-05 03:37:11,635:INFO:models/phishing_url_detector.pkl saved in current working directory
2025-08-05 03:37:11,636:INFO:Pipeline(memory=Memory(location=None),
         steps=[('numerical_imputer',
                 TransformerWrapper(exclude=None,
                                    include=['having_IP_Address', 'URL_Length',
                                             'Shortining_Service',
                                             'having_At_Symbol',
                                             'double_slash_redirecting',
                                             'Prefix_Suffix',
                                             'having_Sub_Domain',
                                             'SSLfinal_State', 'URL_of_Anchor',
                                             'Links_in_tags', 'SFH',
                                             'Abnormal_URL'],
                                    transformer=SimpleImputer(add_indica...
                 RandomForestClassifier(bootstrap=True, ccp_alpha=0.0,
                                        class_weight=None, criterion='gini',
                                        max_depth=None, max_features='sqrt',
                                        max_leaf_nodes=None, max_samples=None,
                                        min_impurity_decrease=0.0,
                                        min_samples_leaf=1, min_samples_split=2,
                                        min_weight_fraction_leaf=0.0,
                                        monotonic_cst=None, n_estimators=100,
                                        n_jobs=-1, oob_score=False,
                                        random_state=42, verbose=0,
                                        warm_start=False))],
         verbose=False)
2025-08-05 03:37:11,636:INFO:save_model() successfully completed......................................
2025-08-05 03:38:18,672:WARNING:
'cuml' is a soft dependency and not included in the pycaret installation. Please run: `pip install cuml` to install.
2025-08-05 03:38:18,672:WARNING:
'cuml' is a soft dependency and not included in the pycaret installation. Please run: `pip install cuml` to install.
2025-08-05 03:38:18,672:WARNING:
'cuml' is a soft dependency and not included in the pycaret installation. Please run: `pip install cuml` to install.
2025-08-05 03:38:18,672:WARNING:
'cuml' is a soft dependency and not included in the pycaret installation. Please run: `pip install cuml` to install.
2025-08-05 03:38:19,450:INFO:Initializing load_model()
2025-08-05 03:38:19,450:INFO:load_model(model_name=models/phishing_url_detector, platform=None, authentication=None, verbose=True)
2025-08-05 03:38:21,534:INFO:Initializing predict_model()
2025-08-05 03:38:21,535:INFO:predict_model(self=<pycaret.classification.oop.ClassificationExperiment object at 0xffff146a7bd0>, estimator=Pipeline(memory=Memory(location=None),
         steps=[('numerical_imputer',
                 TransformerWrapper(include=['having_IP_Address', 'URL_Length',
                                             'Shortining_Service',
                                             'having_At_Symbol',
                                             'double_slash_redirecting',
                                             'Prefix_Suffix',
                                             'having_Sub_Domain',
                                             'SSLfinal_State', 'URL_of_Anchor',
                                             'Links_in_tags', 'SFH',
                                             'Abnormal_URL'],
                                    transformer=SimpleImputer())),
                ('categorical_imputer',
                 TransformerWrapper(include=[],
                                    transformer=SimpleImputer(strategy='most_frequent'))),
                ('actual_estimator',
                 RandomForestClassifier(n_jobs=-1, random_state=42))]), probability_threshold=None, encoded_labels=False, raw_score=False, round=4, verbose=True, ml_usecase=None, preprocess=True, encode_labels=<function _SupervisedExperiment.predict_model.<locals>.encode_labels at 0xffff8aba31a0>)
2025-08-05 03:38:21,535:INFO:Checking exceptions
2025-08-05 03:38:21,535:INFO:Preloading libraries
2025-08-05 03:38:21,535:INFO:Set up data.
2025-08-05 03:38:21,537:INFO:Set up index.
2025-08-05 03:38:34,890:INFO:Initializing predict_model()
2025-08-05 03:38:34,890:INFO:predict_model(self=<pycaret.classification.oop.ClassificationExperiment object at 0xffff14679710>, estimator=Pipeline(memory=Memory(location=None),
         steps=[('numerical_imputer',
                 TransformerWrapper(include=['having_IP_Address', 'URL_Length',
                                             'Shortining_Service',
                                             'having_At_Symbol',
                                             'double_slash_redirecting',
                                             'Prefix_Suffix',
                                             'having_Sub_Domain',
                                             'SSLfinal_State', 'URL_of_Anchor',
                                             'Links_in_tags', 'SFH',
                                             'Abnormal_URL'],
                                    transformer=SimpleImputer())),
                ('categorical_imputer',
                 TransformerWrapper(include=[],
                                    transformer=SimpleImputer(strategy='most_frequent'))),
                ('actual_estimator',
                 RandomForestClassifier(n_jobs=-1, random_state=42))]), probability_threshold=None, encoded_labels=False, raw_score=False, round=4, verbose=True, ml_usecase=None, preprocess=True, encode_labels=<function _SupervisedExperiment.predict_model.<locals>.encode_labels at 0xffff16bde3e0>)
2025-08-05 03:38:34,891:INFO:Checking exceptions
2025-08-05 03:38:34,891:INFO:Preloading libraries
2025-08-05 03:38:34,891:INFO:Set up data.
2025-08-05 03:38:34,892:INFO:Set up index.
2025-08-05 03:38:45,411:INFO:Initializing predict_model()
2025-08-05 03:38:45,411:INFO:predict_model(self=<pycaret.classification.oop.ClassificationExperiment object at 0xffff14679e90>, estimator=Pipeline(memory=Memory(location=None),
         steps=[('numerical_imputer',
                 TransformerWrapper(include=['having_IP_Address', 'URL_Length',
                                             'Shortining_Service',
                                             'having_At_Symbol',
                                             'double_slash_redirecting',
                                             'Prefix_Suffix',
                                             'having_Sub_Domain',
                                             'SSLfinal_State', 'URL_of_Anchor',
                                             'Links_in_tags', 'SFH',
                                             'Abnormal_URL'],
                                    transformer=SimpleImputer())),
                ('categorical_imputer',
                 TransformerWrapper(include=[],
                                    transformer=SimpleImputer(strategy='most_frequent'))),
                ('actual_estimator',
                 RandomForestClassifier(n_jobs=-1, random_state=42))]), probability_threshold=None, encoded_labels=False, raw_score=False, round=4, verbose=True, ml_usecase=None, preprocess=True, encode_labels=<function _SupervisedExperiment.predict_model.<locals>.encode_labels at 0xffff14567600>)
2025-08-05 03:38:45,412:INFO:Checking exceptions
2025-08-05 03:38:45,412:INFO:Preloading libraries
2025-08-05 03:38:45,412:INFO:Set up data.
2025-08-05 03:38:45,413:INFO:Set up index.
2025-08-05 03:43:08,161:WARNING:
'cuml' is a soft dependency and not included in the pycaret installation. Please run: `pip install cuml` to install.
2025-08-05 03:43:08,161:WARNING:
'cuml' is a soft dependency and not included in the pycaret installation. Please run: `pip install cuml` to install.
2025-08-05 03:43:08,161:WARNING:
'cuml' is a soft dependency and not included in the pycaret installation. Please run: `pip install cuml` to install.
2025-08-05 03:43:08,162:WARNING:
'cuml' is a soft dependency and not included in the pycaret installation. Please run: `pip install cuml` to install.
2025-08-05 03:43:08,643:INFO:PyCaret ClassificationExperiment
2025-08-05 03:43:08,643:INFO:Logging name: clf-default-name
2025-08-05 03:43:08,643:INFO:ML Usecase: MLUsecase.CLASSIFICATION
2025-08-05 03:43:08,643:INFO:version 3.3.2
2025-08-05 03:43:08,643:INFO:Initializing setup()
2025-08-05 03:43:08,643:INFO:self.USI: 7b21
2025-08-05 03:43:08,644:INFO:self._variable_keys: {'data', 'fold_groups_param', 'memory', 'USI', 'seed', 'n_jobs_param', 'idx', 'gpu_n_jobs_param', 'logging_param', 'X_test', 'X_train', 'target_param', 'X', 'is_multiclass', 'gpu_param', 'exp_name_log', 'log_plots_param', 'exp_id', 'fold_generator', 'y', 'pipeline', 'y_test', 'y_train', 'fold_shuffle_param', '_available_plots', 'html_param', '_ml_usecase', 'fix_imbalance'}
2025-08-05 03:43:08,644:INFO:Checking environment
2025-08-05 03:43:08,644:INFO:python_version: 3.11.13
2025-08-05 03:43:08,644:INFO:python_build: ('main', 'Jul 23 2025 18:09:53')
2025-08-05 03:43:08,644:INFO:machine: aarch64
2025-08-05 03:43:08,644:INFO:platform: Linux-6.10.14-linuxkit-aarch64-with-glibc2.36
2025-08-05 03:43:08,644:INFO:Memory: svmem(total=17011818496, available=15942762496, percent=6.3, used=797704192, free=5116923904, active=1219543040, inactive=9474179072, buffers=529670144, cached=10567520256, shared=7258112, slab=1073754112)
2025-08-05 03:43:08,645:INFO:Physical Core: 16
2025-08-05 03:43:08,645:INFO:Logical Core: 16
2025-08-05 03:43:08,645:INFO:Checking libraries
2025-08-05 03:43:08,645:INFO:System:
2025-08-05 03:43:08,645:INFO:    python: 3.11.13 (main, Jul 23 2025, 18:09:53) [GCC 12.2.0]
2025-08-05 03:43:08,645:INFO:executable: /usr/local/bin/python
2025-08-05 03:43:08,645:INFO:   machine: Linux-6.10.14-linuxkit-aarch64-with-glibc2.36
2025-08-05 03:43:08,645:INFO:PyCaret required dependencies:
2025-08-05 03:43:08,904:INFO:                 pip: 24.0
2025-08-05 03:43:08,904:INFO:          setuptools: 80.9.0
2025-08-05 03:43:08,904:INFO:             pycaret: 3.3.2
2025-08-05 03:43:08,904:INFO:             IPython: 9.4.0
2025-08-05 03:43:08,904:INFO:          ipywidgets: 8.1.7
2025-08-05 03:43:08,904:INFO:                tqdm: 4.67.1
2025-08-05 03:43:08,904:INFO:               numpy: 1.26.4
2025-08-05 03:43:08,904:INFO:              pandas: 2.1.4
2025-08-05 03:43:08,904:INFO:              jinja2: 3.1.6
2025-08-05 03:43:08,904:INFO:               scipy: 1.11.4
2025-08-05 03:43:08,904:INFO:              joblib: 1.3.2
2025-08-05 03:43:08,904:INFO:             sklearn: 1.4.2
2025-08-05 03:43:08,904:INFO:                pyod: 2.0.5
2025-08-05 03:43:08,904:INFO:            imblearn: 0.13.0
2025-08-05 03:43:08,904:INFO:   category_encoders: 2.7.0
2025-08-05 03:43:08,905:INFO:            lightgbm: 4.6.0
2025-08-05 03:43:08,905:INFO:               numba: 0.61.0
2025-08-05 03:43:08,905:INFO:            requests: 2.32.4
2025-08-05 03:43:08,905:INFO:          matplotlib: 3.7.5
2025-08-05 03:43:08,905:INFO:          scikitplot: 0.3.7
2025-08-05 03:43:08,905:INFO:         yellowbrick: 1.5
2025-08-05 03:43:08,905:INFO:              plotly: 5.24.1
2025-08-05 03:43:08,905:INFO:    plotly-resampler: Not installed
2025-08-05 03:43:08,905:INFO:             kaleido: 1.0.0
2025-08-05 03:43:08,905:INFO:           schemdraw: 0.15
2025-08-05 03:43:08,905:INFO:         statsmodels: 0.14.5
2025-08-05 03:43:08,905:INFO:              sktime: 0.26.0
2025-08-05 03:43:08,905:INFO:               tbats: 1.1.3
2025-08-05 03:43:08,905:INFO:            pmdarima: 2.0.4
2025-08-05 03:43:08,905:INFO:              psutil: 7.0.0
2025-08-05 03:43:08,905:INFO:          markupsafe: 3.0.2
2025-08-05 03:43:08,905:INFO:             pickle5: Not installed
2025-08-05 03:43:08,905:INFO:         cloudpickle: 3.1.1
2025-08-05 03:43:08,905:INFO:         deprecation: 2.1.0
2025-08-05 03:43:08,906:INFO:              xxhash: 3.5.0
2025-08-05 03:43:08,906:INFO:           wurlitzer: 3.1.1
2025-08-05 03:43:08,906:INFO:PyCaret optional dependencies:
2025-08-05 03:43:09,891:INFO:                shap: 0.44.1
2025-08-05 03:43:09,891:INFO:           interpret: 0.7.1
2025-08-05 03:43:09,891:INFO:                umap: 0.5.7
2025-08-05 03:43:09,891:INFO:     ydata_profiling: 4.16.1
2025-08-05 03:43:09,891:INFO:  explainerdashboard: 0.5.1
2025-08-05 03:43:09,891:INFO:             autoviz: Not installed
2025-08-05 03:43:09,892:INFO:           fairlearn: 0.7.0
2025-08-05 03:43:09,892:INFO:          deepchecks: Not installed
2025-08-05 03:43:09,892:INFO:             xgboost: 3.0.3
2025-08-05 03:43:09,892:INFO:            catboost: 1.2.8
2025-08-05 03:43:09,892:INFO:              kmodes: 0.12.2
2025-08-05 03:43:09,892:INFO:             mlxtend: 0.23.4
2025-08-05 03:43:09,892:INFO:       statsforecast: 1.5.0
2025-08-05 03:43:09,892:INFO:        tune_sklearn: Not installed
2025-08-05 03:43:09,892:INFO:                 ray: Not installed
2025-08-05 03:43:09,892:INFO:            hyperopt: 0.2.7
2025-08-05 03:43:09,892:INFO:              optuna: 4.4.0
2025-08-05 03:43:09,892:INFO:               skopt: 0.10.2
2025-08-05 03:43:09,892:INFO:              mlflow: 3.1.4
2025-08-05 03:43:09,892:INFO:              gradio: 5.40.0
2025-08-05 03:43:09,892:INFO:             fastapi: 0.116.1
2025-08-05 03:43:09,892:INFO:             uvicorn: 0.35.0
2025-08-05 03:43:09,892:INFO:              m2cgen: 0.10.0
2025-08-05 03:43:09,892:INFO:           evidently: 0.4.40
2025-08-05 03:43:09,893:INFO:               fugue: 0.8.7
2025-08-05 03:43:09,893:INFO:           streamlit: 1.47.1
2025-08-05 03:43:09,893:INFO:             prophet: Not installed
2025-08-05 03:43:09,893:INFO:None
2025-08-05 03:43:09,893:INFO:Set up data.
2025-08-05 03:43:09,896:INFO:Set up folding strategy.
2025-08-05 03:43:09,896:INFO:Set up train/test split.
2025-08-05 03:43:09,897:INFO:Set up index.
2025-08-05 03:43:09,897:INFO:Assigning column types.
2025-08-05 03:43:09,899:INFO:Engine successfully changes for model 'lr' to 'sklearn'.
2025-08-05 03:43:09,914:INFO:Engine for model 'knn' has not been set explicitly, hence returning None.
2025-08-05 03:43:09,915:INFO:Engine for model 'rbfsvm' has not been set explicitly, hence returning None.
2025-08-05 03:43:09,925:INFO:Soft dependency imported: xgboost: 3.0.3
2025-08-05 03:43:09,926:INFO:Soft dependency imported: catboost: 1.2.8
2025-08-05 03:43:09,947:INFO:Engine for model 'knn' has not been set explicitly, hence returning None.
2025-08-05 03:43:09,947:INFO:Engine for model 'rbfsvm' has not been set explicitly, hence returning None.
2025-08-05 03:43:09,957:INFO:Soft dependency imported: xgboost: 3.0.3
2025-08-05 03:43:09,958:INFO:Soft dependency imported: catboost: 1.2.8
2025-08-05 03:43:09,958:INFO:Engine successfully changes for model 'knn' to 'sklearn'.
2025-08-05 03:43:09,973:INFO:Engine for model 'rbfsvm' has not been set explicitly, hence returning None.
2025-08-05 03:43:09,981:INFO:Soft dependency imported: xgboost: 3.0.3
2025-08-05 03:43:09,982:INFO:Soft dependency imported: catboost: 1.2.8
2025-08-05 03:43:09,998:INFO:Engine for model 'rbfsvm' has not been set explicitly, hence returning None.
2025-08-05 03:43:10,007:INFO:Soft dependency imported: xgboost: 3.0.3
2025-08-05 03:43:10,007:INFO:Soft dependency imported: catboost: 1.2.8
2025-08-05 03:43:10,008:INFO:Engine successfully changes for model 'rbfsvm' to 'sklearn'.
2025-08-05 03:43:10,031:INFO:Soft dependency imported: xgboost: 3.0.3
2025-08-05 03:43:10,032:INFO:Soft dependency imported: catboost: 1.2.8
2025-08-05 03:43:10,056:INFO:Soft dependency imported: xgboost: 3.0.3
2025-08-05 03:43:10,057:INFO:Soft dependency imported: catboost: 1.2.8
2025-08-05 03:43:10,057:INFO:Preparing preprocessing pipeline...
2025-08-05 03:43:10,058:INFO:Set up simple imputation.
2025-08-05 03:43:10,064:INFO:Finished creating preprocessing pipeline.
2025-08-05 03:43:10,065:INFO:Pipeline: Pipeline(memory=FastMemory(location=/tmp/joblib),
         steps=[('numerical_imputer',
                 TransformerWrapper(exclude=None,
                                    include=['having_IP_Address', 'URL_Length',
                                             'Shortining_Service',
                                             'having_At_Symbol',
                                             'double_slash_redirecting',
                                             'Prefix_Suffix',
                                             'having_Sub_Domain',
                                             'SSLfinal_State', 'URL_of_Anchor',
                                             'Links_in_tags', 'SFH',
                                             'Abnormal_URL'],
                                    transformer=SimpleImputer(add_indicator=False,
                                                              copy=True,
                                                              fill_value=None,
                                                              keep_empty_features=False,
                                                              missing_values=nan,
                                                              strategy='mean'))),
                ('categorical_imputer',
                 TransformerWrapper(exclude=None, include=[],
                                    transformer=SimpleImputer(add_indicator=False,
                                                              copy=True,
                                                              fill_value=None,
                                                              keep_empty_features=False,
                                                              missing_values=nan,
                                                              strategy='most_frequent')))],
         verbose=False)
2025-08-05 03:43:10,065:INFO:Creating final display dataframe.
2025-08-05 03:43:10,084:INFO:Setup _display_container:                     Description             Value
0                    Session id                42
1                        Target             label
2                   Target type            Binary
3           Original data shape         (500, 13)
4        Transformed data shape         (500, 13)
5   Transformed train set shape         (350, 13)
6    Transformed test set shape         (150, 13)
7              Numeric features                12
8                    Preprocess              True
9               Imputation type            simple
10           Numeric imputation              mean
11       Categorical imputation              mode
12               Fold Generator   StratifiedKFold
13                  Fold Number                10
14                     CPU Jobs                -1
15                      Use GPU             False
16               Log Experiment             False
17              Experiment Name  clf-default-name
18                          USI              7b21
2025-08-05 03:43:10,108:INFO:Soft dependency imported: xgboost: 3.0.3
2025-08-05 03:43:10,109:INFO:Soft dependency imported: catboost: 1.2.8
2025-08-05 03:43:10,133:INFO:Soft dependency imported: xgboost: 3.0.3
2025-08-05 03:43:10,134:INFO:Soft dependency imported: catboost: 1.2.8
2025-08-05 03:43:10,134:INFO:setup() successfully completed in 1.49s...............
2025-08-05 03:43:10,134:INFO:Initializing compare_models()
2025-08-05 03:43:10,135:INFO:compare_models(self=<pycaret.classification.oop.ClassificationExperiment object at 0xffff3c786350>, include=['lr', 'knn', 'rf', 'et', 'lightgbm'], exclude=None, fold=None, round=4, cross_validation=True, sort=Accuracy, n_select=1, budget_time=None, turbo=True, errors=ignore, fit_kwargs=None, groups=None, experiment_custom_tags=None, probability_threshold=None, verbose=True, parallel=None, caller_params={'self': <pycaret.classification.oop.ClassificationExperiment object at 0xffff3c786350>, 'include': ['lr', 'knn', 'rf', 'et', 'lightgbm'], 'exclude': None, 'fold': None, 'round': 4, 'cross_validation': True, 'sort': 'Accuracy', 'n_select': 1, 'budget_time': None, 'turbo': True, 'errors': 'ignore', 'fit_kwargs': None, 'groups': None, 'experiment_custom_tags': None, 'probability_threshold': None, 'engine': None, 'verbose': True, 'parallel': None, '__class__': <class 'pycaret.classification.oop.ClassificationExperiment'>})
2025-08-05 03:43:10,135:INFO:Checking exceptions
2025-08-05 03:43:10,136:INFO:Preparing display monitor
2025-08-05 03:43:10,137:INFO:Initializing Logistic Regression
2025-08-05 03:43:10,137:INFO:Total runtime is 2.2490819295247396e-06 minutes
2025-08-05 03:43:10,137:INFO:SubProcess create_model() called ==================================
2025-08-05 03:43:10,137:INFO:Initializing create_model()
2025-08-05 03:43:10,137:INFO:create_model(self=<pycaret.classification.oop.ClassificationExperiment object at 0xffff3c786350>, estimator=lr, fold=StratifiedKFold(n_splits=10, random_state=None, shuffle=False), round=4, cross_validation=True, predict=True, fit_kwargs={}, groups=None, refit=False, probability_threshold=None, experiment_custom_tags=None, verbose=False, system=False, add_to_model_list=True, metrics=None, display=<pycaret.internal.display.display.CommonDisplay object at 0xffff15c560d0>, model_only=True, return_train_score=False, error_score=0.0, kwargs={})
2025-08-05 03:43:10,137:INFO:Checking exceptions
2025-08-05 03:43:10,137:INFO:Importing libraries
2025-08-05 03:43:10,137:INFO:Copying training dataset
2025-08-05 03:43:10,139:INFO:Defining folds
2025-08-05 03:43:10,139:INFO:Declaring metric variables
2025-08-05 03:43:10,139:INFO:Importing untrained model
2025-08-05 03:43:10,139:INFO:Logistic Regression Imported successfully
2025-08-05 03:43:10,139:INFO:Starting cross validation
2025-08-05 03:43:10,139:INFO:Cross validating with StratifiedKFold(n_splits=10, random_state=None, shuffle=False), n_jobs=-1
2025-08-05 03:43:11,191:INFO:Calculating mean and std
2025-08-05 03:43:11,192:INFO:Creating metrics dataframe
2025-08-05 03:43:11,194:INFO:Uploading results into container
2025-08-05 03:43:11,194:INFO:Uploading model into container now
2025-08-05 03:43:11,195:INFO:_master_model_container: 1
2025-08-05 03:43:11,195:INFO:_display_container: 2
2025-08-05 03:43:11,195:INFO:LogisticRegression(C=1.0, class_weight=None, dual=False, fit_intercept=True,
                   intercept_scaling=1, l1_ratio=None, max_iter=1000,
                   multi_class='auto', n_jobs=None, penalty='l2',
                   random_state=42, solver='lbfgs', tol=0.0001, verbose=0,
                   warm_start=False)
2025-08-05 03:43:11,195:INFO:create_model() successfully completed......................................
2025-08-05 03:43:11,295:INFO:SubProcess create_model() end ==================================
2025-08-05 03:43:11,296:INFO:Creating metrics dataframe
2025-08-05 03:43:11,297:INFO:Initializing K Neighbors Classifier
2025-08-05 03:43:11,297:INFO:Total runtime is 0.019336998462677002 minutes
2025-08-05 03:43:11,297:INFO:SubProcess create_model() called ==================================
2025-08-05 03:43:11,297:INFO:Initializing create_model()
2025-08-05 03:43:11,297:INFO:create_model(self=<pycaret.classification.oop.ClassificationExperiment object at 0xffff3c786350>, estimator=knn, fold=StratifiedKFold(n_splits=10, random_state=None, shuffle=False), round=4, cross_validation=True, predict=True, fit_kwargs={}, groups=None, refit=False, probability_threshold=None, experiment_custom_tags=None, verbose=False, system=False, add_to_model_list=True, metrics=None, display=<pycaret.internal.display.display.CommonDisplay object at 0xffff15c560d0>, model_only=True, return_train_score=False, error_score=0.0, kwargs={})
2025-08-05 03:43:11,297:INFO:Checking exceptions
2025-08-05 03:43:11,297:INFO:Importing libraries
2025-08-05 03:43:11,298:INFO:Copying training dataset
2025-08-05 03:43:11,299:INFO:Defining folds
2025-08-05 03:43:11,299:INFO:Declaring metric variables
2025-08-05 03:43:11,299:INFO:Importing untrained model
2025-08-05 03:43:11,299:INFO:K Neighbors Classifier Imported successfully
2025-08-05 03:43:11,300:INFO:Starting cross validation
2025-08-05 03:43:11,300:INFO:Cross validating with StratifiedKFold(n_splits=10, random_state=None, shuffle=False), n_jobs=-1
2025-08-05 03:43:12,167:INFO:Calculating mean and std
2025-08-05 03:43:12,168:INFO:Creating metrics dataframe
2025-08-05 03:43:12,169:INFO:Uploading results into container
2025-08-05 03:43:12,169:INFO:Uploading model into container now
2025-08-05 03:43:12,169:INFO:_master_model_container: 2
2025-08-05 03:43:12,169:INFO:_display_container: 2
2025-08-05 03:43:12,169:INFO:KNeighborsClassifier(algorithm='auto', leaf_size=30, metric='minkowski',
                     metric_params=None, n_jobs=-1, n_neighbors=5, p=2,
                     weights='uniform')
2025-08-05 03:43:12,169:INFO:create_model() successfully completed......................................
2025-08-05 03:43:12,250:INFO:SubProcess create_model() end ==================================
2025-08-05 03:43:12,251:INFO:Creating metrics dataframe
2025-08-05 03:43:12,252:INFO:Initializing Random Forest Classifier
2025-08-05 03:43:12,252:INFO:Total runtime is 0.035254931449890135 minutes
2025-08-05 03:43:12,252:INFO:SubProcess create_model() called ==================================
2025-08-05 03:43:12,252:INFO:Initializing create_model()
2025-08-05 03:43:12,252:INFO:create_model(self=<pycaret.classification.oop.ClassificationExperiment object at 0xffff3c786350>, estimator=rf, fold=StratifiedKFold(n_splits=10, random_state=None, shuffle=False), round=4, cross_validation=True, predict=True, fit_kwargs={}, groups=None, refit=False, probability_threshold=None, experiment_custom_tags=None, verbose=False, system=False, add_to_model_list=True, metrics=None, display=<pycaret.internal.display.display.CommonDisplay object at 0xffff15c560d0>, model_only=True, return_train_score=False, error_score=0.0, kwargs={})
2025-08-05 03:43:12,252:INFO:Checking exceptions
2025-08-05 03:43:12,253:INFO:Importing libraries
2025-08-05 03:43:12,253:INFO:Copying training dataset
2025-08-05 03:43:12,254:INFO:Defining folds
2025-08-05 03:43:12,254:INFO:Declaring metric variables
2025-08-05 03:43:12,254:INFO:Importing untrained model
2025-08-05 03:43:12,254:INFO:Random Forest Classifier Imported successfully
2025-08-05 03:43:12,254:INFO:Starting cross validation
2025-08-05 03:43:12,255:INFO:Cross validating with StratifiedKFold(n_splits=10, random_state=None, shuffle=False), n_jobs=-1
2025-08-05 03:43:12,442:INFO:Calculating mean and std
2025-08-05 03:43:12,442:INFO:Creating metrics dataframe
2025-08-05 03:43:12,443:INFO:Uploading results into container
2025-08-05 03:43:12,443:INFO:Uploading model into container now
2025-08-05 03:43:12,444:INFO:_master_model_container: 3
2025-08-05 03:43:12,444:INFO:_display_container: 2
2025-08-05 03:43:12,444:INFO:RandomForestClassifier(bootstrap=True, ccp_alpha=0.0, class_weight=None,
                       criterion='gini', max_depth=None, max_features='sqrt',
                       max_leaf_nodes=None, max_samples=None,
                       min_impurity_decrease=0.0, min_samples_leaf=1,
                       min_samples_split=2, min_weight_fraction_leaf=0.0,
                       monotonic_cst=None, n_estimators=100, n_jobs=-1,
                       oob_score=False, random_state=42, verbose=0,
                       warm_start=False)
2025-08-05 03:43:12,444:INFO:create_model() successfully completed......................................
2025-08-05 03:43:12,515:INFO:SubProcess create_model() end ==================================
2025-08-05 03:43:12,515:INFO:Creating metrics dataframe
2025-08-05 03:43:12,516:INFO:Initializing Extra Trees Classifier
2025-08-05 03:43:12,516:INFO:Total runtime is 0.03965975443522135 minutes
2025-08-05 03:43:12,516:INFO:SubProcess create_model() called ==================================
2025-08-05 03:43:12,517:INFO:Initializing create_model()
2025-08-05 03:43:12,517:INFO:create_model(self=<pycaret.classification.oop.ClassificationExperiment object at 0xffff3c786350>, estimator=et, fold=StratifiedKFold(n_splits=10, random_state=None, shuffle=False), round=4, cross_validation=True, predict=True, fit_kwargs={}, groups=None, refit=False, probability_threshold=None, experiment_custom_tags=None, verbose=False, system=False, add_to_model_list=True, metrics=None, display=<pycaret.internal.display.display.CommonDisplay object at 0xffff15c560d0>, model_only=True, return_train_score=False, error_score=0.0, kwargs={})
2025-08-05 03:43:12,517:INFO:Checking exceptions
2025-08-05 03:43:12,517:INFO:Importing libraries
2025-08-05 03:43:12,517:INFO:Copying training dataset
2025-08-05 03:43:12,518:INFO:Defining folds
2025-08-05 03:43:12,518:INFO:Declaring metric variables
2025-08-05 03:43:12,518:INFO:Importing untrained model
2025-08-05 03:43:12,519:INFO:Extra Trees Classifier Imported successfully
2025-08-05 03:43:12,519:INFO:Starting cross validation
2025-08-05 03:43:12,519:INFO:Cross validating with StratifiedKFold(n_splits=10, random_state=None, shuffle=False), n_jobs=-1
2025-08-05 03:43:12,669:INFO:Calculating mean and std
2025-08-05 03:43:12,669:INFO:Creating metrics dataframe
2025-08-05 03:43:12,670:INFO:Uploading results into container
2025-08-05 03:43:12,670:INFO:Uploading model into container now
2025-08-05 03:43:12,670:INFO:_master_model_container: 4
2025-08-05 03:43:12,671:INFO:_display_container: 2
2025-08-05 03:43:12,671:INFO:ExtraTreesClassifier(bootstrap=False, ccp_alpha=0.0, class_weight=None,
                     criterion='gini', max_depth=None, max_features='sqrt',
                     max_leaf_nodes=None, max_samples=None,
                     min_impurity_decrease=0.0, min_samples_leaf=1,
                     min_samples_split=2, min_weight_fraction_leaf=0.0,
                     monotonic_cst=None, n_estimators=100, n_jobs=-1,
                     oob_score=False, random_state=42, verbose=0,
                     warm_start=False)
2025-08-05 03:43:12,671:INFO:create_model() successfully completed......................................
2025-08-05 03:43:12,742:INFO:SubProcess create_model() end ==================================
2025-08-05 03:43:12,742:INFO:Creating metrics dataframe
2025-08-05 03:43:12,743:INFO:Initializing Light Gradient Boosting Machine
2025-08-05 03:43:12,743:INFO:Total runtime is 0.04343902269999186 minutes
2025-08-05 03:43:12,743:INFO:SubProcess create_model() called ==================================
2025-08-05 03:43:12,743:INFO:Initializing create_model()
2025-08-05 03:43:12,743:INFO:create_model(self=<pycaret.classification.oop.ClassificationExperiment object at 0xffff3c786350>, estimator=lightgbm, fold=StratifiedKFold(n_splits=10, random_state=None, shuffle=False), round=4, cross_validation=True, predict=True, fit_kwargs={}, groups=None, refit=False, probability_threshold=None, experiment_custom_tags=None, verbose=False, system=False, add_to_model_list=True, metrics=None, display=<pycaret.internal.display.display.CommonDisplay object at 0xffff15c560d0>, model_only=True, return_train_score=False, error_score=0.0, kwargs={})
2025-08-05 03:43:12,743:INFO:Checking exceptions
2025-08-05 03:43:12,744:INFO:Importing libraries
2025-08-05 03:43:12,744:INFO:Copying training dataset
2025-08-05 03:43:12,745:INFO:Defining folds
2025-08-05 03:43:12,745:INFO:Declaring metric variables
2025-08-05 03:43:12,745:INFO:Importing untrained model
2025-08-05 03:43:12,745:INFO:Light Gradient Boosting Machine Imported successfully
2025-08-05 03:43:12,746:INFO:Starting cross validation
2025-08-05 03:43:12,746:INFO:Cross validating with StratifiedKFold(n_splits=10, random_state=None, shuffle=False), n_jobs=-1
2025-08-05 03:43:25,849:INFO:Calculating mean and std
2025-08-05 03:43:25,850:INFO:Creating metrics dataframe
2025-08-05 03:43:25,850:INFO:Uploading results into container
2025-08-05 03:43:25,851:INFO:Uploading model into container now
2025-08-05 03:43:25,851:INFO:_master_model_container: 5
2025-08-05 03:43:25,851:INFO:_display_container: 2
2025-08-05 03:43:25,851:INFO:LGBMClassifier(boosting_type='gbdt', class_weight=None, colsample_bytree=1.0,
               importance_type='split', learning_rate=0.1, max_depth=-1,
               min_child_samples=20, min_child_weight=0.001, min_split_gain=0.0,
               n_estimators=100, n_jobs=-1, num_leaves=31, objective=None,
               random_state=42, reg_alpha=0.0, reg_lambda=0.0, subsample=1.0,
               subsample_for_bin=200000, subsample_freq=0)
2025-08-05 03:43:25,851:INFO:create_model() successfully completed......................................
2025-08-05 03:43:25,925:INFO:SubProcess create_model() end ==================================
2025-08-05 03:43:25,925:INFO:Creating metrics dataframe
2025-08-05 03:43:25,926:WARNING:/usr/local/lib/python3.11/site-packages/pycaret/internal/pycaret_experiment/supervised_experiment.py:339: FutureWarning: Styler.applymap has been deprecated. Use Styler.map instead.

2025-08-05 03:43:25,927:INFO:Initializing create_model()
2025-08-05 03:43:25,927:INFO:create_model(self=<pycaret.classification.oop.ClassificationExperiment object at 0xffff3c786350>, estimator=LogisticRegression(C=1.0, class_weight=None, dual=False, fit_intercept=True,
                   intercept_scaling=1, l1_ratio=None, max_iter=1000,
                   multi_class='auto', n_jobs=None, penalty='l2',
                   random_state=42, solver='lbfgs', tol=0.0001, verbose=0,
                   warm_start=False), fold=StratifiedKFold(n_splits=10, random_state=None, shuffle=False), round=4, cross_validation=False, predict=False, fit_kwargs={}, groups=None, refit=True, probability_threshold=None, experiment_custom_tags=None, verbose=False, system=False, add_to_model_list=True, metrics=None, display=None, model_only=True, return_train_score=False, error_score=0.0, kwargs={})
2025-08-05 03:43:25,927:INFO:Checking exceptions
2025-08-05 03:43:25,928:INFO:Importing libraries
2025-08-05 03:43:25,928:INFO:Copying training dataset
2025-08-05 03:43:25,929:INFO:Defining folds
2025-08-05 03:43:25,929:INFO:Declaring metric variables
2025-08-05 03:43:25,929:INFO:Importing untrained model
2025-08-05 03:43:25,929:INFO:Declaring custom model
2025-08-05 03:43:25,929:INFO:Logistic Regression Imported successfully
2025-08-05 03:43:25,930:INFO:Cross validation set to False
2025-08-05 03:43:25,930:INFO:Fitting Model
2025-08-05 03:43:25,934:INFO:LogisticRegression(C=1.0, class_weight=None, dual=False, fit_intercept=True,
                   intercept_scaling=1, l1_ratio=None, max_iter=1000,
                   multi_class='auto', n_jobs=None, penalty='l2',
                   random_state=42, solver='lbfgs', tol=0.0001, verbose=0,
                   warm_start=False)
2025-08-05 03:43:25,934:INFO:create_model() successfully completed......................................
2025-08-05 03:43:26,003:INFO:_master_model_container: 5
2025-08-05 03:43:26,003:INFO:_display_container: 2
2025-08-05 03:43:26,004:INFO:LogisticRegression(C=1.0, class_weight=None, dual=False, fit_intercept=True,
                   intercept_scaling=1, l1_ratio=None, max_iter=1000,
                   multi_class='auto', n_jobs=None, penalty='l2',
                   random_state=42, solver='lbfgs', tol=0.0001, verbose=0,
                   warm_start=False)
2025-08-05 03:43:26,004:INFO:compare_models() successfully completed......................................
2025-08-05 03:43:26,004:INFO:Initializing finalize_model()
2025-08-05 03:43:26,004:INFO:finalize_model(self=<pycaret.classification.oop.ClassificationExperiment object at 0xffff3c786350>, estimator=LogisticRegression(C=1.0, class_weight=None, dual=False, fit_intercept=True,
                   intercept_scaling=1, l1_ratio=None, max_iter=1000,
                   multi_class='auto', n_jobs=None, penalty='l2',
                   random_state=42, solver='lbfgs', tol=0.0001, verbose=0,
                   warm_start=False), fit_kwargs=None, groups=None, model_only=False, experiment_custom_tags=None)
2025-08-05 03:43:26,004:INFO:Finalizing LogisticRegression(C=1.0, class_weight=None, dual=False, fit_intercept=True,
                   intercept_scaling=1, l1_ratio=None, max_iter=1000,
                   multi_class='auto', n_jobs=None, penalty='l2',
                   random_state=42, solver='lbfgs', tol=0.0001, verbose=0,
                   warm_start=False)
2025-08-05 03:43:26,005:INFO:Initializing create_model()
2025-08-05 03:43:26,005:INFO:create_model(self=<pycaret.classification.oop.ClassificationExperiment object at 0xffff3c786350>, estimator=LogisticRegression(C=1.0, class_weight=None, dual=False, fit_intercept=True,
                   intercept_scaling=1, l1_ratio=None, max_iter=1000,
                   multi_class='auto', n_jobs=None, penalty='l2',
                   random_state=42, solver='lbfgs', tol=0.0001, verbose=0,
                   warm_start=False), fold=None, round=4, cross_validation=False, predict=False, fit_kwargs={}, groups=None, refit=True, probability_threshold=None, experiment_custom_tags=None, verbose=False, system=False, add_to_model_list=False, metrics=None, display=None, model_only=False, return_train_score=False, error_score=0.0, kwargs={})
2025-08-05 03:43:26,005:INFO:Checking exceptions
2025-08-05 03:43:26,006:INFO:Importing libraries
2025-08-05 03:43:26,006:INFO:Copying training dataset
2025-08-05 03:43:26,006:INFO:Defining folds
2025-08-05 03:43:26,006:INFO:Declaring metric variables
2025-08-05 03:43:26,006:INFO:Importing untrained model
2025-08-05 03:43:26,006:INFO:Declaring custom model
2025-08-05 03:43:26,006:INFO:Logistic Regression Imported successfully
2025-08-05 03:43:26,007:INFO:Cross validation set to False
2025-08-05 03:43:26,007:INFO:Fitting Model
2025-08-05 03:43:26,011:INFO:Pipeline(memory=Memory(location=None),
         steps=[('numerical_imputer',
                 TransformerWrapper(exclude=None,
                                    include=['having_IP_Address', 'URL_Length',
                                             'Shortining_Service',
                                             'having_At_Symbol',
                                             'double_slash_redirecting',
                                             'Prefix_Suffix',
                                             'having_Sub_Domain',
                                             'SSLfinal_State', 'URL_of_Anchor',
                                             'Links_in_tags', 'SFH',
                                             'Abnormal_URL'],
                                    transformer=SimpleImputer(add_indica...
                                                              fill_value=None,
                                                              keep_empty_features=False,
                                                              missing_values=nan,
                                                              strategy='most_frequent'))),
                ('actual_estimator',
                 LogisticRegression(C=1.0, class_weight=None, dual=False,
                                    fit_intercept=True, intercept_scaling=1,
                                    l1_ratio=None, max_iter=1000,
                                    multi_class='auto', n_jobs=None,
                                    penalty='l2', random_state=42,
                                    solver='lbfgs', tol=0.0001, verbose=0,
                                    warm_start=False))],
         verbose=False)
2025-08-05 03:43:26,011:INFO:create_model() successfully completed......................................
2025-08-05 03:43:26,076:INFO:_master_model_container: 5
2025-08-05 03:43:26,076:INFO:_display_container: 2
2025-08-05 03:43:26,078:INFO:Pipeline(memory=Memory(location=None),
         steps=[('numerical_imputer',
                 TransformerWrapper(exclude=None,
                                    include=['having_IP_Address', 'URL_Length',
                                             'Shortining_Service',
                                             'having_At_Symbol',
                                             'double_slash_redirecting',
                                             'Prefix_Suffix',
                                             'having_Sub_Domain',
                                             'SSLfinal_State', 'URL_of_Anchor',
                                             'Links_in_tags', 'SFH',
                                             'Abnormal_URL'],
                                    transformer=SimpleImputer(add_indica...
                                                              fill_value=None,
                                                              keep_empty_features=False,
                                                              missing_values=nan,
                                                              strategy='most_frequent'))),
                ('actual_estimator',
                 LogisticRegression(C=1.0, class_weight=None, dual=False,
                                    fit_intercept=True, intercept_scaling=1,
                                    l1_ratio=None, max_iter=1000,
                                    multi_class='auto', n_jobs=None,
                                    penalty='l2', random_state=42,
                                    solver='lbfgs', tol=0.0001, verbose=0,
                                    warm_start=False))],
         verbose=False)
2025-08-05 03:43:26,078:INFO:finalize_model() successfully completed......................................
2025-08-05 03:43:26,140:INFO:Initializing save_model()
2025-08-05 03:43:26,140:INFO:save_model(model=Pipeline(memory=Memory(location=None),
         steps=[('numerical_imputer',
                 TransformerWrapper(exclude=None,
                                    include=['having_IP_Address', 'URL_Length',
                                             'Shortining_Service',
                                             'having_At_Symbol',
                                             'double_slash_redirecting',
                                             'Prefix_Suffix',
                                             'having_Sub_Domain',
                                             'SSLfinal_State', 'URL_of_Anchor',
                                             'Links_in_tags', 'SFH',
                                             'Abnormal_URL'],
                                    transformer=SimpleImputer(add_indica...
                                                              fill_value=None,
                                                              keep_empty_features=False,
                                                              missing_values=nan,
                                                              strategy='most_frequent'))),
                ('actual_estimator',
                 LogisticRegression(C=1.0, class_weight=None, dual=False,
                                    fit_intercept=True, intercept_scaling=1,
                                    l1_ratio=None, max_iter=1000,
                                    multi_class='auto', n_jobs=None,
                                    penalty='l2', random_state=42,
                                    solver='lbfgs', tol=0.0001, verbose=0,
                                    warm_start=False))],
         verbose=False), model_name=models/phishing_url_detector, prep_pipe_=Pipeline(memory=FastMemory(location=/tmp/joblib),
         steps=[('numerical_imputer',
                 TransformerWrapper(exclude=None,
                                    include=['having_IP_Address', 'URL_Length',
                                             'Shortining_Service',
                                             'having_At_Symbol',
                                             'double_slash_redirecting',
                                             'Prefix_Suffix',
                                             'having_Sub_Domain',
                                             'SSLfinal_State', 'URL_of_Anchor',
                                             'Links_in_tags', 'SFH',
                                             'Abnormal_URL'],
                                    transformer=SimpleImputer(add_indicator=False,
                                                              copy=True,
                                                              fill_value=None,
                                                              keep_empty_features=False,
                                                              missing_values=nan,
                                                              strategy='mean'))),
                ('categorical_imputer',
                 TransformerWrapper(exclude=None, include=[],
                                    transformer=SimpleImputer(add_indicator=False,
                                                              copy=True,
                                                              fill_value=None,
                                                              keep_empty_features=False,
                                                              missing_values=nan,
                                                              strategy='most_frequent')))],
         verbose=False), verbose=True, use_case=MLUsecase.CLASSIFICATION, kwargs={})
2025-08-05 03:43:26,140:INFO:Adding model into prep_pipe
2025-08-05 03:43:26,140:WARNING:Only Model saved as it was a pipeline.
2025-08-05 03:43:26,142:INFO:models/phishing_url_detector.pkl saved in current working directory
2025-08-05 03:43:26,143:INFO:Pipeline(memory=Memory(location=None),
         steps=[('numerical_imputer',
                 TransformerWrapper(exclude=None,
                                    include=['having_IP_Address', 'URL_Length',
                                             'Shortining_Service',
                                             'having_At_Symbol',
                                             'double_slash_redirecting',
                                             'Prefix_Suffix',
                                             'having_Sub_Domain',
                                             'SSLfinal_State', 'URL_of_Anchor',
                                             'Links_in_tags', 'SFH',
                                             'Abnormal_URL'],
                                    transformer=SimpleImputer(add_indica...
                                                              fill_value=None,
                                                              keep_empty_features=False,
                                                              missing_values=nan,
                                                              strategy='most_frequent'))),
                ('actual_estimator',
                 LogisticRegression(C=1.0, class_weight=None, dual=False,
                                    fit_intercept=True, intercept_scaling=1,
                                    l1_ratio=None, max_iter=1000,
                                    multi_class='auto', n_jobs=None,
                                    penalty='l2', random_state=42,
                                    solver='lbfgs', tol=0.0001, verbose=0,
                                    warm_start=False))],
         verbose=False)
2025-08-05 03:43:26,143:INFO:save_model() successfully completed......................................
2025-08-05 03:44:00,766:WARNING:
'cuml' is a soft dependency and not included in the pycaret installation. Please run: `pip install cuml` to install.
2025-08-05 03:44:00,766:WARNING:
'cuml' is a soft dependency and not included in the pycaret installation. Please run: `pip install cuml` to install.
2025-08-05 03:44:00,766:WARNING:
'cuml' is a soft dependency and not included in the pycaret installation. Please run: `pip install cuml` to install.
2025-08-05 03:44:00,766:WARNING:
'cuml' is a soft dependency and not included in the pycaret installation. Please run: `pip install cuml` to install.
2025-08-05 03:44:01,578:INFO:Initializing load_model()
2025-08-05 03:44:01,578:INFO:load_model(model_name=models/phishing_url_detector, platform=None, authentication=None, verbose=True)
2025-08-05 03:44:05,596:INFO:Initializing predict_model()
2025-08-05 03:44:05,596:INFO:predict_model(self=<pycaret.classification.oop.ClassificationExperiment object at 0xffff234c4450>, estimator=Pipeline(memory=Memory(location=None),
         steps=[('numerical_imputer',
                 TransformerWrapper(include=['having_IP_Address', 'URL_Length',
                                             'Shortining_Service',
                                             'having_At_Symbol',
                                             'double_slash_redirecting',
                                             'Prefix_Suffix',
                                             'having_Sub_Domain',
                                             'SSLfinal_State', 'URL_of_Anchor',
                                             'Links_in_tags', 'SFH',
                                             'Abnormal_URL'],
                                    transformer=SimpleImputer())),
                ('categorical_imputer',
                 TransformerWrapper(include=[],
                                    transformer=SimpleImputer(strategy='most_frequent'))),
                ('actual_estimator',
                 LogisticRegression(max_iter=1000, random_state=42))]), probability_threshold=None, encoded_labels=False, raw_score=False, round=4, verbose=True, ml_usecase=None, preprocess=True, encode_labels=<function _SupervisedExperiment.predict_model.<locals>.encode_labels at 0xffff9b5a7420>)
2025-08-05 03:44:05,597:INFO:Checking exceptions
2025-08-05 03:44:05,598:INFO:Preloading libraries
2025-08-05 03:44:05,598:INFO:Set up data.
2025-08-05 03:44:05,602:INFO:Set up index.
2025-08-05 03:49:15,055:WARNING:
'cuml' is a soft dependency and not included in the pycaret installation. Please run: `pip install cuml` to install.
2025-08-05 03:49:15,055:WARNING:
'cuml' is a soft dependency and not included in the pycaret installation. Please run: `pip install cuml` to install.
2025-08-05 03:49:15,055:WARNING:
'cuml' is a soft dependency and not included in the pycaret installation. Please run: `pip install cuml` to install.
2025-08-05 03:49:15,055:WARNING:
'cuml' is a soft dependency and not included in the pycaret installation. Please run: `pip install cuml` to install.
2025-08-05 03:49:15,535:INFO:PyCaret ClassificationExperiment
2025-08-05 03:49:15,535:INFO:Logging name: clf-default-name
2025-08-05 03:49:15,536:INFO:ML Usecase: MLUsecase.CLASSIFICATION
2025-08-05 03:49:15,536:INFO:version 3.3.2
2025-08-05 03:49:15,536:INFO:Initializing setup()
2025-08-05 03:49:15,536:INFO:self.USI: a15a
2025-08-05 03:49:15,536:INFO:self._variable_keys: {'log_plots_param', 'X', 'pipeline', 'seed', 'gpu_param', 'logging_param', 'fold_shuffle_param', 'fix_imbalance', 'n_jobs_param', 'X_train', '_available_plots', '_ml_usecase', 'data', 'y_test', 'exp_name_log', 'fold_generator', 'is_multiclass', 'exp_id', 'memory', 'gpu_n_jobs_param', 'target_param', 'y_train', 'idx', 'y', 'fold_groups_param', 'USI', 'html_param', 'X_test'}
2025-08-05 03:49:15,536:INFO:Checking environment
2025-08-05 03:49:15,536:INFO:python_version: 3.11.13
2025-08-05 03:49:15,536:INFO:python_build: ('main', 'Jul 23 2025 18:09:53')
2025-08-05 03:49:15,536:INFO:machine: aarch64
2025-08-05 03:49:15,537:INFO:platform: Linux-6.10.14-linuxkit-aarch64-with-glibc2.36
2025-08-05 03:49:15,537:INFO:Memory: svmem(total=17011818496, available=15880933376, percent=6.6, used=859435008, free=5052112896, active=1269186560, inactive=9475530752, buffers=529743872, cached=10570526720, shared=7360512, slab=1074659328)
2025-08-05 03:49:15,537:INFO:Physical Core: 16
2025-08-05 03:49:15,537:INFO:Logical Core: 16
2025-08-05 03:49:15,537:INFO:Checking libraries
2025-08-05 03:49:15,537:INFO:System:
2025-08-05 03:49:15,537:INFO:    python: 3.11.13 (main, Jul 23 2025, 18:09:53) [GCC 12.2.0]
2025-08-05 03:49:15,537:INFO:executable: /usr/local/bin/python
2025-08-05 03:49:15,537:INFO:   machine: Linux-6.10.14-linuxkit-aarch64-with-glibc2.36
2025-08-05 03:49:15,537:INFO:PyCaret required dependencies:
2025-08-05 03:49:15,791:INFO:                 pip: 24.0
2025-08-05 03:49:15,791:INFO:          setuptools: 80.9.0
2025-08-05 03:49:15,791:INFO:             pycaret: 3.3.2
2025-08-05 03:49:15,791:INFO:             IPython: 9.4.0
2025-08-05 03:49:15,792:INFO:          ipywidgets: 8.1.7
2025-08-05 03:49:15,792:INFO:                tqdm: 4.67.1
2025-08-05 03:49:15,792:INFO:               numpy: 1.26.4
2025-08-05 03:49:15,792:INFO:              pandas: 2.1.4
2025-08-05 03:49:15,792:INFO:              jinja2: 3.1.6
2025-08-05 03:49:15,792:INFO:               scipy: 1.11.4
2025-08-05 03:49:15,792:INFO:              joblib: 1.3.2
2025-08-05 03:49:15,792:INFO:             sklearn: 1.4.2
2025-08-05 03:49:15,792:INFO:                pyod: 2.0.5
2025-08-05 03:49:15,792:INFO:            imblearn: 0.13.0
2025-08-05 03:49:15,792:INFO:   category_encoders: 2.7.0
2025-08-05 03:49:15,792:INFO:            lightgbm: 4.6.0
2025-08-05 03:49:15,792:INFO:               numba: 0.61.0
2025-08-05 03:49:15,792:INFO:            requests: 2.32.4
2025-08-05 03:49:15,792:INFO:          matplotlib: 3.7.5
2025-08-05 03:49:15,792:INFO:          scikitplot: 0.3.7
2025-08-05 03:49:15,792:INFO:         yellowbrick: 1.5
2025-08-05 03:49:15,793:INFO:              plotly: 5.24.1
2025-08-05 03:49:15,793:INFO:    plotly-resampler: Not installed
2025-08-05 03:49:15,793:INFO:             kaleido: 1.0.0
2025-08-05 03:49:15,793:INFO:           schemdraw: 0.15
2025-08-05 03:49:15,793:INFO:         statsmodels: 0.14.5
2025-08-05 03:49:15,793:INFO:              sktime: 0.26.0
2025-08-05 03:49:15,793:INFO:               tbats: 1.1.3
2025-08-05 03:49:15,793:INFO:            pmdarima: 2.0.4
2025-08-05 03:49:15,793:INFO:              psutil: 7.0.0
2025-08-05 03:49:15,793:INFO:          markupsafe: 3.0.2
2025-08-05 03:49:15,793:INFO:             pickle5: Not installed
2025-08-05 03:49:15,793:INFO:         cloudpickle: 3.1.1
2025-08-05 03:49:15,793:INFO:         deprecation: 2.1.0
2025-08-05 03:49:15,793:INFO:              xxhash: 3.5.0
2025-08-05 03:49:15,793:INFO:           wurlitzer: 3.1.1
2025-08-05 03:49:15,793:INFO:PyCaret optional dependencies:
2025-08-05 03:49:16,788:INFO:                shap: 0.44.1
2025-08-05 03:49:16,788:INFO:           interpret: 0.7.1
2025-08-05 03:49:16,788:INFO:                umap: 0.5.7
2025-08-05 03:49:16,788:INFO:     ydata_profiling: 4.16.1
2025-08-05 03:49:16,788:INFO:  explainerdashboard: 0.5.1
2025-08-05 03:49:16,788:INFO:             autoviz: Not installed
2025-08-05 03:49:16,788:INFO:           fairlearn: 0.7.0
2025-08-05 03:49:16,788:INFO:          deepchecks: Not installed
2025-08-05 03:49:16,788:INFO:             xgboost: 3.0.3
2025-08-05 03:49:16,788:INFO:            catboost: 1.2.8
2025-08-05 03:49:16,788:INFO:              kmodes: 0.12.2
2025-08-05 03:49:16,788:INFO:             mlxtend: 0.23.4
2025-08-05 03:49:16,788:INFO:       statsforecast: 1.5.0
2025-08-05 03:49:16,789:INFO:        tune_sklearn: Not installed
2025-08-05 03:49:16,789:INFO:                 ray: Not installed
2025-08-05 03:49:16,789:INFO:            hyperopt: 0.2.7
2025-08-05 03:49:16,789:INFO:              optuna: 4.4.0
2025-08-05 03:49:16,789:INFO:               skopt: 0.10.2
2025-08-05 03:49:16,789:INFO:              mlflow: 3.1.4
2025-08-05 03:49:16,789:INFO:              gradio: 5.40.0
2025-08-05 03:49:16,789:INFO:             fastapi: 0.116.1
2025-08-05 03:49:16,789:INFO:             uvicorn: 0.35.0
2025-08-05 03:49:16,789:INFO:              m2cgen: 0.10.0
2025-08-05 03:49:16,789:INFO:           evidently: 0.4.40
2025-08-05 03:49:16,789:INFO:               fugue: 0.8.7
2025-08-05 03:49:16,789:INFO:           streamlit: 1.47.1
2025-08-05 03:49:16,789:INFO:             prophet: Not installed
2025-08-05 03:49:16,789:INFO:None
2025-08-05 03:49:16,790:INFO:Set up data.
2025-08-05 03:49:16,793:INFO:Set up folding strategy.
2025-08-05 03:49:16,793:INFO:Set up train/test split.
2025-08-05 03:49:16,794:INFO:Set up index.
2025-08-05 03:49:16,794:INFO:Assigning column types.
2025-08-05 03:49:16,796:INFO:Engine successfully changes for model 'lr' to 'sklearn'.
2025-08-05 03:49:16,810:INFO:Engine for model 'knn' has not been set explicitly, hence returning None.
2025-08-05 03:49:16,811:INFO:Engine for model 'rbfsvm' has not been set explicitly, hence returning None.
2025-08-05 03:49:16,822:INFO:Soft dependency imported: xgboost: 3.0.3
2025-08-05 03:49:16,823:INFO:Soft dependency imported: catboost: 1.2.8
2025-08-05 03:49:16,845:INFO:Engine for model 'knn' has not been set explicitly, hence returning None.
2025-08-05 03:49:16,845:INFO:Engine for model 'rbfsvm' has not been set explicitly, hence returning None.
2025-08-05 03:49:16,855:INFO:Soft dependency imported: xgboost: 3.0.3
2025-08-05 03:49:16,856:INFO:Soft dependency imported: catboost: 1.2.8
2025-08-05 03:49:16,856:INFO:Engine successfully changes for model 'knn' to 'sklearn'.
2025-08-05 03:49:16,872:INFO:Engine for model 'rbfsvm' has not been set explicitly, hence returning None.
2025-08-05 03:49:16,881:INFO:Soft dependency imported: xgboost: 3.0.3
2025-08-05 03:49:16,882:INFO:Soft dependency imported: catboost: 1.2.8
2025-08-05 03:49:16,898:INFO:Engine for model 'rbfsvm' has not been set explicitly, hence returning None.
2025-08-05 03:49:16,907:INFO:Soft dependency imported: xgboost: 3.0.3
2025-08-05 03:49:16,908:INFO:Soft dependency imported: catboost: 1.2.8
2025-08-05 03:49:16,909:INFO:Engine successfully changes for model 'rbfsvm' to 'sklearn'.
2025-08-05 03:49:16,932:INFO:Soft dependency imported: xgboost: 3.0.3
2025-08-05 03:49:16,933:INFO:Soft dependency imported: catboost: 1.2.8
2025-08-05 03:49:16,958:INFO:Soft dependency imported: xgboost: 3.0.3
2025-08-05 03:49:16,959:INFO:Soft dependency imported: catboost: 1.2.8
2025-08-05 03:49:16,960:INFO:Preparing preprocessing pipeline...
2025-08-05 03:49:16,960:INFO:Set up simple imputation.
2025-08-05 03:49:16,966:INFO:Finished creating preprocessing pipeline.
2025-08-05 03:49:16,968:INFO:Pipeline: Pipeline(memory=FastMemory(location=/tmp/joblib),
         steps=[('numerical_imputer',
                 TransformerWrapper(exclude=None,
                                    include=['having_IP_Address', 'URL_Length',
                                             'Shortining_Service',
                                             'having_At_Symbol',
                                             'double_slash_redirecting',
                                             'Prefix_Suffix',
                                             'having_Sub_Domain',
                                             'SSLfinal_State', 'URL_of_Anchor',
                                             'Links_in_tags', 'SFH',
                                             'Abnormal_URL'],
                                    transformer=SimpleImputer(add_indicator=False,
                                                              copy=True,
                                                              fill_value=None,
                                                              keep_empty_features=False,
                                                              missing_values=nan,
                                                              strategy='mean'))),
                ('categorical_imputer',
                 TransformerWrapper(exclude=None, include=[],
                                    transformer=SimpleImputer(add_indicator=False,
                                                              copy=True,
                                                              fill_value=None,
                                                              keep_empty_features=False,
                                                              missing_values=nan,
                                                              strategy='most_frequent')))],
         verbose=False)
2025-08-05 03:49:16,968:INFO:Creating final display dataframe.
2025-08-05 03:49:16,987:INFO:Setup _display_container:                     Description             Value
0                    Session id                42
1                        Target             label
2                   Target type            Binary
3           Original data shape         (500, 13)
4        Transformed data shape         (500, 13)
5   Transformed train set shape         (350, 13)
6    Transformed test set shape         (150, 13)
7              Numeric features                12
8                    Preprocess              True
9               Imputation type            simple
10           Numeric imputation              mean
11       Categorical imputation              mode
12               Fold Generator   StratifiedKFold
13                  Fold Number                10
14                     CPU Jobs                -1
15                      Use GPU             False
16               Log Experiment             False
17              Experiment Name  clf-default-name
18                          USI              a15a
2025-08-05 03:49:17,012:INFO:Soft dependency imported: xgboost: 3.0.3
2025-08-05 03:49:17,012:INFO:Soft dependency imported: catboost: 1.2.8
2025-08-05 03:49:17,037:INFO:Soft dependency imported: xgboost: 3.0.3
2025-08-05 03:49:17,038:INFO:Soft dependency imported: catboost: 1.2.8
2025-08-05 03:49:17,039:INFO:setup() successfully completed in 1.5s...............
2025-08-05 03:49:17,039:INFO:Initializing compare_models()
2025-08-05 03:49:17,039:INFO:compare_models(self=<pycaret.classification.oop.ClassificationExperiment object at 0xffff167e73d0>, include=['rf', 'et', 'lightgbm'], exclude=None, fold=None, round=4, cross_validation=True, sort=Accuracy, n_select=1, budget_time=None, turbo=True, errors=ignore, fit_kwargs=None, groups=None, experiment_custom_tags=None, probability_threshold=None, verbose=True, parallel=None, caller_params={'self': <pycaret.classification.oop.ClassificationExperiment object at 0xffff167e73d0>, 'include': ['rf', 'et', 'lightgbm'], 'exclude': None, 'fold': None, 'round': 4, 'cross_validation': True, 'sort': 'Accuracy', 'n_select': 1, 'budget_time': None, 'turbo': True, 'errors': 'ignore', 'fit_kwargs': None, 'groups': None, 'experiment_custom_tags': None, 'probability_threshold': None, 'engine': None, 'verbose': True, 'parallel': None, '__class__': <class 'pycaret.classification.oop.ClassificationExperiment'>})
2025-08-05 03:49:17,039:INFO:Checking exceptions
2025-08-05 03:49:17,040:INFO:Preparing display monitor
2025-08-05 03:49:17,042:INFO:Initializing Random Forest Classifier
2025-08-05 03:49:17,042:INFO:Total runtime is 1.1722246805826824e-06 minutes
2025-08-05 03:49:17,042:INFO:SubProcess create_model() called ==================================
2025-08-05 03:49:17,042:INFO:Initializing create_model()
2025-08-05 03:49:17,042:INFO:create_model(self=<pycaret.classification.oop.ClassificationExperiment object at 0xffff167e73d0>, estimator=rf, fold=StratifiedKFold(n_splits=10, random_state=None, shuffle=False), round=4, cross_validation=True, predict=True, fit_kwargs={}, groups=None, refit=False, probability_threshold=None, experiment_custom_tags=None, verbose=False, system=False, add_to_model_list=True, metrics=None, display=<pycaret.internal.display.display.CommonDisplay object at 0xffff062a1090>, model_only=True, return_train_score=False, error_score=0.0, kwargs={})
2025-08-05 03:49:17,042:INFO:Checking exceptions
2025-08-05 03:49:17,042:INFO:Importing libraries
2025-08-05 03:49:17,042:INFO:Copying training dataset
2025-08-05 03:49:17,043:INFO:Defining folds
2025-08-05 03:49:17,043:INFO:Declaring metric variables
2025-08-05 03:49:17,044:INFO:Importing untrained model
2025-08-05 03:49:17,044:INFO:Random Forest Classifier Imported successfully
2025-08-05 03:49:17,044:INFO:Starting cross validation
2025-08-05 03:49:17,044:INFO:Cross validating with StratifiedKFold(n_splits=10, random_state=None, shuffle=False), n_jobs=-1
2025-08-05 03:49:18,265:INFO:Calculating mean and std
2025-08-05 03:49:18,265:INFO:Creating metrics dataframe
2025-08-05 03:49:18,270:INFO:Uploading results into container
2025-08-05 03:49:18,270:INFO:Uploading model into container now
2025-08-05 03:49:18,271:INFO:_master_model_container: 1
2025-08-05 03:49:18,271:INFO:_display_container: 2
2025-08-05 03:49:18,272:INFO:RandomForestClassifier(bootstrap=True, ccp_alpha=0.0, class_weight=None,
                       criterion='gini', max_depth=None, max_features='sqrt',
                       max_leaf_nodes=None, max_samples=None,
                       min_impurity_decrease=0.0, min_samples_leaf=1,
                       min_samples_split=2, min_weight_fraction_leaf=0.0,
                       monotonic_cst=None, n_estimators=100, n_jobs=-1,
                       oob_score=False, random_state=42, verbose=0,
                       warm_start=False)
2025-08-05 03:49:18,275:INFO:create_model() successfully completed......................................
2025-08-05 03:49:18,373:INFO:SubProcess create_model() end ==================================
2025-08-05 03:49:18,373:INFO:Creating metrics dataframe
2025-08-05 03:49:18,374:INFO:Initializing Extra Trees Classifier
2025-08-05 03:49:18,374:INFO:Total runtime is 0.022208678722381595 minutes
2025-08-05 03:49:18,374:INFO:SubProcess create_model() called ==================================
2025-08-05 03:49:18,374:INFO:Initializing create_model()
2025-08-05 03:49:18,375:INFO:create_model(self=<pycaret.classification.oop.ClassificationExperiment object at 0xffff167e73d0>, estimator=et, fold=StratifiedKFold(n_splits=10, random_state=None, shuffle=False), round=4, cross_validation=True, predict=True, fit_kwargs={}, groups=None, refit=False, probability_threshold=None, experiment_custom_tags=None, verbose=False, system=False, add_to_model_list=True, metrics=None, display=<pycaret.internal.display.display.CommonDisplay object at 0xffff062a1090>, model_only=True, return_train_score=False, error_score=0.0, kwargs={})
2025-08-05 03:49:18,375:INFO:Checking exceptions
2025-08-05 03:49:18,375:INFO:Importing libraries
2025-08-05 03:49:18,375:INFO:Copying training dataset
2025-08-05 03:49:18,376:INFO:Defining folds
2025-08-05 03:49:18,376:INFO:Declaring metric variables
2025-08-05 03:49:18,376:INFO:Importing untrained model
2025-08-05 03:49:18,377:INFO:Extra Trees Classifier Imported successfully
2025-08-05 03:49:18,377:INFO:Starting cross validation
2025-08-05 03:49:18,377:INFO:Cross validating with StratifiedKFold(n_splits=10, random_state=None, shuffle=False), n_jobs=-1
2025-08-05 03:49:19,349:INFO:Calculating mean and std
2025-08-05 03:49:19,350:INFO:Creating metrics dataframe
2025-08-05 03:49:19,351:INFO:Uploading results into container
2025-08-05 03:49:19,351:INFO:Uploading model into container now
2025-08-05 03:49:19,352:INFO:_master_model_container: 2
2025-08-05 03:49:19,352:INFO:_display_container: 2
2025-08-05 03:49:19,352:INFO:ExtraTreesClassifier(bootstrap=False, ccp_alpha=0.0, class_weight=None,
                     criterion='gini', max_depth=None, max_features='sqrt',
                     max_leaf_nodes=None, max_samples=None,
                     min_impurity_decrease=0.0, min_samples_leaf=1,
                     min_samples_split=2, min_weight_fraction_leaf=0.0,
                     monotonic_cst=None, n_estimators=100, n_jobs=-1,
                     oob_score=False, random_state=42, verbose=0,
                     warm_start=False)
2025-08-05 03:49:19,352:INFO:create_model() successfully completed......................................
2025-08-05 03:49:19,439:INFO:SubProcess create_model() end ==================================
2025-08-05 03:49:19,439:INFO:Creating metrics dataframe
2025-08-05 03:49:19,441:INFO:Initializing Light Gradient Boosting Machine
2025-08-05 03:49:19,441:INFO:Total runtime is 0.03998469114303589 minutes
2025-08-05 03:49:19,441:INFO:SubProcess create_model() called ==================================
2025-08-05 03:49:19,441:INFO:Initializing create_model()
2025-08-05 03:49:19,441:INFO:create_model(self=<pycaret.classification.oop.ClassificationExperiment object at 0xffff167e73d0>, estimator=lightgbm, fold=StratifiedKFold(n_splits=10, random_state=None, shuffle=False), round=4, cross_validation=True, predict=True, fit_kwargs={}, groups=None, refit=False, probability_threshold=None, experiment_custom_tags=None, verbose=False, system=False, add_to_model_list=True, metrics=None, display=<pycaret.internal.display.display.CommonDisplay object at 0xffff062a1090>, model_only=True, return_train_score=False, error_score=0.0, kwargs={})
2025-08-05 03:49:19,441:INFO:Checking exceptions
2025-08-05 03:49:19,441:INFO:Importing libraries
2025-08-05 03:49:19,441:INFO:Copying training dataset
2025-08-05 03:49:19,442:INFO:Defining folds
2025-08-05 03:49:19,442:INFO:Declaring metric variables
2025-08-05 03:49:19,443:INFO:Importing untrained model
2025-08-05 03:49:19,443:INFO:Light Gradient Boosting Machine Imported successfully
2025-08-05 03:49:19,443:INFO:Starting cross validation
2025-08-05 03:49:19,443:INFO:Cross validating with StratifiedKFold(n_splits=10, random_state=None, shuffle=False), n_jobs=-1
2025-08-05 03:49:33,165:INFO:Calculating mean and std
2025-08-05 03:49:33,166:INFO:Creating metrics dataframe
2025-08-05 03:49:33,167:INFO:Uploading results into container
2025-08-05 03:49:33,167:INFO:Uploading model into container now
2025-08-05 03:49:33,167:INFO:_master_model_container: 3
2025-08-05 03:49:33,167:INFO:_display_container: 2
2025-08-05 03:49:33,167:INFO:LGBMClassifier(boosting_type='gbdt', class_weight=None, colsample_bytree=1.0,
               importance_type='split', learning_rate=0.1, max_depth=-1,
               min_child_samples=20, min_child_weight=0.001, min_split_gain=0.0,
               n_estimators=100, n_jobs=-1, num_leaves=31, objective=None,
               random_state=42, reg_alpha=0.0, reg_lambda=0.0, subsample=1.0,
               subsample_for_bin=200000, subsample_freq=0)
2025-08-05 03:49:33,168:INFO:create_model() successfully completed......................................
2025-08-05 03:49:33,255:INFO:SubProcess create_model() end ==================================
2025-08-05 03:49:33,255:INFO:Creating metrics dataframe
2025-08-05 03:49:33,256:WARNING:/usr/local/lib/python3.11/site-packages/pycaret/internal/pycaret_experiment/supervised_experiment.py:339: FutureWarning: Styler.applymap has been deprecated. Use Styler.map instead.

2025-08-05 03:49:33,257:INFO:Initializing create_model()
2025-08-05 03:49:33,257:INFO:create_model(self=<pycaret.classification.oop.ClassificationExperiment object at 0xffff167e73d0>, estimator=RandomForestClassifier(bootstrap=True, ccp_alpha=0.0, class_weight=None,
                       criterion='gini', max_depth=None, max_features='sqrt',
                       max_leaf_nodes=None, max_samples=None,
                       min_impurity_decrease=0.0, min_samples_leaf=1,
                       min_samples_split=2, min_weight_fraction_leaf=0.0,
                       monotonic_cst=None, n_estimators=100, n_jobs=-1,
                       oob_score=False, random_state=42, verbose=0,
                       warm_start=False), fold=StratifiedKFold(n_splits=10, random_state=None, shuffle=False), round=4, cross_validation=False, predict=False, fit_kwargs={}, groups=None, refit=True, probability_threshold=None, experiment_custom_tags=None, verbose=False, system=False, add_to_model_list=True, metrics=None, display=None, model_only=True, return_train_score=False, error_score=0.0, kwargs={})
2025-08-05 03:49:33,257:INFO:Checking exceptions
2025-08-05 03:49:33,258:INFO:Importing libraries
2025-08-05 03:49:33,258:INFO:Copying training dataset
2025-08-05 03:49:33,259:INFO:Defining folds
2025-08-05 03:49:33,259:INFO:Declaring metric variables
2025-08-05 03:49:33,260:INFO:Importing untrained model
2025-08-05 03:49:33,260:INFO:Declaring custom model
2025-08-05 03:49:33,260:INFO:Random Forest Classifier Imported successfully
2025-08-05 03:49:33,260:INFO:Cross validation set to False
2025-08-05 03:49:33,260:INFO:Fitting Model
2025-08-05 03:49:33,351:INFO:RandomForestClassifier(bootstrap=True, ccp_alpha=0.0, class_weight=None,
                       criterion='gini', max_depth=None, max_features='sqrt',
                       max_leaf_nodes=None, max_samples=None,
                       min_impurity_decrease=0.0, min_samples_leaf=1,
                       min_samples_split=2, min_weight_fraction_leaf=0.0,
                       monotonic_cst=None, n_estimators=100, n_jobs=-1,
                       oob_score=False, random_state=42, verbose=0,
                       warm_start=False)
2025-08-05 03:49:33,351:INFO:create_model() successfully completed......................................
2025-08-05 03:49:33,439:INFO:_master_model_container: 3
2025-08-05 03:49:33,439:INFO:_display_container: 2
2025-08-05 03:49:33,439:INFO:RandomForestClassifier(bootstrap=True, ccp_alpha=0.0, class_weight=None,
                       criterion='gini', max_depth=None, max_features='sqrt',
                       max_leaf_nodes=None, max_samples=None,
                       min_impurity_decrease=0.0, min_samples_leaf=1,
                       min_samples_split=2, min_weight_fraction_leaf=0.0,
                       monotonic_cst=None, n_estimators=100, n_jobs=-1,
                       oob_score=False, random_state=42, verbose=0,
                       warm_start=False)
2025-08-05 03:49:33,439:INFO:compare_models() successfully completed......................................
2025-08-05 03:49:33,440:INFO:Initializing finalize_model()
2025-08-05 03:49:33,440:INFO:finalize_model(self=<pycaret.classification.oop.ClassificationExperiment object at 0xffff167e73d0>, estimator=RandomForestClassifier(bootstrap=True, ccp_alpha=0.0, class_weight=None,
                       criterion='gini', max_depth=None, max_features='sqrt',
                       max_leaf_nodes=None, max_samples=None,
                       min_impurity_decrease=0.0, min_samples_leaf=1,
                       min_samples_split=2, min_weight_fraction_leaf=0.0,
                       monotonic_cst=None, n_estimators=100, n_jobs=-1,
                       oob_score=False, random_state=42, verbose=0,
                       warm_start=False), fit_kwargs=None, groups=None, model_only=False, experiment_custom_tags=None)
2025-08-05 03:49:33,440:INFO:Finalizing RandomForestClassifier(bootstrap=True, ccp_alpha=0.0, class_weight=None,
                       criterion='gini', max_depth=None, max_features='sqrt',
                       max_leaf_nodes=None, max_samples=None,
                       min_impurity_decrease=0.0, min_samples_leaf=1,
                       min_samples_split=2, min_weight_fraction_leaf=0.0,
                       monotonic_cst=None, n_estimators=100, n_jobs=-1,
                       oob_score=False, random_state=42, verbose=0,
                       warm_start=False)
2025-08-05 03:49:33,441:INFO:Initializing create_model()
2025-08-05 03:49:33,441:INFO:create_model(self=<pycaret.classification.oop.ClassificationExperiment object at 0xffff167e73d0>, estimator=RandomForestClassifier(bootstrap=True, ccp_alpha=0.0, class_weight=None,
                       criterion='gini', max_depth=None, max_features='sqrt',
                       max_leaf_nodes=None, max_samples=None,
                       min_impurity_decrease=0.0, min_samples_leaf=1,
                       min_samples_split=2, min_weight_fraction_leaf=0.0,
                       monotonic_cst=None, n_estimators=100, n_jobs=-1,
                       oob_score=False, random_state=42, verbose=0,
                       warm_start=False), fold=None, round=4, cross_validation=False, predict=False, fit_kwargs={}, groups=None, refit=True, probability_threshold=None, experiment_custom_tags=None, verbose=False, system=False, add_to_model_list=False, metrics=None, display=None, model_only=False, return_train_score=False, error_score=0.0, kwargs={})
2025-08-05 03:49:33,441:INFO:Checking exceptions
2025-08-05 03:49:33,441:INFO:Importing libraries
2025-08-05 03:49:33,442:INFO:Copying training dataset
2025-08-05 03:49:33,442:INFO:Defining folds
2025-08-05 03:49:33,442:INFO:Declaring metric variables
2025-08-05 03:49:33,442:INFO:Importing untrained model
2025-08-05 03:49:33,442:INFO:Declaring custom model
2025-08-05 03:49:33,442:INFO:Random Forest Classifier Imported successfully
2025-08-05 03:49:33,442:INFO:Cross validation set to False
2025-08-05 03:49:33,443:INFO:Fitting Model
2025-08-05 03:49:33,532:INFO:Pipeline(memory=Memory(location=None),
         steps=[('numerical_imputer',
                 TransformerWrapper(exclude=None,
                                    include=['having_IP_Address', 'URL_Length',
                                             'Shortining_Service',
                                             'having_At_Symbol',
                                             'double_slash_redirecting',
                                             'Prefix_Suffix',
                                             'having_Sub_Domain',
                                             'SSLfinal_State', 'URL_of_Anchor',
                                             'Links_in_tags', 'SFH',
                                             'Abnormal_URL'],
                                    transformer=SimpleImputer(add_indica...
                 RandomForestClassifier(bootstrap=True, ccp_alpha=0.0,
                                        class_weight=None, criterion='gini',
                                        max_depth=None, max_features='sqrt',
                                        max_leaf_nodes=None, max_samples=None,
                                        min_impurity_decrease=0.0,
                                        min_samples_leaf=1, min_samples_split=2,
                                        min_weight_fraction_leaf=0.0,
                                        monotonic_cst=None, n_estimators=100,
                                        n_jobs=-1, oob_score=False,
                                        random_state=42, verbose=0,
                                        warm_start=False))],
         verbose=False)
2025-08-05 03:49:33,532:INFO:create_model() successfully completed......................................
2025-08-05 03:49:33,621:INFO:_master_model_container: 3
2025-08-05 03:49:33,622:INFO:_display_container: 2
2025-08-05 03:49:33,624:INFO:Pipeline(memory=Memory(location=None),
         steps=[('numerical_imputer',
                 TransformerWrapper(exclude=None,
                                    include=['having_IP_Address', 'URL_Length',
                                             'Shortining_Service',
                                             'having_At_Symbol',
                                             'double_slash_redirecting',
                                             'Prefix_Suffix',
                                             'having_Sub_Domain',
                                             'SSLfinal_State', 'URL_of_Anchor',
                                             'Links_in_tags', 'SFH',
                                             'Abnormal_URL'],
                                    transformer=SimpleImputer(add_indica...
                 RandomForestClassifier(bootstrap=True, ccp_alpha=0.0,
                                        class_weight=None, criterion='gini',
                                        max_depth=None, max_features='sqrt',
                                        max_leaf_nodes=None, max_samples=None,
                                        min_impurity_decrease=0.0,
                                        min_samples_leaf=1, min_samples_split=2,
                                        min_weight_fraction_leaf=0.0,
                                        monotonic_cst=None, n_estimators=100,
                                        n_jobs=-1, oob_score=False,
                                        random_state=42, verbose=0,
                                        warm_start=False))],
         verbose=False)
2025-08-05 03:49:33,624:INFO:finalize_model() successfully completed......................................
2025-08-05 03:49:33,714:INFO:Initializing plot_model()
2025-08-05 03:49:33,714:INFO:plot_model(self=<pycaret.classification.oop.ClassificationExperiment object at 0xffff167e73d0>, estimator=Pipeline(memory=Memory(location=None),
         steps=[('numerical_imputer',
                 TransformerWrapper(exclude=None,
                                    include=['having_IP_Address', 'URL_Length',
                                             'Shortining_Service',
                                             'having_At_Symbol',
                                             'double_slash_redirecting',
                                             'Prefix_Suffix',
                                             'having_Sub_Domain',
                                             'SSLfinal_State', 'URL_of_Anchor',
                                             'Links_in_tags', 'SFH',
                                             'Abnormal_URL'],
                                    transformer=SimpleImputer(add_indica...
                 RandomForestClassifier(bootstrap=True, ccp_alpha=0.0,
                                        class_weight=None, criterion='gini',
                                        max_depth=None, max_features='sqrt',
                                        max_leaf_nodes=None, max_samples=None,
                                        min_impurity_decrease=0.0,
                                        min_samples_leaf=1, min_samples_split=2,
                                        min_weight_fraction_leaf=0.0,
                                        monotonic_cst=None, n_estimators=100,
                                        n_jobs=-1, oob_score=False,
                                        random_state=42, verbose=0,
                                        warm_start=False))],
         verbose=False), plot=feature, scale=1, save=True, fold=None, fit_kwargs=None, plot_kwargs=None, groups=None, feature_name=None, label=False, verbose=True, system=True, display=None, display_format=None)
2025-08-05 03:49:33,714:INFO:Checking exceptions
2025-08-05 03:49:33,730:INFO:Preloading libraries
2025-08-05 03:49:33,734:INFO:Copying training dataset
2025-08-05 03:49:33,735:INFO:Plot type: feature
2025-08-05 03:49:33,735:WARNING:No coef_ found. Trying feature_importances_
2025-08-05 03:49:33,768:INFO:Saving 'Feature Importance.png'
2025-08-05 03:49:33,769:WARNING:findfont: Generic family 'sans-serif' not found because none of the following families were found: Arial, Liberation Sans, Bitstream Vera Sans, sans-serif
2025-08-05 03:49:33,770:WARNING:findfont: Generic family 'sans-serif' not found because none of the following families were found: Arial, Liberation Sans, Bitstream Vera Sans, sans-serif
2025-08-05 03:49:33,770:WARNING:findfont: Generic family 'sans-serif' not found because none of the following families were found: Arial, Liberation Sans, Bitstream Vera Sans, sans-serif
2025-08-05 03:49:33,771:WARNING:findfont: Generic family 'sans-serif' not found because none of the following families were found: Arial, Liberation Sans, Bitstream Vera Sans, sans-serif
2025-08-05 03:49:33,771:WARNING:findfont: Generic family 'sans-serif' not found because none of the following families were found: Arial, Liberation Sans, Bitstream Vera Sans, sans-serif
2025-08-05 03:49:33,771:WARNING:findfont: Generic family 'sans-serif' not found because none of the following families were found: Arial, Liberation Sans, Bitstream Vera Sans, sans-serif
2025-08-05 03:49:33,771:WARNING:findfont: Generic family 'sans-serif' not found because none of the following families were found: Arial, Liberation Sans, Bitstream Vera Sans, sans-serif
2025-08-05 03:49:33,772:WARNING:findfont: Generic family 'sans-serif' not found because none of the following families were found: Arial, Liberation Sans, Bitstream Vera Sans, sans-serif
2025-08-05 03:49:33,772:WARNING:findfont: Generic family 'sans-serif' not found because none of the following families were found: Arial, Liberation Sans, Bitstream Vera Sans, sans-serif
2025-08-05 03:49:33,772:WARNING:findfont: Generic family 'sans-serif' not found because none of the following families were found: Arial, Liberation Sans, Bitstream Vera Sans, sans-serif
2025-08-05 03:49:33,773:WARNING:findfont: Generic family 'sans-serif' not found because none of the following families were found: Arial, Liberation Sans, Bitstream Vera Sans, sans-serif
2025-08-05 03:49:33,774:WARNING:findfont: Generic family 'sans-serif' not found because none of the following families were found: Arial, Liberation Sans, Bitstream Vera Sans, sans-serif
2025-08-05 03:49:33,774:WARNING:findfont: Generic family 'sans-serif' not found because none of the following families were found: Arial, Liberation Sans, Bitstream Vera Sans, sans-serif
2025-08-05 03:49:33,774:WARNING:findfont: Generic family 'sans-serif' not found because none of the following families were found: Arial, Liberation Sans, Bitstream Vera Sans, sans-serif
2025-08-05 03:49:33,775:WARNING:findfont: Generic family 'sans-serif' not found because none of the following families were found: Arial, Liberation Sans, Bitstream Vera Sans, sans-serif
2025-08-05 03:49:33,780:WARNING:findfont: Generic family 'sans-serif' not found because none of the following families were found: Arial, Liberation Sans, Bitstream Vera Sans, sans-serif
2025-08-05 03:49:33,783:WARNING:findfont: Generic family 'sans-serif' not found because none of the following families were found: Arial, Liberation Sans, Bitstream Vera Sans, sans-serif
2025-08-05 03:49:33,787:WARNING:findfont: Generic family 'sans-serif' not found because none of the following families were found: Arial, Liberation Sans, Bitstream Vera Sans, sans-serif
2025-08-05 03:49:33,791:WARNING:findfont: Generic family 'sans-serif' not found because none of the following families were found: Arial, Liberation Sans, Bitstream Vera Sans, sans-serif
2025-08-05 03:49:33,793:WARNING:findfont: Generic family 'sans-serif' not found because none of the following families were found: Arial, Liberation Sans, Bitstream Vera Sans, sans-serif
2025-08-05 03:49:33,797:WARNING:findfont: Generic family 'sans-serif' not found because none of the following families were found: Arial, Liberation Sans, Bitstream Vera Sans, sans-serif
2025-08-05 03:49:33,818:WARNING:findfont: Generic family 'sans-serif' not found because none of the following families were found: Arial, Liberation Sans, Bitstream Vera Sans, sans-serif
2025-08-05 03:49:33,819:WARNING:findfont: Generic family 'sans-serif' not found because none of the following families were found: Arial, Liberation Sans, Bitstream Vera Sans, sans-serif
2025-08-05 03:49:33,820:WARNING:findfont: Generic family 'sans-serif' not found because none of the following families were found: Arial, Liberation Sans, Bitstream Vera Sans, sans-serif
2025-08-05 03:49:33,825:WARNING:findfont: Generic family 'sans-serif' not found because none of the following families were found: Arial, Liberation Sans, Bitstream Vera Sans, sans-serif
2025-08-05 03:49:33,828:WARNING:findfont: Generic family 'sans-serif' not found because none of the following families were found: Arial, Liberation Sans, Bitstream Vera Sans, sans-serif
2025-08-05 03:49:33,828:WARNING:findfont: Generic family 'sans-serif' not found because none of the following families were found: Arial, Liberation Sans, Bitstream Vera Sans, sans-serif
2025-08-05 03:49:33,829:WARNING:findfont: Generic family 'sans-serif' not found because none of the following families were found: Arial, Liberation Sans, Bitstream Vera Sans, sans-serif
2025-08-05 03:49:33,831:WARNING:findfont: Generic family 'sans-serif' not found because none of the following families were found: Arial, Liberation Sans, Bitstream Vera Sans, sans-serif
2025-08-05 03:49:33,836:WARNING:findfont: Generic family 'sans-serif' not found because none of the following families were found: Arial, Liberation Sans, Bitstream Vera Sans, sans-serif
2025-08-05 03:49:33,836:WARNING:findfont: Generic family 'sans-serif' not found because none of the following families were found: Arial, Liberation Sans, Bitstream Vera Sans, sans-serif
2025-08-05 03:49:33,837:WARNING:findfont: Generic family 'sans-serif' not found because none of the following families were found: Arial, Liberation Sans, Bitstream Vera Sans, sans-serif
2025-08-05 03:49:33,839:WARNING:findfont: Generic family 'sans-serif' not found because none of the following families were found: Arial, Liberation Sans, Bitstream Vera Sans, sans-serif
2025-08-05 03:49:33,842:WARNING:findfont: Generic family 'sans-serif' not found because none of the following families were found: Arial, Liberation Sans, Bitstream Vera Sans, sans-serif
2025-08-05 03:49:33,846:WARNING:findfont: Generic family 'sans-serif' not found because none of the following families were found: Arial, Liberation Sans, Bitstream Vera Sans, sans-serif
2025-08-05 03:49:33,849:WARNING:findfont: Generic family 'sans-serif' not found because none of the following families were found: Arial, Liberation Sans, Bitstream Vera Sans, sans-serif
2025-08-05 03:49:33,852:WARNING:findfont: Generic family 'sans-serif' not found because none of the following families were found: Arial, Liberation Sans, Bitstream Vera Sans, sans-serif
2025-08-05 03:49:33,856:WARNING:findfont: Generic family 'sans-serif' not found because none of the following families were found: Arial, Liberation Sans, Bitstream Vera Sans, sans-serif
2025-08-05 03:49:33,856:WARNING:findfont: Generic family 'sans-serif' not found because none of the following families were found: Arial, Liberation Sans, Bitstream Vera Sans, sans-serif
2025-08-05 03:49:33,858:WARNING:findfont: Generic family 'sans-serif' not found because none of the following families were found: Arial, Liberation Sans, Bitstream Vera Sans, sans-serif
2025-08-05 03:49:33,864:WARNING:findfont: Generic family 'sans-serif' not found because none of the following families were found: Arial, Liberation Sans, Bitstream Vera Sans, sans-serif
2025-08-05 03:49:33,864:WARNING:findfont: Generic family 'sans-serif' not found because none of the following families were found: Arial, Liberation Sans, Bitstream Vera Sans, sans-serif
2025-08-05 03:49:33,865:WARNING:findfont: Generic family 'sans-serif' not found because none of the following families were found: Arial, Liberation Sans, Bitstream Vera Sans, sans-serif
2025-08-05 03:49:33,865:WARNING:findfont: Generic family 'sans-serif' not found because none of the following families were found: Arial, Liberation Sans, Bitstream Vera Sans, sans-serif
2025-08-05 03:49:33,865:WARNING:findfont: Generic family 'sans-serif' not found because none of the following families were found: Arial, Liberation Sans, Bitstream Vera Sans, sans-serif
2025-08-05 03:49:33,866:WARNING:findfont: Generic family 'sans-serif' not found because none of the following families were found: Arial, Liberation Sans, Bitstream Vera Sans, sans-serif
2025-08-05 03:49:33,866:WARNING:findfont: Generic family 'sans-serif' not found because none of the following families were found: Arial, Liberation Sans, Bitstream Vera Sans, sans-serif
2025-08-05 03:49:33,867:WARNING:findfont: Generic family 'sans-serif' not found because none of the following families were found: Arial, Liberation Sans, Bitstream Vera Sans, sans-serif
2025-08-05 03:49:33,868:WARNING:findfont: Generic family 'sans-serif' not found because none of the following families were found: Arial, Liberation Sans, Bitstream Vera Sans, sans-serif
2025-08-05 03:49:33,868:WARNING:findfont: Generic family 'sans-serif' not found because none of the following families were found: Arial, Liberation Sans, Bitstream Vera Sans, sans-serif
2025-08-05 03:49:33,868:WARNING:findfont: Generic family 'sans-serif' not found because none of the following families were found: Arial, Liberation Sans, Bitstream Vera Sans, sans-serif
2025-08-05 03:49:33,869:WARNING:findfont: Generic family 'sans-serif' not found because none of the following families were found: Arial, Liberation Sans, Bitstream Vera Sans, sans-serif
2025-08-05 03:49:33,869:WARNING:findfont: Generic family 'sans-serif' not found because none of the following families were found: Arial, Liberation Sans, Bitstream Vera Sans, sans-serif
2025-08-05 03:49:33,869:WARNING:findfont: Generic family 'sans-serif' not found because none of the following families were found: Arial, Liberation Sans, Bitstream Vera Sans, sans-serif
2025-08-05 03:49:33,870:WARNING:findfont: Generic family 'sans-serif' not found because none of the following families were found: Arial, Liberation Sans, Bitstream Vera Sans, sans-serif
2025-08-05 03:49:33,870:WARNING:findfont: Generic family 'sans-serif' not found because none of the following families were found: Arial, Liberation Sans, Bitstream Vera Sans, sans-serif
2025-08-05 03:49:33,870:WARNING:findfont: Generic family 'sans-serif' not found because none of the following families were found: Arial, Liberation Sans, Bitstream Vera Sans, sans-serif
2025-08-05 03:49:33,871:WARNING:findfont: Generic family 'sans-serif' not found because none of the following families were found: Arial, Liberation Sans, Bitstream Vera Sans, sans-serif
2025-08-05 03:49:33,872:WARNING:findfont: Generic family 'sans-serif' not found because none of the following families were found: Arial, Liberation Sans, Bitstream Vera Sans, sans-serif
2025-08-05 03:49:33,872:WARNING:findfont: Generic family 'sans-serif' not found because none of the following families were found: Arial, Liberation Sans, Bitstream Vera Sans, sans-serif
2025-08-05 03:49:33,881:WARNING:findfont: Generic family 'sans-serif' not found because none of the following families were found: Arial, Liberation Sans, Bitstream Vera Sans, sans-serif
2025-08-05 03:49:33,881:WARNING:findfont: Generic family 'sans-serif' not found because none of the following families were found: Arial, Liberation Sans, Bitstream Vera Sans, sans-serif
2025-08-05 03:49:33,882:WARNING:findfont: Generic family 'sans-serif' not found because none of the following families were found: Arial, Liberation Sans, Bitstream Vera Sans, sans-serif
2025-08-05 03:49:33,882:WARNING:findfont: Generic family 'sans-serif' not found because none of the following families were found: Arial, Liberation Sans, Bitstream Vera Sans, sans-serif
2025-08-05 03:49:33,882:WARNING:findfont: Generic family 'sans-serif' not found because none of the following families were found: Arial, Liberation Sans, Bitstream Vera Sans, sans-serif
2025-08-05 03:49:33,882:WARNING:findfont: Generic family 'sans-serif' not found because none of the following families were found: Arial, Liberation Sans, Bitstream Vera Sans, sans-serif
2025-08-05 03:49:33,883:WARNING:findfont: Generic family 'sans-serif' not found because none of the following families were found: Arial, Liberation Sans, Bitstream Vera Sans, sans-serif
2025-08-05 03:49:33,883:WARNING:findfont: Generic family 'sans-serif' not found because none of the following families were found: Arial, Liberation Sans, Bitstream Vera Sans, sans-serif
2025-08-05 03:49:33,883:WARNING:findfont: Generic family 'sans-serif' not found because none of the following families were found: Arial, Liberation Sans, Bitstream Vera Sans, sans-serif
2025-08-05 03:49:33,883:WARNING:findfont: Generic family 'sans-serif' not found because none of the following families were found: Arial, Liberation Sans, Bitstream Vera Sans, sans-serif
2025-08-05 03:49:33,884:WARNING:findfont: Generic family 'sans-serif' not found because none of the following families were found: Arial, Liberation Sans, Bitstream Vera Sans, sans-serif
2025-08-05 03:49:33,885:WARNING:findfont: Generic family 'sans-serif' not found because none of the following families were found: Arial, Liberation Sans, Bitstream Vera Sans, sans-serif
2025-08-05 03:49:33,885:WARNING:findfont: Generic family 'sans-serif' not found because none of the following families were found: Arial, Liberation Sans, Bitstream Vera Sans, sans-serif
2025-08-05 03:49:33,885:WARNING:findfont: Generic family 'sans-serif' not found because none of the following families were found: Arial, Liberation Sans, Bitstream Vera Sans, sans-serif
2025-08-05 03:49:33,885:WARNING:findfont: Generic family 'sans-serif' not found because none of the following families were found: Arial, Liberation Sans, Bitstream Vera Sans, sans-serif
2025-08-05 03:49:33,886:WARNING:findfont: Generic family 'sans-serif' not found because none of the following families were found: Arial, Liberation Sans, Bitstream Vera Sans, sans-serif
2025-08-05 03:49:33,886:WARNING:findfont: Generic family 'sans-serif' not found because none of the following families were found: Arial, Liberation Sans, Bitstream Vera Sans, sans-serif
2025-08-05 03:49:33,886:WARNING:findfont: Generic family 'sans-serif' not found because none of the following families were found: Arial, Liberation Sans, Bitstream Vera Sans, sans-serif
2025-08-05 03:49:33,887:WARNING:findfont: Generic family 'sans-serif' not found because none of the following families were found: Arial, Liberation Sans, Bitstream Vera Sans, sans-serif
2025-08-05 03:49:33,887:WARNING:findfont: Generic family 'sans-serif' not found because none of the following families were found: Arial, Liberation Sans, Bitstream Vera Sans, sans-serif
2025-08-05 03:49:33,887:WARNING:findfont: Generic family 'sans-serif' not found because none of the following families were found: Arial, Liberation Sans, Bitstream Vera Sans, sans-serif
2025-08-05 03:49:33,887:WARNING:findfont: Generic family 'sans-serif' not found because none of the following families were found: Arial, Liberation Sans, Bitstream Vera Sans, sans-serif
2025-08-05 03:49:33,888:WARNING:findfont: Generic family 'sans-serif' not found because none of the following families were found: Arial, Liberation Sans, Bitstream Vera Sans, sans-serif
2025-08-05 03:49:33,888:WARNING:findfont: Generic family 'sans-serif' not found because none of the following families were found: Arial, Liberation Sans, Bitstream Vera Sans, sans-serif
2025-08-05 03:49:33,888:WARNING:findfont: Generic family 'sans-serif' not found because none of the following families were found: Arial, Liberation Sans, Bitstream Vera Sans, sans-serif
2025-08-05 03:49:33,889:WARNING:findfont: Generic family 'sans-serif' not found because none of the following families were found: Arial, Liberation Sans, Bitstream Vera Sans, sans-serif
2025-08-05 03:49:33,890:WARNING:findfont: Generic family 'sans-serif' not found because none of the following families were found: Arial, Liberation Sans, Bitstream Vera Sans, sans-serif
2025-08-05 03:49:33,890:WARNING:findfont: Generic family 'sans-serif' not found because none of the following families were found: Arial, Liberation Sans, Bitstream Vera Sans, sans-serif
2025-08-05 03:49:33,891:WARNING:findfont: Generic family 'sans-serif' not found because none of the following families were found: Arial, Liberation Sans, Bitstream Vera Sans, sans-serif
2025-08-05 03:49:33,891:WARNING:findfont: Generic family 'sans-serif' not found because none of the following families were found: Arial, Liberation Sans, Bitstream Vera Sans, sans-serif
2025-08-05 03:49:33,892:WARNING:findfont: Generic family 'sans-serif' not found because none of the following families were found: Arial, Liberation Sans, Bitstream Vera Sans, sans-serif
2025-08-05 03:49:33,892:WARNING:findfont: Generic family 'sans-serif' not found because none of the following families were found: Arial, Liberation Sans, Bitstream Vera Sans, sans-serif
2025-08-05 03:49:33,892:WARNING:findfont: Generic family 'sans-serif' not found because none of the following families were found: Arial, Liberation Sans, Bitstream Vera Sans, sans-serif
2025-08-05 03:49:33,893:WARNING:findfont: Generic family 'sans-serif' not found because none of the following families were found: Arial, Liberation Sans, Bitstream Vera Sans, sans-serif
2025-08-05 03:49:33,893:WARNING:findfont: Generic family 'sans-serif' not found because none of the following families were found: Arial, Liberation Sans, Bitstream Vera Sans, sans-serif
2025-08-05 03:49:33,893:WARNING:findfont: Generic family 'sans-serif' not found because none of the following families were found: Arial, Liberation Sans, Bitstream Vera Sans, sans-serif
2025-08-05 03:49:33,894:WARNING:findfont: Generic family 'sans-serif' not found because none of the following families were found: Arial, Liberation Sans, Bitstream Vera Sans, sans-serif
2025-08-05 03:49:33,894:WARNING:findfont: Generic family 'sans-serif' not found because none of the following families were found: Arial, Liberation Sans, Bitstream Vera Sans, sans-serif
2025-08-05 03:49:33,895:WARNING:findfont: Generic family 'sans-serif' not found because none of the following families were found: Arial, Liberation Sans, Bitstream Vera Sans, sans-serif
2025-08-05 03:49:33,895:INFO:Visual Rendered Successfully
2025-08-05 03:49:33,981:INFO:plot_model() successfully completed......................................
2025-08-05 03:49:33,984:INFO:Initializing save_model()
2025-08-05 03:49:33,984:INFO:save_model(model=Pipeline(memory=Memory(location=None),
         steps=[('numerical_imputer',
                 TransformerWrapper(exclude=None,
                                    include=['having_IP_Address', 'URL_Length',
                                             'Shortining_Service',
                                             'having_At_Symbol',
                                             'double_slash_redirecting',
                                             'Prefix_Suffix',
                                             'having_Sub_Domain',
                                             'SSLfinal_State', 'URL_of_Anchor',
                                             'Links_in_tags', 'SFH',
                                             'Abnormal_URL'],
                                    transformer=SimpleImputer(add_indica...
                 RandomForestClassifier(bootstrap=True, ccp_alpha=0.0,
                                        class_weight=None, criterion='gini',
                                        max_depth=None, max_features='sqrt',
                                        max_leaf_nodes=None, max_samples=None,
                                        min_impurity_decrease=0.0,
                                        min_samples_leaf=1, min_samples_split=2,
                                        min_weight_fraction_leaf=0.0,
                                        monotonic_cst=None, n_estimators=100,
                                        n_jobs=-1, oob_score=False,
                                        random_state=42, verbose=0,
                                        warm_start=False))],
         verbose=False), model_name=models/phishing_url_detector, prep_pipe_=Pipeline(memory=FastMemory(location=/tmp/joblib),
         steps=[('numerical_imputer',
                 TransformerWrapper(exclude=None,
                                    include=['having_IP_Address', 'URL_Length',
                                             'Shortining_Service',
                                             'having_At_Symbol',
                                             'double_slash_redirecting',
                                             'Prefix_Suffix',
                                             'having_Sub_Domain',
                                             'SSLfinal_State', 'URL_of_Anchor',
                                             'Links_in_tags', 'SFH',
                                             'Abnormal_URL'],
                                    transformer=SimpleImputer(add_indicator=False,
                                                              copy=True,
                                                              fill_value=None,
                                                              keep_empty_features=False,
                                                              missing_values=nan,
                                                              strategy='mean'))),
                ('categorical_imputer',
                 TransformerWrapper(exclude=None, include=[],
                                    transformer=SimpleImputer(add_indicator=False,
                                                              copy=True,
                                                              fill_value=None,
                                                              keep_empty_features=False,
                                                              missing_values=nan,
                                                              strategy='most_frequent')))],
         verbose=False), verbose=True, use_case=MLUsecase.CLASSIFICATION, kwargs={})
2025-08-05 03:49:33,984:INFO:Adding model into prep_pipe
2025-08-05 03:49:33,984:WARNING:Only Model saved as it was a pipeline.
2025-08-05 03:49:34,011:INFO:models/phishing_url_detector.pkl saved in current working directory
2025-08-05 03:49:34,012:INFO:Pipeline(memory=Memory(location=None),
         steps=[('numerical_imputer',
                 TransformerWrapper(exclude=None,
                                    include=['having_IP_Address', 'URL_Length',
                                             'Shortining_Service',
                                             'having_At_Symbol',
                                             'double_slash_redirecting',
                                             'Prefix_Suffix',
                                             'having_Sub_Domain',
                                             'SSLfinal_State', 'URL_of_Anchor',
                                             'Links_in_tags', 'SFH',
                                             'Abnormal_URL'],
                                    transformer=SimpleImputer(add_indica...
                 RandomForestClassifier(bootstrap=True, ccp_alpha=0.0,
                                        class_weight=None, criterion='gini',
                                        max_depth=None, max_features='sqrt',
                                        max_leaf_nodes=None, max_samples=None,
                                        min_impurity_decrease=0.0,
                                        min_samples_leaf=1, min_samples_split=2,
                                        min_weight_fraction_leaf=0.0,
                                        monotonic_cst=None, n_estimators=100,
                                        n_jobs=-1, oob_score=False,
                                        random_state=42, verbose=0,
                                        warm_start=False))],
         verbose=False)
2025-08-05 03:49:34,013:INFO:save_model() successfully completed......................................
2025-08-05 03:51:13,808:WARNING:
'cuml' is a soft dependency and not included in the pycaret installation. Please run: `pip install cuml` to install.
2025-08-05 03:51:13,808:WARNING:
'cuml' is a soft dependency and not included in the pycaret installation. Please run: `pip install cuml` to install.
2025-08-05 03:51:13,808:WARNING:
'cuml' is a soft dependency and not included in the pycaret installation. Please run: `pip install cuml` to install.
2025-08-05 03:51:13,808:WARNING:
'cuml' is a soft dependency and not included in the pycaret installation. Please run: `pip install cuml` to install.
2025-08-05 03:51:14,575:INFO:Initializing load_model()
2025-08-05 03:51:14,575:INFO:load_model(model_name=models/phishing_url_detector, platform=None, authentication=None, verbose=True)
2025-08-05 03:51:24,489:INFO:Initializing predict_model()
2025-08-05 03:51:24,489:INFO:predict_model(self=<pycaret.classification.oop.ClassificationExperiment object at 0xffff13b31b50>, estimator=Pipeline(memory=Memory(location=None),
         steps=[('numerical_imputer',
                 TransformerWrapper(include=['having_IP_Address', 'URL_Length',
                                             'Shortining_Service',
                                             'having_At_Symbol',
                                             'double_slash_redirecting',
                                             'Prefix_Suffix',
                                             'having_Sub_Domain',
                                             'SSLfinal_State', 'URL_of_Anchor',
                                             'Links_in_tags', 'SFH',
                                             'Abnormal_URL'],
                                    transformer=SimpleImputer())),
                ('categorical_imputer',
                 TransformerWrapper(include=[],
                                    transformer=SimpleImputer(strategy='most_frequent'))),
                ('actual_estimator',
                 RandomForestClassifier(n_jobs=-1, random_state=42))]), probability_threshold=None, encoded_labels=False, raw_score=False, round=4, verbose=True, ml_usecase=None, preprocess=True, encode_labels=<function _SupervisedExperiment.predict_model.<locals>.encode_labels at 0xffff110f8040>)
2025-08-05 03:51:24,490:INFO:Checking exceptions
2025-08-05 03:51:24,490:INFO:Preloading libraries
2025-08-05 03:51:24,490:INFO:Set up data.
2025-08-05 03:51:24,494:INFO:Set up index.
2025-08-05 03:51:38,761:INFO:Initializing predict_model()
2025-08-05 03:51:38,761:INFO:predict_model(self=<pycaret.classification.oop.ClassificationExperiment object at 0xffff12c939d0>, estimator=Pipeline(memory=Memory(location=None),
         steps=[('numerical_imputer',
                 TransformerWrapper(include=['having_IP_Address', 'URL_Length',
                                             'Shortining_Service',
                                             'having_At_Symbol',
                                             'double_slash_redirecting',
                                             'Prefix_Suffix',
                                             'having_Sub_Domain',
                                             'SSLfinal_State', 'URL_of_Anchor',
                                             'Links_in_tags', 'SFH',
                                             'Abnormal_URL'],
                                    transformer=SimpleImputer())),
                ('categorical_imputer',
                 TransformerWrapper(include=[],
                                    transformer=SimpleImputer(strategy='most_frequent'))),
                ('actual_estimator',
                 RandomForestClassifier(n_jobs=-1, random_state=42))]), probability_threshold=None, encoded_labels=False, raw_score=False, round=4, verbose=True, ml_usecase=None, preprocess=True, encode_labels=<function _SupervisedExperiment.predict_model.<locals>.encode_labels at 0xffff1de0b560>)
2025-08-05 03:51:38,762:INFO:Checking exceptions
2025-08-05 03:51:38,762:INFO:Preloading libraries
2025-08-05 03:51:38,763:INFO:Set up data.
2025-08-05 03:51:38,766:INFO:Set up index.
2025-08-05 03:52:35,665:INFO:Initializing predict_model()
2025-08-05 03:52:35,665:INFO:predict_model(self=<pycaret.classification.oop.ClassificationExperiment object at 0xffff12c9d150>, estimator=Pipeline(memory=Memory(location=None),
         steps=[('numerical_imputer',
                 TransformerWrapper(include=['having_IP_Address', 'URL_Length',
                                             'Shortining_Service',
                                             'having_At_Symbol',
                                             'double_slash_redirecting',
                                             'Prefix_Suffix',
                                             'having_Sub_Domain',
                                             'SSLfinal_State', 'URL_of_Anchor',
                                             'Links_in_tags', 'SFH',
                                             'Abnormal_URL'],
                                    transformer=SimpleImputer())),
                ('categorical_imputer',
                 TransformerWrapper(include=[],
                                    transformer=SimpleImputer(strategy='most_frequent'))),
                ('actual_estimator',
                 RandomForestClassifier(n_jobs=-1, random_state=42))]), probability_threshold=None, encoded_labels=False, raw_score=False, round=4, verbose=True, ml_usecase=None, preprocess=True, encode_labels=<function _SupervisedExperiment.predict_model.<locals>.encode_labels at 0xffff1de0b560>)
2025-08-05 03:52:35,666:INFO:Checking exceptions
2025-08-05 03:52:35,666:INFO:Preloading libraries
2025-08-05 03:52:35,666:INFO:Set up data.
2025-08-05 03:52:35,669:INFO:Set up index.
2025-08-05 15:56:49,765:WARNING:
'cuml' is a soft dependency and not included in the pycaret installation. Please run: `pip install cuml` to install.
2025-08-05 15:56:49,766:WARNING:
'cuml' is a soft dependency and not included in the pycaret installation. Please run: `pip install cuml` to install.
2025-08-05 15:56:49,766:WARNING:
'cuml' is a soft dependency and not included in the pycaret installation. Please run: `pip install cuml` to install.
2025-08-05 15:56:49,766:WARNING:
'cuml' is a soft dependency and not included in the pycaret installation. Please run: `pip install cuml` to install.
2025-08-05 15:56:50,253:INFO:PyCaret ClassificationExperiment
2025-08-05 15:56:50,253:INFO:Logging name: clf-default-name
2025-08-05 15:56:50,254:INFO:ML Usecase: MLUsecase.CLASSIFICATION
2025-08-05 15:56:50,254:INFO:version 3.3.2
2025-08-05 15:56:50,254:INFO:Initializing setup()
2025-08-05 15:56:50,254:INFO:self.USI: 31ce
2025-08-05 15:56:50,254:INFO:self._variable_keys: {'X_train', 'memory', 'exp_id', 'fold_generator', 'USI', 'X', 'gpu_param', 'logging_param', 'log_plots_param', '_available_plots', 'gpu_n_jobs_param', 'target_param', 'html_param', 'fold_shuffle_param', 'idx', 'exp_name_log', 'data', 'is_multiclass', 'X_test', 'fold_groups_param', 'fix_imbalance', 'y_test', 'y_train', 'n_jobs_param', 'pipeline', '_ml_usecase', 'y', 'seed'}
2025-08-05 15:56:50,254:INFO:Checking environment
2025-08-05 15:56:50,254:INFO:python_version: 3.11.13
2025-08-05 15:56:50,254:INFO:python_build: ('main', 'Jul 23 2025 18:09:53')
2025-08-05 15:56:50,254:INFO:machine: aarch64
2025-08-05 15:56:50,254:INFO:platform: Linux-6.10.14-linuxkit-aarch64-with-glibc2.36
2025-08-05 15:56:50,254:INFO:Memory: svmem(total=17011818496, available=15904948224, percent=6.5, used=834994176, free=5036019712, active=1298210816, inactive=9481535488, buffers=529985536, cached=10610819072, shared=7790592, slab=1074692096)
2025-08-05 15:56:50,255:INFO:Physical Core: 16
2025-08-05 15:56:50,255:INFO:Logical Core: 16
2025-08-05 15:56:50,255:INFO:Checking libraries
2025-08-05 15:56:50,255:INFO:System:
2025-08-05 15:56:50,255:INFO:    python: 3.11.13 (main, Jul 23 2025, 18:09:53) [GCC 12.2.0]
2025-08-05 15:56:50,255:INFO:executable: /usr/local/bin/python
2025-08-05 15:56:50,255:INFO:   machine: Linux-6.10.14-linuxkit-aarch64-with-glibc2.36
2025-08-05 15:56:50,255:INFO:PyCaret required dependencies:
2025-08-05 15:56:50,517:INFO:                 pip: 24.0
2025-08-05 15:56:50,517:INFO:          setuptools: 80.9.0
2025-08-05 15:56:50,517:INFO:             pycaret: 3.3.2
2025-08-05 15:56:50,517:INFO:             IPython: 9.4.0
2025-08-05 15:56:50,518:INFO:          ipywidgets: 8.1.7
2025-08-05 15:56:50,518:INFO:                tqdm: 4.67.1
2025-08-05 15:56:50,518:INFO:               numpy: 1.26.4
2025-08-05 15:56:50,518:INFO:              pandas: 2.1.4
2025-08-05 15:56:50,518:INFO:              jinja2: 3.1.6
2025-08-05 15:56:50,518:INFO:               scipy: 1.11.4
2025-08-05 15:56:50,518:INFO:              joblib: 1.3.2
2025-08-05 15:56:50,518:INFO:             sklearn: 1.4.2
2025-08-05 15:56:50,518:INFO:                pyod: 2.0.5
2025-08-05 15:56:50,518:INFO:            imblearn: 0.13.0
2025-08-05 15:56:50,518:INFO:   category_encoders: 2.7.0
2025-08-05 15:56:50,518:INFO:            lightgbm: 4.6.0
2025-08-05 15:56:50,518:INFO:               numba: 0.61.0
2025-08-05 15:56:50,518:INFO:            requests: 2.32.4
2025-08-05 15:56:50,518:INFO:          matplotlib: 3.7.5
2025-08-05 15:56:50,518:INFO:          scikitplot: 0.3.7
2025-08-05 15:56:50,518:INFO:         yellowbrick: 1.5
2025-08-05 15:56:50,518:INFO:              plotly: 5.24.1
2025-08-05 15:56:50,519:INFO:    plotly-resampler: Not installed
2025-08-05 15:56:50,519:INFO:             kaleido: 1.0.0
2025-08-05 15:56:50,519:INFO:           schemdraw: 0.15
2025-08-05 15:56:50,519:INFO:         statsmodels: 0.14.5
2025-08-05 15:56:50,519:INFO:              sktime: 0.26.0
2025-08-05 15:56:50,519:INFO:               tbats: 1.1.3
2025-08-05 15:56:50,519:INFO:            pmdarima: 2.0.4
2025-08-05 15:56:50,519:INFO:              psutil: 7.0.0
2025-08-05 15:56:50,519:INFO:          markupsafe: 3.0.2
2025-08-05 15:56:50,519:INFO:             pickle5: Not installed
2025-08-05 15:56:50,519:INFO:         cloudpickle: 3.1.1
2025-08-05 15:56:50,519:INFO:         deprecation: 2.1.0
2025-08-05 15:56:50,519:INFO:              xxhash: 3.5.0
2025-08-05 15:56:50,519:INFO:           wurlitzer: 3.1.1
2025-08-05 15:56:50,519:INFO:PyCaret optional dependencies:
2025-08-05 15:56:51,554:INFO:                shap: 0.44.1
2025-08-05 15:56:51,555:INFO:           interpret: 0.7.1
2025-08-05 15:56:51,555:INFO:                umap: 0.5.7
2025-08-05 15:56:51,555:INFO:     ydata_profiling: 4.16.1
2025-08-05 15:56:51,555:INFO:  explainerdashboard: 0.5.1
2025-08-05 15:56:51,555:INFO:             autoviz: Not installed
2025-08-05 15:56:51,555:INFO:           fairlearn: 0.7.0
2025-08-05 15:56:51,555:INFO:          deepchecks: Not installed
2025-08-05 15:56:51,555:INFO:             xgboost: 3.0.3
2025-08-05 15:56:51,555:INFO:            catboost: 1.2.8
2025-08-05 15:56:51,555:INFO:              kmodes: 0.12.2
2025-08-05 15:56:51,555:INFO:             mlxtend: 0.23.4
2025-08-05 15:56:51,555:INFO:       statsforecast: 1.5.0
2025-08-05 15:56:51,555:INFO:        tune_sklearn: Not installed
2025-08-05 15:56:51,555:INFO:                 ray: Not installed
2025-08-05 15:56:51,555:INFO:            hyperopt: 0.2.7
2025-08-05 15:56:51,556:INFO:              optuna: 4.4.0
2025-08-05 15:56:51,556:INFO:               skopt: 0.10.2
2025-08-05 15:56:51,556:INFO:              mlflow: 3.1.4
2025-08-05 15:56:51,556:INFO:              gradio: 5.40.0
2025-08-05 15:56:51,556:INFO:             fastapi: 0.116.1
2025-08-05 15:56:51,556:INFO:             uvicorn: 0.35.0
2025-08-05 15:56:51,556:INFO:              m2cgen: 0.10.0
2025-08-05 15:56:51,556:INFO:           evidently: 0.4.40
2025-08-05 15:56:51,556:INFO:               fugue: 0.8.7
2025-08-05 15:56:51,556:INFO:           streamlit: 1.47.1
2025-08-05 15:56:51,556:INFO:             prophet: Not installed
2025-08-05 15:56:51,556:INFO:None
2025-08-05 15:56:51,556:INFO:Set up data.
2025-08-05 15:56:51,559:INFO:Set up folding strategy.
2025-08-05 15:56:51,559:INFO:Set up train/test split.
2025-08-05 15:56:51,561:INFO:Set up index.
2025-08-05 15:56:51,561:INFO:Assigning column types.
2025-08-05 15:56:51,562:INFO:Engine successfully changes for model 'lr' to 'sklearn'.
2025-08-05 15:56:51,577:INFO:Engine for model 'knn' has not been set explicitly, hence returning None.
2025-08-05 15:56:51,578:INFO:Engine for model 'rbfsvm' has not been set explicitly, hence returning None.
2025-08-05 15:56:51,589:INFO:Soft dependency imported: xgboost: 3.0.3
2025-08-05 15:56:51,590:INFO:Soft dependency imported: catboost: 1.2.8
2025-08-05 15:56:51,610:INFO:Engine for model 'knn' has not been set explicitly, hence returning None.
2025-08-05 15:56:51,611:INFO:Engine for model 'rbfsvm' has not been set explicitly, hence returning None.
2025-08-05 15:56:51,620:INFO:Soft dependency imported: xgboost: 3.0.3
2025-08-05 15:56:51,621:INFO:Soft dependency imported: catboost: 1.2.8
2025-08-05 15:56:51,621:INFO:Engine successfully changes for model 'knn' to 'sklearn'.
2025-08-05 15:56:51,636:INFO:Engine for model 'rbfsvm' has not been set explicitly, hence returning None.
2025-08-05 15:56:51,645:INFO:Soft dependency imported: xgboost: 3.0.3
2025-08-05 15:56:51,646:INFO:Soft dependency imported: catboost: 1.2.8
2025-08-05 15:56:51,662:INFO:Engine for model 'rbfsvm' has not been set explicitly, hence returning None.
2025-08-05 15:56:51,672:INFO:Soft dependency imported: xgboost: 3.0.3
2025-08-05 15:56:51,673:INFO:Soft dependency imported: catboost: 1.2.8
2025-08-05 15:56:51,673:INFO:Engine successfully changes for model 'rbfsvm' to 'sklearn'.
2025-08-05 15:56:51,698:INFO:Soft dependency imported: xgboost: 3.0.3
2025-08-05 15:56:51,699:INFO:Soft dependency imported: catboost: 1.2.8
2025-08-05 15:56:51,725:INFO:Soft dependency imported: xgboost: 3.0.3
2025-08-05 15:56:51,726:INFO:Soft dependency imported: catboost: 1.2.8
2025-08-05 15:56:51,727:INFO:Preparing preprocessing pipeline...
2025-08-05 15:56:51,727:INFO:Set up simple imputation.
2025-08-05 15:56:51,734:INFO:Finished creating preprocessing pipeline.
2025-08-05 15:56:51,735:INFO:Pipeline: Pipeline(memory=FastMemory(location=/tmp/joblib),
         steps=[('numerical_imputer',
                 TransformerWrapper(exclude=None,
                                    include=['having_IP_Address', 'URL_Length',
                                             'Shortining_Service',
                                             'having_At_Symbol',
                                             'double_slash_redirecting',
                                             'Prefix_Suffix',
                                             'having_Sub_Domain',
                                             'SSLfinal_State', 'URL_of_Anchor',
                                             'Links_in_tags', 'SFH',
                                             'Abnormal_URL'],
                                    transformer=SimpleImputer(add_indicator=False,
                                                              copy=True,
                                                              fill_value=None,
                                                              keep_empty_features=False,
                                                              missing_values=nan,
                                                              strategy='mean'))),
                ('categorical_imputer',
                 TransformerWrapper(exclude=None, include=[],
                                    transformer=SimpleImputer(add_indicator=False,
                                                              copy=True,
                                                              fill_value=None,
                                                              keep_empty_features=False,
                                                              missing_values=nan,
                                                              strategy='most_frequent')))],
         verbose=False)
2025-08-05 15:56:51,735:INFO:Creating final display dataframe.
2025-08-05 15:56:51,758:INFO:Setup _display_container:                     Description             Value
0                    Session id                42
1                        Target             label
2                   Target type            Binary
3           Original data shape         (500, 13)
4        Transformed data shape         (500, 13)
5   Transformed train set shape         (350, 13)
6    Transformed test set shape         (150, 13)
7              Numeric features                12
8                    Preprocess              True
9               Imputation type            simple
10           Numeric imputation              mean
11       Categorical imputation              mode
12               Fold Generator   StratifiedKFold
13                  Fold Number                10
14                     CPU Jobs                -1
15                      Use GPU             False
16               Log Experiment             False
17              Experiment Name  clf-default-name
18                          USI              31ce
2025-08-05 15:56:51,783:INFO:Soft dependency imported: xgboost: 3.0.3
2025-08-05 15:56:51,784:INFO:Soft dependency imported: catboost: 1.2.8
2025-08-05 15:56:51,809:INFO:Soft dependency imported: xgboost: 3.0.3
2025-08-05 15:56:51,810:INFO:Soft dependency imported: catboost: 1.2.8
2025-08-05 15:56:51,811:INFO:setup() successfully completed in 1.56s...............
2025-08-05 15:56:51,811:INFO:Initializing compare_models()
2025-08-05 15:56:51,811:INFO:compare_models(self=<pycaret.classification.oop.ClassificationExperiment object at 0xffff1a6e34d0>, include=['rf', 'et', 'lightgbm'], exclude=None, fold=None, round=4, cross_validation=True, sort=Accuracy, n_select=1, budget_time=None, turbo=True, errors=ignore, fit_kwargs=None, groups=None, experiment_custom_tags=None, probability_threshold=None, verbose=True, parallel=None, caller_params={'self': <pycaret.classification.oop.ClassificationExperiment object at 0xffff1a6e34d0>, 'include': ['rf', 'et', 'lightgbm'], 'exclude': None, 'fold': None, 'round': 4, 'cross_validation': True, 'sort': 'Accuracy', 'n_select': 1, 'budget_time': None, 'turbo': True, 'errors': 'ignore', 'fit_kwargs': None, 'groups': None, 'experiment_custom_tags': None, 'probability_threshold': None, 'engine': None, 'verbose': True, 'parallel': None, '__class__': <class 'pycaret.classification.oop.ClassificationExperiment'>})
2025-08-05 15:56:51,811:INFO:Checking exceptions
2025-08-05 15:56:51,812:INFO:Preparing display monitor
2025-08-05 15:56:51,814:INFO:Initializing Random Forest Classifier
2025-08-05 15:56:51,814:INFO:Total runtime is 1.3470649719238282e-06 minutes
2025-08-05 15:56:51,814:INFO:SubProcess create_model() called ==================================
2025-08-05 15:56:51,814:INFO:Initializing create_model()
2025-08-05 15:56:51,814:INFO:create_model(self=<pycaret.classification.oop.ClassificationExperiment object at 0xffff1a6e34d0>, estimator=rf, fold=StratifiedKFold(n_splits=10, random_state=None, shuffle=False), round=4, cross_validation=True, predict=True, fit_kwargs={}, groups=None, refit=False, probability_threshold=None, experiment_custom_tags=None, verbose=False, system=False, add_to_model_list=True, metrics=None, display=<pycaret.internal.display.display.CommonDisplay object at 0xfffef8e54190>, model_only=True, return_train_score=False, error_score=0.0, kwargs={})
2025-08-05 15:56:51,814:INFO:Checking exceptions
2025-08-05 15:56:51,814:INFO:Importing libraries
2025-08-05 15:56:51,814:INFO:Copying training dataset
2025-08-05 15:56:51,816:INFO:Defining folds
2025-08-05 15:56:51,816:INFO:Declaring metric variables
2025-08-05 15:56:51,816:INFO:Importing untrained model
2025-08-05 15:56:51,816:INFO:Random Forest Classifier Imported successfully
2025-08-05 15:56:51,816:INFO:Starting cross validation
2025-08-05 15:56:51,817:INFO:Cross validating with StratifiedKFold(n_splits=10, random_state=None, shuffle=False), n_jobs=-1
2025-08-05 15:56:53,061:INFO:Calculating mean and std
2025-08-05 15:56:53,062:INFO:Creating metrics dataframe
2025-08-05 15:56:53,063:INFO:Uploading results into container
2025-08-05 15:56:53,064:INFO:Uploading model into container now
2025-08-05 15:56:53,064:INFO:_master_model_container: 1
2025-08-05 15:56:53,065:INFO:_display_container: 2
2025-08-05 15:56:53,065:INFO:RandomForestClassifier(bootstrap=True, ccp_alpha=0.0, class_weight=None,
                       criterion='gini', max_depth=None, max_features='sqrt',
                       max_leaf_nodes=None, max_samples=None,
                       min_impurity_decrease=0.0, min_samples_leaf=1,
                       min_samples_split=2, min_weight_fraction_leaf=0.0,
                       monotonic_cst=None, n_estimators=100, n_jobs=-1,
                       oob_score=False, random_state=42, verbose=0,
                       warm_start=False)
2025-08-05 15:56:53,065:INFO:create_model() successfully completed......................................
2025-08-05 15:56:53,160:INFO:SubProcess create_model() end ==================================
2025-08-05 15:56:53,161:INFO:Creating metrics dataframe
2025-08-05 15:56:53,162:INFO:Initializing Extra Trees Classifier
2025-08-05 15:56:53,162:INFO:Total runtime is 0.022471094131469724 minutes
2025-08-05 15:56:53,162:INFO:SubProcess create_model() called ==================================
2025-08-05 15:56:53,162:INFO:Initializing create_model()
2025-08-05 15:56:53,162:INFO:create_model(self=<pycaret.classification.oop.ClassificationExperiment object at 0xffff1a6e34d0>, estimator=et, fold=StratifiedKFold(n_splits=10, random_state=None, shuffle=False), round=4, cross_validation=True, predict=True, fit_kwargs={}, groups=None, refit=False, probability_threshold=None, experiment_custom_tags=None, verbose=False, system=False, add_to_model_list=True, metrics=None, display=<pycaret.internal.display.display.CommonDisplay object at 0xfffef8e54190>, model_only=True, return_train_score=False, error_score=0.0, kwargs={})
2025-08-05 15:56:53,162:INFO:Checking exceptions
2025-08-05 15:56:53,162:INFO:Importing libraries
2025-08-05 15:56:53,162:INFO:Copying training dataset
2025-08-05 15:56:53,164:INFO:Defining folds
2025-08-05 15:56:53,164:INFO:Declaring metric variables
2025-08-05 15:56:53,164:INFO:Importing untrained model
2025-08-05 15:56:53,164:INFO:Extra Trees Classifier Imported successfully
2025-08-05 15:56:53,164:INFO:Starting cross validation
2025-08-05 15:56:53,165:INFO:Cross validating with StratifiedKFold(n_splits=10, random_state=None, shuffle=False), n_jobs=-1
2025-08-05 15:56:54,129:INFO:Calculating mean and std
2025-08-05 15:56:54,129:INFO:Creating metrics dataframe
2025-08-05 15:56:54,130:INFO:Uploading results into container
2025-08-05 15:56:54,130:INFO:Uploading model into container now
2025-08-05 15:56:54,131:INFO:_master_model_container: 2
2025-08-05 15:56:54,131:INFO:_display_container: 2
2025-08-05 15:56:54,131:INFO:ExtraTreesClassifier(bootstrap=False, ccp_alpha=0.0, class_weight=None,
                     criterion='gini', max_depth=None, max_features='sqrt',
                     max_leaf_nodes=None, max_samples=None,
                     min_impurity_decrease=0.0, min_samples_leaf=1,
                     min_samples_split=2, min_weight_fraction_leaf=0.0,
                     monotonic_cst=None, n_estimators=100, n_jobs=-1,
                     oob_score=False, random_state=42, verbose=0,
                     warm_start=False)
2025-08-05 15:56:54,131:INFO:create_model() successfully completed......................................
2025-08-05 15:56:54,213:INFO:SubProcess create_model() end ==================================
2025-08-05 15:56:54,214:INFO:Creating metrics dataframe
2025-08-05 15:56:54,215:INFO:Initializing Light Gradient Boosting Machine
2025-08-05 15:56:54,215:INFO:Total runtime is 0.040021848678588864 minutes
2025-08-05 15:56:54,215:INFO:SubProcess create_model() called ==================================
2025-08-05 15:56:54,215:INFO:Initializing create_model()
2025-08-05 15:56:54,215:INFO:create_model(self=<pycaret.classification.oop.ClassificationExperiment object at 0xffff1a6e34d0>, estimator=lightgbm, fold=StratifiedKFold(n_splits=10, random_state=None, shuffle=False), round=4, cross_validation=True, predict=True, fit_kwargs={}, groups=None, refit=False, probability_threshold=None, experiment_custom_tags=None, verbose=False, system=False, add_to_model_list=True, metrics=None, display=<pycaret.internal.display.display.CommonDisplay object at 0xfffef8e54190>, model_only=True, return_train_score=False, error_score=0.0, kwargs={})
2025-08-05 15:56:54,215:INFO:Checking exceptions
2025-08-05 15:56:54,216:INFO:Importing libraries
2025-08-05 15:56:54,216:INFO:Copying training dataset
2025-08-05 15:56:54,217:INFO:Defining folds
2025-08-05 15:56:54,217:INFO:Declaring metric variables
2025-08-05 15:56:54,217:INFO:Importing untrained model
2025-08-05 15:56:54,217:INFO:Light Gradient Boosting Machine Imported successfully
2025-08-05 15:56:54,217:INFO:Starting cross validation
2025-08-05 15:56:54,218:INFO:Cross validating with StratifiedKFold(n_splits=10, random_state=None, shuffle=False), n_jobs=-1
2025-08-05 15:57:07,841:INFO:Calculating mean and std
2025-08-05 15:57:07,841:INFO:Creating metrics dataframe
2025-08-05 15:57:07,842:INFO:Uploading results into container
2025-08-05 15:57:07,842:INFO:Uploading model into container now
2025-08-05 15:57:07,842:INFO:_master_model_container: 3
2025-08-05 15:57:07,842:INFO:_display_container: 2
2025-08-05 15:57:07,843:INFO:LGBMClassifier(boosting_type='gbdt', class_weight=None, colsample_bytree=1.0,
               importance_type='split', learning_rate=0.1, max_depth=-1,
               min_child_samples=20, min_child_weight=0.001, min_split_gain=0.0,
               n_estimators=100, n_jobs=-1, num_leaves=31, objective=None,
               random_state=42, reg_alpha=0.0, reg_lambda=0.0, subsample=1.0,
               subsample_for_bin=200000, subsample_freq=0)
2025-08-05 15:57:07,843:INFO:create_model() successfully completed......................................
2025-08-05 15:57:07,916:INFO:SubProcess create_model() end ==================================
2025-08-05 15:57:07,916:INFO:Creating metrics dataframe
2025-08-05 15:57:07,917:WARNING:/usr/local/lib/python3.11/site-packages/pycaret/internal/pycaret_experiment/supervised_experiment.py:339: FutureWarning: Styler.applymap has been deprecated. Use Styler.map instead.

2025-08-05 15:57:07,918:INFO:Initializing create_model()
2025-08-05 15:57:07,918:INFO:create_model(self=<pycaret.classification.oop.ClassificationExperiment object at 0xffff1a6e34d0>, estimator=ExtraTreesClassifier(bootstrap=False, ccp_alpha=0.0, class_weight=None,
                     criterion='gini', max_depth=None, max_features='sqrt',
                     max_leaf_nodes=None, max_samples=None,
                     min_impurity_decrease=0.0, min_samples_leaf=1,
                     min_samples_split=2, min_weight_fraction_leaf=0.0,
                     monotonic_cst=None, n_estimators=100, n_jobs=-1,
                     oob_score=False, random_state=42, verbose=0,
                     warm_start=False), fold=StratifiedKFold(n_splits=10, random_state=None, shuffle=False), round=4, cross_validation=False, predict=False, fit_kwargs={}, groups=None, refit=True, probability_threshold=None, experiment_custom_tags=None, verbose=False, system=False, add_to_model_list=True, metrics=None, display=None, model_only=True, return_train_score=False, error_score=0.0, kwargs={})
2025-08-05 15:57:07,918:INFO:Checking exceptions
2025-08-05 15:57:07,918:INFO:Importing libraries
2025-08-05 15:57:07,918:INFO:Copying training dataset
2025-08-05 15:57:07,919:INFO:Defining folds
2025-08-05 15:57:07,920:INFO:Declaring metric variables
2025-08-05 15:57:07,920:INFO:Importing untrained model
2025-08-05 15:57:07,920:INFO:Declaring custom model
2025-08-05 15:57:07,920:INFO:Extra Trees Classifier Imported successfully
2025-08-05 15:57:07,920:INFO:Cross validation set to False
2025-08-05 15:57:07,920:INFO:Fitting Model
2025-08-05 15:57:07,982:INFO:ExtraTreesClassifier(bootstrap=False, ccp_alpha=0.0, class_weight=None,
                     criterion='gini', max_depth=None, max_features='sqrt',
                     max_leaf_nodes=None, max_samples=None,
                     min_impurity_decrease=0.0, min_samples_leaf=1,
                     min_samples_split=2, min_weight_fraction_leaf=0.0,
                     monotonic_cst=None, n_estimators=100, n_jobs=-1,
                     oob_score=False, random_state=42, verbose=0,
                     warm_start=False)
2025-08-05 15:57:07,983:INFO:create_model() successfully completed......................................
2025-08-05 15:57:08,069:INFO:_master_model_container: 3
2025-08-05 15:57:08,069:INFO:_display_container: 2
2025-08-05 15:57:08,070:INFO:ExtraTreesClassifier(bootstrap=False, ccp_alpha=0.0, class_weight=None,
                     criterion='gini', max_depth=None, max_features='sqrt',
                     max_leaf_nodes=None, max_samples=None,
                     min_impurity_decrease=0.0, min_samples_leaf=1,
                     min_samples_split=2, min_weight_fraction_leaf=0.0,
                     monotonic_cst=None, n_estimators=100, n_jobs=-1,
                     oob_score=False, random_state=42, verbose=0,
                     warm_start=False)
2025-08-05 15:57:08,070:INFO:compare_models() successfully completed......................................
2025-08-05 15:57:08,070:INFO:Initializing finalize_model()
2025-08-05 15:57:08,070:INFO:finalize_model(self=<pycaret.classification.oop.ClassificationExperiment object at 0xffff1a6e34d0>, estimator=ExtraTreesClassifier(bootstrap=False, ccp_alpha=0.0, class_weight=None,
                     criterion='gini', max_depth=None, max_features='sqrt',
                     max_leaf_nodes=None, max_samples=None,
                     min_impurity_decrease=0.0, min_samples_leaf=1,
                     min_samples_split=2, min_weight_fraction_leaf=0.0,
                     monotonic_cst=None, n_estimators=100, n_jobs=-1,
                     oob_score=False, random_state=42, verbose=0,
                     warm_start=False), fit_kwargs=None, groups=None, model_only=False, experiment_custom_tags=None)
2025-08-05 15:57:08,070:INFO:Finalizing ExtraTreesClassifier(bootstrap=False, ccp_alpha=0.0, class_weight=None,
                     criterion='gini', max_depth=None, max_features='sqrt',
                     max_leaf_nodes=None, max_samples=None,
                     min_impurity_decrease=0.0, min_samples_leaf=1,
                     min_samples_split=2, min_weight_fraction_leaf=0.0,
                     monotonic_cst=None, n_estimators=100, n_jobs=-1,
                     oob_score=False, random_state=42, verbose=0,
                     warm_start=False)
2025-08-05 15:57:08,071:INFO:Initializing create_model()
2025-08-05 15:57:08,071:INFO:create_model(self=<pycaret.classification.oop.ClassificationExperiment object at 0xffff1a6e34d0>, estimator=ExtraTreesClassifier(bootstrap=False, ccp_alpha=0.0, class_weight=None,
                     criterion='gini', max_depth=None, max_features='sqrt',
                     max_leaf_nodes=None, max_samples=None,
                     min_impurity_decrease=0.0, min_samples_leaf=1,
                     min_samples_split=2, min_weight_fraction_leaf=0.0,
                     monotonic_cst=None, n_estimators=100, n_jobs=-1,
                     oob_score=False, random_state=42, verbose=0,
                     warm_start=False), fold=None, round=4, cross_validation=False, predict=False, fit_kwargs={}, groups=None, refit=True, probability_threshold=None, experiment_custom_tags=None, verbose=False, system=False, add_to_model_list=False, metrics=None, display=None, model_only=False, return_train_score=False, error_score=0.0, kwargs={})
2025-08-05 15:57:08,071:INFO:Checking exceptions
2025-08-05 15:57:08,072:INFO:Importing libraries
2025-08-05 15:57:08,072:INFO:Copying training dataset
2025-08-05 15:57:08,072:INFO:Defining folds
2025-08-05 15:57:08,072:INFO:Declaring metric variables
2025-08-05 15:57:08,072:INFO:Importing untrained model
2025-08-05 15:57:08,072:INFO:Declaring custom model
2025-08-05 15:57:08,073:INFO:Extra Trees Classifier Imported successfully
2025-08-05 15:57:08,073:INFO:Cross validation set to False
2025-08-05 15:57:08,073:INFO:Fitting Model
2025-08-05 15:57:08,137:INFO:Pipeline(memory=Memory(location=None),
         steps=[('numerical_imputer',
                 TransformerWrapper(exclude=None,
                                    include=['having_IP_Address', 'URL_Length',
                                             'Shortining_Service',
                                             'having_At_Symbol',
                                             'double_slash_redirecting',
                                             'Prefix_Suffix',
                                             'having_Sub_Domain',
                                             'SSLfinal_State', 'URL_of_Anchor',
                                             'Links_in_tags', 'SFH',
                                             'Abnormal_URL'],
                                    transformer=SimpleImputer(add_indica...
                 ExtraTreesClassifier(bootstrap=False, ccp_alpha=0.0,
                                      class_weight=None, criterion='gini',
                                      max_depth=None, max_features='sqrt',
                                      max_leaf_nodes=None, max_samples=None,
                                      min_impurity_decrease=0.0,
                                      min_samples_leaf=1, min_samples_split=2,
                                      min_weight_fraction_leaf=0.0,
                                      monotonic_cst=None, n_estimators=100,
                                      n_jobs=-1, oob_score=False,
                                      random_state=42, verbose=0,
                                      warm_start=False))],
         verbose=False)
2025-08-05 15:57:08,137:INFO:create_model() successfully completed......................................
2025-08-05 15:57:08,220:INFO:_master_model_container: 3
2025-08-05 15:57:08,220:INFO:_display_container: 2
2025-08-05 15:57:08,222:INFO:Pipeline(memory=Memory(location=None),
         steps=[('numerical_imputer',
                 TransformerWrapper(exclude=None,
                                    include=['having_IP_Address', 'URL_Length',
                                             'Shortining_Service',
                                             'having_At_Symbol',
                                             'double_slash_redirecting',
                                             'Prefix_Suffix',
                                             'having_Sub_Domain',
                                             'SSLfinal_State', 'URL_of_Anchor',
                                             'Links_in_tags', 'SFH',
                                             'Abnormal_URL'],
                                    transformer=SimpleImputer(add_indica...
                 ExtraTreesClassifier(bootstrap=False, ccp_alpha=0.0,
                                      class_weight=None, criterion='gini',
                                      max_depth=None, max_features='sqrt',
                                      max_leaf_nodes=None, max_samples=None,
                                      min_impurity_decrease=0.0,
                                      min_samples_leaf=1, min_samples_split=2,
                                      min_weight_fraction_leaf=0.0,
                                      monotonic_cst=None, n_estimators=100,
                                      n_jobs=-1, oob_score=False,
                                      random_state=42, verbose=0,
                                      warm_start=False))],
         verbose=False)
2025-08-05 15:57:08,222:INFO:finalize_model() successfully completed......................................
2025-08-05 15:57:08,306:INFO:Initializing plot_model()
2025-08-05 15:57:08,306:INFO:plot_model(self=<pycaret.classification.oop.ClassificationExperiment object at 0xffff1a6e34d0>, estimator=Pipeline(memory=Memory(location=None),
         steps=[('numerical_imputer',
                 TransformerWrapper(exclude=None,
                                    include=['having_IP_Address', 'URL_Length',
                                             'Shortining_Service',
                                             'having_At_Symbol',
                                             'double_slash_redirecting',
                                             'Prefix_Suffix',
                                             'having_Sub_Domain',
                                             'SSLfinal_State', 'URL_of_Anchor',
                                             'Links_in_tags', 'SFH',
                                             'Abnormal_URL'],
                                    transformer=SimpleImputer(add_indica...
                 ExtraTreesClassifier(bootstrap=False, ccp_alpha=0.0,
                                      class_weight=None, criterion='gini',
                                      max_depth=None, max_features='sqrt',
                                      max_leaf_nodes=None, max_samples=None,
                                      min_impurity_decrease=0.0,
                                      min_samples_leaf=1, min_samples_split=2,
                                      min_weight_fraction_leaf=0.0,
                                      monotonic_cst=None, n_estimators=100,
                                      n_jobs=-1, oob_score=False,
                                      random_state=42, verbose=0,
                                      warm_start=False))],
         verbose=False), plot=feature, scale=1, save=True, fold=None, fit_kwargs=None, plot_kwargs=None, groups=None, feature_name=None, label=False, verbose=True, system=True, display=None, display_format=None)
2025-08-05 15:57:08,306:INFO:Checking exceptions
2025-08-05 15:57:08,322:INFO:Preloading libraries
2025-08-05 15:57:08,325:INFO:Copying training dataset
2025-08-05 15:57:08,325:INFO:Plot type: feature
2025-08-05 15:57:08,326:WARNING:No coef_ found. Trying feature_importances_
2025-08-05 15:57:08,358:INFO:Saving 'Feature Importance.png'
2025-08-05 15:57:08,359:WARNING:findfont: Generic family 'sans-serif' not found because none of the following families were found: Arial, Liberation Sans, Bitstream Vera Sans, sans-serif
2025-08-05 15:57:08,360:WARNING:findfont: Generic family 'sans-serif' not found because none of the following families were found: Arial, Liberation Sans, Bitstream Vera Sans, sans-serif
2025-08-05 15:57:08,360:WARNING:findfont: Generic family 'sans-serif' not found because none of the following families were found: Arial, Liberation Sans, Bitstream Vera Sans, sans-serif
2025-08-05 15:57:08,360:WARNING:findfont: Generic family 'sans-serif' not found because none of the following families were found: Arial, Liberation Sans, Bitstream Vera Sans, sans-serif
2025-08-05 15:57:08,361:WARNING:findfont: Generic family 'sans-serif' not found because none of the following families were found: Arial, Liberation Sans, Bitstream Vera Sans, sans-serif
2025-08-05 15:57:08,361:WARNING:findfont: Generic family 'sans-serif' not found because none of the following families were found: Arial, Liberation Sans, Bitstream Vera Sans, sans-serif
2025-08-05 15:57:08,361:WARNING:findfont: Generic family 'sans-serif' not found because none of the following families were found: Arial, Liberation Sans, Bitstream Vera Sans, sans-serif
2025-08-05 15:57:08,362:WARNING:findfont: Generic family 'sans-serif' not found because none of the following families were found: Arial, Liberation Sans, Bitstream Vera Sans, sans-serif
2025-08-05 15:57:08,362:WARNING:findfont: Generic family 'sans-serif' not found because none of the following families were found: Arial, Liberation Sans, Bitstream Vera Sans, sans-serif
2025-08-05 15:57:08,362:WARNING:findfont: Generic family 'sans-serif' not found because none of the following families were found: Arial, Liberation Sans, Bitstream Vera Sans, sans-serif
2025-08-05 15:57:08,363:WARNING:findfont: Generic family 'sans-serif' not found because none of the following families were found: Arial, Liberation Sans, Bitstream Vera Sans, sans-serif
2025-08-05 15:57:08,364:WARNING:findfont: Generic family 'sans-serif' not found because none of the following families were found: Arial, Liberation Sans, Bitstream Vera Sans, sans-serif
2025-08-05 15:57:08,364:WARNING:findfont: Generic family 'sans-serif' not found because none of the following families were found: Arial, Liberation Sans, Bitstream Vera Sans, sans-serif
2025-08-05 15:57:08,364:WARNING:findfont: Generic family 'sans-serif' not found because none of the following families were found: Arial, Liberation Sans, Bitstream Vera Sans, sans-serif
2025-08-05 15:57:08,365:WARNING:findfont: Generic family 'sans-serif' not found because none of the following families were found: Arial, Liberation Sans, Bitstream Vera Sans, sans-serif
2025-08-05 15:57:08,370:WARNING:findfont: Generic family 'sans-serif' not found because none of the following families were found: Arial, Liberation Sans, Bitstream Vera Sans, sans-serif
2025-08-05 15:57:08,370:WARNING:findfont: Generic family 'sans-serif' not found because none of the following families were found: Arial, Liberation Sans, Bitstream Vera Sans, sans-serif
2025-08-05 15:57:08,373:WARNING:findfont: Generic family 'sans-serif' not found because none of the following families were found: Arial, Liberation Sans, Bitstream Vera Sans, sans-serif
2025-08-05 15:57:08,374:WARNING:findfont: Generic family 'sans-serif' not found because none of the following families were found: Arial, Liberation Sans, Bitstream Vera Sans, sans-serif
2025-08-05 15:57:08,374:WARNING:findfont: Generic family 'sans-serif' not found because none of the following families were found: Arial, Liberation Sans, Bitstream Vera Sans, sans-serif
2025-08-05 15:57:08,376:WARNING:findfont: Generic family 'sans-serif' not found because none of the following families were found: Arial, Liberation Sans, Bitstream Vera Sans, sans-serif
2025-08-05 15:57:08,381:WARNING:findfont: Generic family 'sans-serif' not found because none of the following families were found: Arial, Liberation Sans, Bitstream Vera Sans, sans-serif
2025-08-05 15:57:08,406:WARNING:findfont: Generic family 'sans-serif' not found because none of the following families were found: Arial, Liberation Sans, Bitstream Vera Sans, sans-serif
2025-08-05 15:57:08,406:WARNING:findfont: Generic family 'sans-serif' not found because none of the following families were found: Arial, Liberation Sans, Bitstream Vera Sans, sans-serif
2025-08-05 15:57:08,407:WARNING:findfont: Generic family 'sans-serif' not found because none of the following families were found: Arial, Liberation Sans, Bitstream Vera Sans, sans-serif
2025-08-05 15:57:08,408:WARNING:findfont: Generic family 'sans-serif' not found because none of the following families were found: Arial, Liberation Sans, Bitstream Vera Sans, sans-serif
2025-08-05 15:57:08,408:WARNING:findfont: Generic family 'sans-serif' not found because none of the following families were found: Arial, Liberation Sans, Bitstream Vera Sans, sans-serif
2025-08-05 15:57:08,409:WARNING:findfont: Generic family 'sans-serif' not found because none of the following families were found: Arial, Liberation Sans, Bitstream Vera Sans, sans-serif
2025-08-05 15:57:08,409:WARNING:findfont: Generic family 'sans-serif' not found because none of the following families were found: Arial, Liberation Sans, Bitstream Vera Sans, sans-serif
2025-08-05 15:57:08,410:WARNING:findfont: Generic family 'sans-serif' not found because none of the following families were found: Arial, Liberation Sans, Bitstream Vera Sans, sans-serif
2025-08-05 15:57:08,411:WARNING:findfont: Generic family 'sans-serif' not found because none of the following families were found: Arial, Liberation Sans, Bitstream Vera Sans, sans-serif
2025-08-05 15:57:08,411:WARNING:findfont: Generic family 'sans-serif' not found because none of the following families were found: Arial, Liberation Sans, Bitstream Vera Sans, sans-serif
2025-08-05 15:57:08,411:WARNING:findfont: Generic family 'sans-serif' not found because none of the following families were found: Arial, Liberation Sans, Bitstream Vera Sans, sans-serif
2025-08-05 15:57:08,413:WARNING:findfont: Generic family 'sans-serif' not found because none of the following families were found: Arial, Liberation Sans, Bitstream Vera Sans, sans-serif
2025-08-05 15:57:08,414:WARNING:findfont: Generic family 'sans-serif' not found because none of the following families were found: Arial, Liberation Sans, Bitstream Vera Sans, sans-serif
2025-08-05 15:57:08,414:WARNING:findfont: Generic family 'sans-serif' not found because none of the following families were found: Arial, Liberation Sans, Bitstream Vera Sans, sans-serif
2025-08-05 15:57:08,414:WARNING:findfont: Generic family 'sans-serif' not found because none of the following families were found: Arial, Liberation Sans, Bitstream Vera Sans, sans-serif
2025-08-05 15:57:08,416:WARNING:findfont: Generic family 'sans-serif' not found because none of the following families were found: Arial, Liberation Sans, Bitstream Vera Sans, sans-serif
2025-08-05 15:57:08,417:WARNING:findfont: Generic family 'sans-serif' not found because none of the following families were found: Arial, Liberation Sans, Bitstream Vera Sans, sans-serif
2025-08-05 15:57:08,417:WARNING:findfont: Generic family 'sans-serif' not found because none of the following families were found: Arial, Liberation Sans, Bitstream Vera Sans, sans-serif
2025-08-05 15:57:08,418:WARNING:findfont: Generic family 'sans-serif' not found because none of the following families were found: Arial, Liberation Sans, Bitstream Vera Sans, sans-serif
2025-08-05 15:57:08,418:WARNING:findfont: Generic family 'sans-serif' not found because none of the following families were found: Arial, Liberation Sans, Bitstream Vera Sans, sans-serif
2025-08-05 15:57:08,418:WARNING:findfont: Generic family 'sans-serif' not found because none of the following families were found: Arial, Liberation Sans, Bitstream Vera Sans, sans-serif
2025-08-05 15:57:08,419:WARNING:findfont: Generic family 'sans-serif' not found because none of the following families were found: Arial, Liberation Sans, Bitstream Vera Sans, sans-serif
2025-08-05 15:57:08,420:WARNING:findfont: Generic family 'sans-serif' not found because none of the following families were found: Arial, Liberation Sans, Bitstream Vera Sans, sans-serif
2025-08-05 15:57:08,420:WARNING:findfont: Generic family 'sans-serif' not found because none of the following families were found: Arial, Liberation Sans, Bitstream Vera Sans, sans-serif
2025-08-05 15:57:08,421:WARNING:findfont: Generic family 'sans-serif' not found because none of the following families were found: Arial, Liberation Sans, Bitstream Vera Sans, sans-serif
2025-08-05 15:57:08,422:WARNING:findfont: Generic family 'sans-serif' not found because none of the following families were found: Arial, Liberation Sans, Bitstream Vera Sans, sans-serif
2025-08-05 15:57:08,422:WARNING:findfont: Generic family 'sans-serif' not found because none of the following families were found: Arial, Liberation Sans, Bitstream Vera Sans, sans-serif
2025-08-05 15:57:08,425:WARNING:findfont: Generic family 'sans-serif' not found because none of the following families were found: Arial, Liberation Sans, Bitstream Vera Sans, sans-serif
2025-08-05 15:57:08,425:WARNING:findfont: Generic family 'sans-serif' not found because none of the following families were found: Arial, Liberation Sans, Bitstream Vera Sans, sans-serif
2025-08-05 15:57:08,427:WARNING:findfont: Generic family 'sans-serif' not found because none of the following families were found: Arial, Liberation Sans, Bitstream Vera Sans, sans-serif
2025-08-05 15:57:08,428:WARNING:findfont: Generic family 'sans-serif' not found because none of the following families were found: Arial, Liberation Sans, Bitstream Vera Sans, sans-serif
2025-08-05 15:57:08,429:WARNING:findfont: Generic family 'sans-serif' not found because none of the following families were found: Arial, Liberation Sans, Bitstream Vera Sans, sans-serif
2025-08-05 15:57:08,430:WARNING:findfont: Generic family 'sans-serif' not found because none of the following families were found: Arial, Liberation Sans, Bitstream Vera Sans, sans-serif
2025-08-05 15:57:08,431:WARNING:findfont: Generic family 'sans-serif' not found because none of the following families were found: Arial, Liberation Sans, Bitstream Vera Sans, sans-serif
2025-08-05 15:57:08,431:WARNING:findfont: Generic family 'sans-serif' not found because none of the following families were found: Arial, Liberation Sans, Bitstream Vera Sans, sans-serif
2025-08-05 15:57:08,432:WARNING:findfont: Generic family 'sans-serif' not found because none of the following families were found: Arial, Liberation Sans, Bitstream Vera Sans, sans-serif
2025-08-05 15:57:08,433:WARNING:findfont: Generic family 'sans-serif' not found because none of the following families were found: Arial, Liberation Sans, Bitstream Vera Sans, sans-serif
2025-08-05 15:57:08,435:WARNING:findfont: Generic family 'sans-serif' not found because none of the following families were found: Arial, Liberation Sans, Bitstream Vera Sans, sans-serif
2025-08-05 15:57:08,435:WARNING:findfont: Generic family 'sans-serif' not found because none of the following families were found: Arial, Liberation Sans, Bitstream Vera Sans, sans-serif
2025-08-05 15:57:08,438:WARNING:findfont: Generic family 'sans-serif' not found because none of the following families were found: Arial, Liberation Sans, Bitstream Vera Sans, sans-serif
2025-08-05 15:57:08,439:WARNING:findfont: Generic family 'sans-serif' not found because none of the following families were found: Arial, Liberation Sans, Bitstream Vera Sans, sans-serif
2025-08-05 15:57:08,455:WARNING:findfont: Generic family 'sans-serif' not found because none of the following families were found: Arial, Liberation Sans, Bitstream Vera Sans, sans-serif
2025-08-05 15:57:08,455:WARNING:findfont: Generic family 'sans-serif' not found because none of the following families were found: Arial, Liberation Sans, Bitstream Vera Sans, sans-serif
2025-08-05 15:57:08,456:WARNING:findfont: Generic family 'sans-serif' not found because none of the following families were found: Arial, Liberation Sans, Bitstream Vera Sans, sans-serif
2025-08-05 15:57:08,456:WARNING:findfont: Generic family 'sans-serif' not found because none of the following families were found: Arial, Liberation Sans, Bitstream Vera Sans, sans-serif
2025-08-05 15:57:08,456:WARNING:findfont: Generic family 'sans-serif' not found because none of the following families were found: Arial, Liberation Sans, Bitstream Vera Sans, sans-serif
2025-08-05 15:57:08,456:WARNING:findfont: Generic family 'sans-serif' not found because none of the following families were found: Arial, Liberation Sans, Bitstream Vera Sans, sans-serif
2025-08-05 15:57:08,456:WARNING:findfont: Generic family 'sans-serif' not found because none of the following families were found: Arial, Liberation Sans, Bitstream Vera Sans, sans-serif
2025-08-05 15:57:08,457:WARNING:findfont: Generic family 'sans-serif' not found because none of the following families were found: Arial, Liberation Sans, Bitstream Vera Sans, sans-serif
2025-08-05 15:57:08,457:WARNING:findfont: Generic family 'sans-serif' not found because none of the following families were found: Arial, Liberation Sans, Bitstream Vera Sans, sans-serif
2025-08-05 15:57:08,457:WARNING:findfont: Generic family 'sans-serif' not found because none of the following families were found: Arial, Liberation Sans, Bitstream Vera Sans, sans-serif
2025-08-05 15:57:08,457:WARNING:findfont: Generic family 'sans-serif' not found because none of the following families were found: Arial, Liberation Sans, Bitstream Vera Sans, sans-serif
2025-08-05 15:57:08,458:WARNING:findfont: Generic family 'sans-serif' not found because none of the following families were found: Arial, Liberation Sans, Bitstream Vera Sans, sans-serif
2025-08-05 15:57:08,458:WARNING:findfont: Generic family 'sans-serif' not found because none of the following families were found: Arial, Liberation Sans, Bitstream Vera Sans, sans-serif
2025-08-05 15:57:08,458:WARNING:findfont: Generic family 'sans-serif' not found because none of the following families were found: Arial, Liberation Sans, Bitstream Vera Sans, sans-serif
2025-08-05 15:57:08,459:WARNING:findfont: Generic family 'sans-serif' not found because none of the following families were found: Arial, Liberation Sans, Bitstream Vera Sans, sans-serif
2025-08-05 15:57:08,459:WARNING:findfont: Generic family 'sans-serif' not found because none of the following families were found: Arial, Liberation Sans, Bitstream Vera Sans, sans-serif
2025-08-05 15:57:08,460:WARNING:findfont: Generic family 'sans-serif' not found because none of the following families were found: Arial, Liberation Sans, Bitstream Vera Sans, sans-serif
2025-08-05 15:57:08,460:WARNING:findfont: Generic family 'sans-serif' not found because none of the following families were found: Arial, Liberation Sans, Bitstream Vera Sans, sans-serif
2025-08-05 15:57:08,460:WARNING:findfont: Generic family 'sans-serif' not found because none of the following families were found: Arial, Liberation Sans, Bitstream Vera Sans, sans-serif
2025-08-05 15:57:08,460:WARNING:findfont: Generic family 'sans-serif' not found because none of the following families were found: Arial, Liberation Sans, Bitstream Vera Sans, sans-serif
2025-08-05 15:57:08,460:WARNING:findfont: Generic family 'sans-serif' not found because none of the following families were found: Arial, Liberation Sans, Bitstream Vera Sans, sans-serif
2025-08-05 15:57:08,461:WARNING:findfont: Generic family 'sans-serif' not found because none of the following families were found: Arial, Liberation Sans, Bitstream Vera Sans, sans-serif
2025-08-05 15:57:08,461:WARNING:findfont: Generic family 'sans-serif' not found because none of the following families were found: Arial, Liberation Sans, Bitstream Vera Sans, sans-serif
2025-08-05 15:57:08,461:WARNING:findfont: Generic family 'sans-serif' not found because none of the following families were found: Arial, Liberation Sans, Bitstream Vera Sans, sans-serif
2025-08-05 15:57:08,461:WARNING:findfont: Generic family 'sans-serif' not found because none of the following families were found: Arial, Liberation Sans, Bitstream Vera Sans, sans-serif
2025-08-05 15:57:08,462:WARNING:findfont: Generic family 'sans-serif' not found because none of the following families were found: Arial, Liberation Sans, Bitstream Vera Sans, sans-serif
2025-08-05 15:57:08,462:WARNING:findfont: Generic family 'sans-serif' not found because none of the following families were found: Arial, Liberation Sans, Bitstream Vera Sans, sans-serif
2025-08-05 15:57:08,463:WARNING:findfont: Generic family 'sans-serif' not found because none of the following families were found: Arial, Liberation Sans, Bitstream Vera Sans, sans-serif
2025-08-05 15:57:08,463:WARNING:findfont: Generic family 'sans-serif' not found because none of the following families were found: Arial, Liberation Sans, Bitstream Vera Sans, sans-serif
2025-08-05 15:57:08,464:WARNING:findfont: Generic family 'sans-serif' not found because none of the following families were found: Arial, Liberation Sans, Bitstream Vera Sans, sans-serif
2025-08-05 15:57:08,465:WARNING:findfont: Generic family 'sans-serif' not found because none of the following families were found: Arial, Liberation Sans, Bitstream Vera Sans, sans-serif
2025-08-05 15:57:08,465:WARNING:findfont: Generic family 'sans-serif' not found because none of the following families were found: Arial, Liberation Sans, Bitstream Vera Sans, sans-serif
2025-08-05 15:57:08,466:WARNING:findfont: Generic family 'sans-serif' not found because none of the following families were found: Arial, Liberation Sans, Bitstream Vera Sans, sans-serif
2025-08-05 15:57:08,466:WARNING:findfont: Generic family 'sans-serif' not found because none of the following families were found: Arial, Liberation Sans, Bitstream Vera Sans, sans-serif
2025-08-05 15:57:08,466:WARNING:findfont: Generic family 'sans-serif' not found because none of the following families were found: Arial, Liberation Sans, Bitstream Vera Sans, sans-serif
2025-08-05 15:57:08,467:WARNING:findfont: Generic family 'sans-serif' not found because none of the following families were found: Arial, Liberation Sans, Bitstream Vera Sans, sans-serif
2025-08-05 15:57:08,467:WARNING:findfont: Generic family 'sans-serif' not found because none of the following families were found: Arial, Liberation Sans, Bitstream Vera Sans, sans-serif
2025-08-05 15:57:08,467:WARNING:findfont: Generic family 'sans-serif' not found because none of the following families were found: Arial, Liberation Sans, Bitstream Vera Sans, sans-serif
2025-08-05 15:57:08,468:WARNING:findfont: Generic family 'sans-serif' not found because none of the following families were found: Arial, Liberation Sans, Bitstream Vera Sans, sans-serif
2025-08-05 15:57:08,469:WARNING:findfont: Generic family 'sans-serif' not found because none of the following families were found: Arial, Liberation Sans, Bitstream Vera Sans, sans-serif
2025-08-05 15:57:08,469:WARNING:findfont: Generic family 'sans-serif' not found because none of the following families were found: Arial, Liberation Sans, Bitstream Vera Sans, sans-serif
2025-08-05 15:57:08,470:INFO:Visual Rendered Successfully
2025-08-05 15:57:08,555:INFO:plot_model() successfully completed......................................
2025-08-05 15:57:08,558:INFO:Initializing save_model()
2025-08-05 15:57:08,558:INFO:save_model(model=Pipeline(memory=Memory(location=None),
         steps=[('numerical_imputer',
                 TransformerWrapper(exclude=None,
                                    include=['having_IP_Address', 'URL_Length',
                                             'Shortining_Service',
                                             'having_At_Symbol',
                                             'double_slash_redirecting',
                                             'Prefix_Suffix',
                                             'having_Sub_Domain',
                                             'SSLfinal_State', 'URL_of_Anchor',
                                             'Links_in_tags', 'SFH',
                                             'Abnormal_URL'],
                                    transformer=SimpleImputer(add_indica...
                 ExtraTreesClassifier(bootstrap=False, ccp_alpha=0.0,
                                      class_weight=None, criterion='gini',
                                      max_depth=None, max_features='sqrt',
                                      max_leaf_nodes=None, max_samples=None,
                                      min_impurity_decrease=0.0,
                                      min_samples_leaf=1, min_samples_split=2,
                                      min_weight_fraction_leaf=0.0,
                                      monotonic_cst=None, n_estimators=100,
                                      n_jobs=-1, oob_score=False,
                                      random_state=42, verbose=0,
                                      warm_start=False))],
         verbose=False), model_name=models/phishing_url_detector, prep_pipe_=Pipeline(memory=FastMemory(location=/tmp/joblib),
         steps=[('numerical_imputer',
                 TransformerWrapper(exclude=None,
                                    include=['having_IP_Address', 'URL_Length',
                                             'Shortining_Service',
                                             'having_At_Symbol',
                                             'double_slash_redirecting',
                                             'Prefix_Suffix',
                                             'having_Sub_Domain',
                                             'SSLfinal_State', 'URL_of_Anchor',
                                             'Links_in_tags', 'SFH',
                                             'Abnormal_URL'],
                                    transformer=SimpleImputer(add_indicator=False,
                                                              copy=True,
                                                              fill_value=None,
                                                              keep_empty_features=False,
                                                              missing_values=nan,
                                                              strategy='mean'))),
                ('categorical_imputer',
                 TransformerWrapper(exclude=None, include=[],
                                    transformer=SimpleImputer(add_indicator=False,
                                                              copy=True,
                                                              fill_value=None,
                                                              keep_empty_features=False,
                                                              missing_values=nan,
                                                              strategy='most_frequent')))],
         verbose=False), verbose=True, use_case=MLUsecase.CLASSIFICATION, kwargs={})
2025-08-05 15:57:08,558:INFO:Adding model into prep_pipe
2025-08-05 15:57:08,559:WARNING:Only Model saved as it was a pipeline.
2025-08-05 15:57:08,586:INFO:models/phishing_url_detector.pkl saved in current working directory
2025-08-05 15:57:08,587:INFO:Pipeline(memory=Memory(location=None),
         steps=[('numerical_imputer',
                 TransformerWrapper(exclude=None,
                                    include=['having_IP_Address', 'URL_Length',
                                             'Shortining_Service',
                                             'having_At_Symbol',
                                             'double_slash_redirecting',
                                             'Prefix_Suffix',
                                             'having_Sub_Domain',
                                             'SSLfinal_State', 'URL_of_Anchor',
                                             'Links_in_tags', 'SFH',
                                             'Abnormal_URL'],
                                    transformer=SimpleImputer(add_indica...
                 ExtraTreesClassifier(bootstrap=False, ccp_alpha=0.0,
                                      class_weight=None, criterion='gini',
                                      max_depth=None, max_features='sqrt',
                                      max_leaf_nodes=None, max_samples=None,
                                      min_impurity_decrease=0.0,
                                      min_samples_leaf=1, min_samples_split=2,
                                      min_weight_fraction_leaf=0.0,
                                      monotonic_cst=None, n_estimators=100,
                                      n_jobs=-1, oob_score=False,
                                      random_state=42, verbose=0,
                                      warm_start=False))],
         verbose=False)
2025-08-05 15:57:08,587:INFO:save_model() successfully completed......................................
2025-08-05 15:57:18,732:WARNING:
'cuml' is a soft dependency and not included in the pycaret installation. Please run: `pip install cuml` to install.
2025-08-05 15:57:18,732:WARNING:
'cuml' is a soft dependency and not included in the pycaret installation. Please run: `pip install cuml` to install.
2025-08-05 15:57:18,732:WARNING:
'cuml' is a soft dependency and not included in the pycaret installation. Please run: `pip install cuml` to install.
2025-08-05 15:57:18,732:WARNING:
'cuml' is a soft dependency and not included in the pycaret installation. Please run: `pip install cuml` to install.
2025-08-05 15:57:19,534:INFO:Initializing load_model()
2025-08-05 15:57:19,535:INFO:load_model(model_name=models/phishing_url_detector, platform=None, authentication=None, verbose=True)
2025-08-05 15:57:37,857:INFO:Initializing predict_model()
2025-08-05 15:57:37,857:INFO:predict_model(self=<pycaret.classification.oop.ClassificationExperiment object at 0xffff980ddad0>, estimator=Pipeline(memory=Memory(location=None),
         steps=[('numerical_imputer',
                 TransformerWrapper(include=['having_IP_Address', 'URL_Length',
                                             'Shortining_Service',
                                             'having_At_Symbol',
                                             'double_slash_redirecting',
                                             'Prefix_Suffix',
                                             'having_Sub_Domain',
                                             'SSLfinal_State', 'URL_of_Anchor',
                                             'Links_in_tags', 'SFH',
                                             'Abnormal_URL'],
                                    transformer=SimpleImputer())),
                ('categorical_imputer',
                 TransformerWrapper(include=[],
                                    transformer=SimpleImputer(strategy='most_frequent'))),
                ('actual_estimator',
                 ExtraTreesClassifier(n_jobs=-1, random_state=42))]), probability_threshold=None, encoded_labels=False, raw_score=False, round=4, verbose=True, ml_usecase=None, preprocess=True, encode_labels=<function _SupervisedExperiment.predict_model.<locals>.encode_labels at 0xffff1e135f80>)
2025-08-05 15:57:37,857:INFO:Checking exceptions
2025-08-05 15:57:37,858:INFO:Preloading libraries
2025-08-05 15:57:37,858:INFO:Set up data.
2025-08-05 15:57:37,862:INFO:Set up index.
2025-08-05 17:36:00,981:WARNING:
'cuml' is a soft dependency and not included in the pycaret installation. Please run: `pip install cuml` to install.
2025-08-05 17:36:00,982:WARNING:
'cuml' is a soft dependency and not included in the pycaret installation. Please run: `pip install cuml` to install.
2025-08-05 17:36:00,982:WARNING:
'cuml' is a soft dependency and not included in the pycaret installation. Please run: `pip install cuml` to install.
2025-08-05 17:36:00,982:WARNING:
'cuml' is a soft dependency and not included in the pycaret installation. Please run: `pip install cuml` to install.
2025-08-05 17:36:10,321:WARNING:
'cuml' is a soft dependency and not included in the pycaret installation. Please run: `pip install cuml` to install.
2025-08-05 17:36:10,321:WARNING:
'cuml' is a soft dependency and not included in the pycaret installation. Please run: `pip install cuml` to install.
2025-08-05 17:36:10,321:WARNING:
'cuml' is a soft dependency and not included in the pycaret installation. Please run: `pip install cuml` to install.
2025-08-05 17:36:10,321:WARNING:
'cuml' is a soft dependency and not included in the pycaret installation. Please run: `pip install cuml` to install.
2025-08-05 17:36:11,466:INFO:Initializing load_model()
2025-08-05 17:36:11,467:INFO:load_model(model_name=models/phishing_url_detector, platform=None, authentication=None, verbose=True)
2025-08-05 17:36:15,154:INFO:Initializing predict_model()
2025-08-05 17:36:15,155:INFO:predict_model(self=<pycaret.classification.oop.ClassificationExperiment object at 0xffffa45ddcd0>, estimator=Pipeline(memory=Memory(location=None),
         steps=[('numerical_imputer',
                 TransformerWrapper(include=['having_IP_Address', 'URL_Length',
                                             'Shortining_Service',
                                             'having_At_Symbol',
                                             'double_slash_redirecting',
                                             'Prefix_Suffix',
                                             'having_Sub_Domain',
                                             'SSLfinal_State', 'URL_of_Anchor',
                                             'Links_in_tags', 'SFH',
                                             'Abnormal_URL'],
                                    transformer=SimpleImputer())),
                ('categorical_imputer',
                 TransformerWrapper(include=[],
                                    transformer=SimpleImputer(strategy='most_frequent'))),
                ('actual_estimator',
                 ExtraTreesClassifier(n_jobs=-1, random_state=42))]), probability_threshold=None, encoded_labels=False, raw_score=False, round=4, verbose=True, ml_usecase=None, preprocess=True, encode_labels=<function _SupervisedExperiment.predict_model.<locals>.encode_labels at 0xffff2987a340>)
2025-08-05 17:36:15,155:INFO:Checking exceptions
2025-08-05 17:36:15,155:INFO:Preloading libraries
2025-08-05 17:36:15,156:INFO:Set up data.
2025-08-05 17:36:15,159:INFO:Set up index.
2025-08-05 19:33:06,295:WARNING:
'cuml' is a soft dependency and not included in the pycaret installation. Please run: `pip install cuml` to install.
2025-08-05 19:33:06,296:WARNING:
'cuml' is a soft dependency and not included in the pycaret installation. Please run: `pip install cuml` to install.
2025-08-05 19:33:06,296:WARNING:
'cuml' is a soft dependency and not included in the pycaret installation. Please run: `pip install cuml` to install.
2025-08-05 19:33:06,296:WARNING:
'cuml' is a soft dependency and not included in the pycaret installation. Please run: `pip install cuml` to install.
2025-08-05 19:33:21,569:WARNING:
'cuml' is a soft dependency and not included in the pycaret installation. Please run: `pip install cuml` to install.
2025-08-05 19:33:21,569:WARNING:
'cuml' is a soft dependency and not included in the pycaret installation. Please run: `pip install cuml` to install.
2025-08-05 19:33:21,569:WARNING:
'cuml' is a soft dependency and not included in the pycaret installation. Please run: `pip install cuml` to install.
2025-08-05 19:33:21,569:WARNING:
'cuml' is a soft dependency and not included in the pycaret installation. Please run: `pip install cuml` to install.
2025-08-05 19:33:22,466:INFO:Initializing load_model()
2025-08-05 19:33:22,467:INFO:load_model(model_name=models/phishing_url_detector, platform=None, authentication=None, verbose=True)
2025-08-18 17:13:25,205:WARNING:
'cuml' is a soft dependency and not included in the pycaret installation. Please run: `pip install cuml` to install.
2025-08-18 17:13:25,206:WARNING:
'cuml' is a soft dependency and not included in the pycaret installation. Please run: `pip install cuml` to install.
2025-08-18 17:13:25,206:WARNING:
'cuml' is a soft dependency and not included in the pycaret installation. Please run: `pip install cuml` to install.
2025-08-18 17:13:25,206:WARNING:
'cuml' is a soft dependency and not included in the pycaret installation. Please run: `pip install cuml` to install.
2025-08-18 17:41:08,105:WARNING:
'cuml' is a soft dependency and not included in the pycaret installation. Please run: `pip install cuml` to install.
2025-08-18 17:41:08,105:WARNING:
'cuml' is a soft dependency and not included in the pycaret installation. Please run: `pip install cuml` to install.
2025-08-18 17:41:08,105:WARNING:
'cuml' is a soft dependency and not included in the pycaret installation. Please run: `pip install cuml` to install.
2025-08-18 17:41:08,105:WARNING:
'cuml' is a soft dependency and not included in the pycaret installation. Please run: `pip install cuml` to install.
2025-08-18 17:41:11,273:INFO:Initializing load_model()
2025-08-18 17:41:11,273:INFO:load_model(model_name=models/phishing_url_detector, platform=None, authentication=None, verbose=True)
2025-08-18 17:41:12,254:WARNING:/usr/local/lib/python3.11/site-packages/pycaret/internal/pipeline.py:148: UserWarning: Version mismatch:
current: {'deps_info': {'pip': '24.0', 'setuptools': '80.9.0', 'pycaret': '3.3.2', 'IPython': '9.4.0', 'ipywidgets': '8.1.7', 'tqdm': '4.67.1', 'numpy': '1.26.4', 'pandas': '2.1.4', 'jinja2': '3.1.6', 'scipy': '1.11.4', 'joblib': '1.3.2', 'sklearn': '1.4.2', 'pyod': '2.0.5', 'imblearn': '0.14.0', 'category_encoders': '2.7.0', 'lightgbm': '4.6.0', 'numba': '0.61.0', 'requests': '2.32.4', 'matplotlib': '3.7.5', 'scikitplot': '0.3.7', 'yellowbrick': '1.5', 'plotly': '5.24.1', 'plotly-resampler': 'Not installed', 'kaleido': '1.0.0', 'schemdraw': '0.15', 'statsmodels': '0.14.5', 'sktime': '0.26.0', 'tbats': '1.1.3', 'pmdarima': '2.0.4', 'psutil': '7.0.0', 'markupsafe': '3.0.2', 'pickle5': 'Not installed', 'cloudpickle': '3.1.1', 'deprecation': '2.1.0', 'xxhash': '3.5.0', 'wurlitzer': '3.1.1'}, 'python': {'version': '3.11.13', 'machine': 'x86_64'}}
pickle: {'deps_info': {'pip': '24.0', 'setuptools': '80.9.0', 'pycaret': '3.3.2', 'IPython': '9.4.0', 'ipywidgets': '8.1.7', 'tqdm': '4.67.1', 'numpy': '1.26.4', 'pandas': '2.1.4', 'jinja2': '3.1.6', 'scipy': '1.11.4', 'joblib': '1.3.2', 'sklearn': '1.4.2', 'pyod': '2.0.5', 'imblearn': '0.13.0', 'category_encoders': '2.7.0', 'lightgbm': '4.6.0', 'numba': '0.61.0', 'requests': '2.32.4', 'matplotlib': '3.7.5', 'scikitplot': '0.3.7', 'yellowbrick': '1.5', 'plotly': '5.24.1', 'plotly-resampler': 'Not installed', 'kaleido': '1.0.0', 'schemdraw': '0.15', 'statsmodels': '0.14.5', 'sktime': '0.26.0', 'tbats': '1.1.3', 'pmdarima': '2.0.4', 'psutil': '7.0.0', 'markupsafe': '3.0.2', 'pickle5': 'Not installed', 'cloudpickle': '3.1.1', 'deprecation': '2.1.0', 'xxhash': '3.5.0', 'wurlitzer': '3.1.1'}, 'python': {'version': '3.11.13', 'machine': 'aarch64'}}
  warnings.warn(

2025-08-18 17:45:28,540:INFO:Initializing predict_model()
2025-08-18 17:45:28,540:INFO:predict_model(self=<pycaret.classification.oop.ClassificationExperiment object at 0x766d541dac90>, estimator=Pipeline(memory=Memory(location=None),
         steps=[('numerical_imputer',
                 TransformerWrapper(include=['having_IP_Address', 'URL_Length',
                                             'Shortining_Service',
                                             'having_At_Symbol',
                                             'double_slash_redirecting',
                                             'Prefix_Suffix',
                                             'having_Sub_Domain',
                                             'SSLfinal_State', 'URL_of_Anchor',
                                             'Links_in_tags', 'SFH',
                                             'Abnormal_URL'],
                                    transformer=SimpleImputer())),
                ('categorical_imputer',
                 TransformerWrapper(include=[],
                                    transformer=SimpleImputer(strategy='most_frequent'))),
                ('actual_estimator',
                 ExtraTreesClassifier(n_jobs=-1, random_state=42))]), probability_threshold=None, encoded_labels=False, raw_score=False, round=4, verbose=True, ml_usecase=None, preprocess=True, encode_labels=<function _SupervisedExperiment.predict_model.<locals>.encode_labels at 0x766d542a4cc0>)
2025-08-18 17:45:28,540:INFO:Checking exceptions
2025-08-18 17:45:28,540:INFO:Preloading libraries
2025-08-18 17:45:28,541:INFO:Set up data.
2025-08-18 17:45:28,544:INFO:Set up index.
2025-08-18 19:36:00,529:INFO:Initializing predict_model()
2025-08-18 19:36:00,529:INFO:predict_model(self=<pycaret.classification.oop.ClassificationExperiment object at 0x766d87456fd0>, estimator=Pipeline(memory=Memory(location=None),
         steps=[('numerical_imputer',
                 TransformerWrapper(include=['having_IP_Address', 'URL_Length',
                                             'Shortining_Service',
                                             'having_At_Symbol',
                                             'double_slash_redirecting',
                                             'Prefix_Suffix',
                                             'having_Sub_Domain',
                                             'SSLfinal_State', 'URL_of_Anchor',
                                             'Links_in_tags', 'SFH',
                                             'Abnormal_URL'],
                                    transformer=SimpleImputer())),
                ('categorical_imputer',
                 TransformerWrapper(include=[],
                                    transformer=SimpleImputer(strategy='most_frequent'))),
                ('actual_estimator',
                 ExtraTreesClassifier(n_jobs=-1, random_state=42))]), probability_threshold=None, encoded_labels=False, raw_score=False, round=4, verbose=True, ml_usecase=None, preprocess=True, encode_labels=<function _SupervisedExperiment.predict_model.<locals>.encode_labels at 0x766d571f3600>)
2025-08-18 19:36:00,529:INFO:Checking exceptions
2025-08-18 19:36:00,529:INFO:Preloading libraries
2025-08-18 19:36:00,529:INFO:Set up data.
2025-08-18 19:36:00,532:INFO:Set up index.
2025-08-18 19:44:07,392:INFO:Initializing predict_model()
2025-08-18 19:44:07,392:INFO:predict_model(self=<pycaret.classification.oop.ClassificationExperiment object at 0x766d46d1a450>, estimator=Pipeline(memory=Memory(location=None),
         steps=[('numerical_imputer',
                 TransformerWrapper(include=['having_IP_Address', 'URL_Length',
                                             'Shortining_Service',
                                             'having_At_Symbol',
                                             'double_slash_redirecting',
                                             'Prefix_Suffix',
                                             'having_Sub_Domain',
                                             'SSLfinal_State', 'URL_of_Anchor',
                                             'Links_in_tags', 'SFH',
                                             'Abnormal_URL'],
                                    transformer=SimpleImputer())),
                ('categorical_imputer',
                 TransformerWrapper(include=[],
                                    transformer=SimpleImputer(strategy='most_frequent'))),
                ('actual_estimator',
                 ExtraTreesClassifier(n_jobs=-1, random_state=42))]), probability_threshold=None, encoded_labels=False, raw_score=False, round=4, verbose=True, ml_usecase=None, preprocess=True, encode_labels=<function _SupervisedExperiment.predict_model.<locals>.encode_labels at 0x766d8745e660>)
2025-08-18 19:44:07,392:INFO:Checking exceptions
2025-08-18 19:44:07,392:INFO:Preloading libraries
2025-08-18 19:44:07,393:INFO:Set up data.
2025-08-18 19:44:07,395:INFO:Set up index.
2025-08-18 19:46:16,760:WARNING:
'cuml' is a soft dependency and not included in the pycaret installation. Please run: `pip install cuml` to install.
2025-08-18 19:46:16,760:WARNING:
'cuml' is a soft dependency and not included in the pycaret installation. Please run: `pip install cuml` to install.
2025-08-18 19:46:16,760:WARNING:
'cuml' is a soft dependency and not included in the pycaret installation. Please run: `pip install cuml` to install.
2025-08-18 19:46:16,760:WARNING:
'cuml' is a soft dependency and not included in the pycaret installation. Please run: `pip install cuml` to install.
2025-08-18 19:46:25,114:WARNING:
'cuml' is a soft dependency and not included in the pycaret installation. Please run: `pip install cuml` to install.
2025-08-18 19:46:25,114:WARNING:
'cuml' is a soft dependency and not included in the pycaret installation. Please run: `pip install cuml` to install.
2025-08-18 19:46:25,114:WARNING:
'cuml' is a soft dependency and not included in the pycaret installation. Please run: `pip install cuml` to install.
2025-08-18 19:46:25,114:WARNING:
'cuml' is a soft dependency and not included in the pycaret installation. Please run: `pip install cuml` to install.
2025-08-18 19:46:27,563:INFO:Initializing load_model()
2025-08-18 19:46:27,563:INFO:load_model(model_name=models/phishing_url_detector, platform=None, authentication=None, verbose=True)
2025-08-18 19:46:28,162:WARNING:/usr/local/lib/python3.11/site-packages/pycaret/internal/pipeline.py:148: UserWarning: Version mismatch:
current: {'deps_info': {'pip': '24.0', 'setuptools': '80.9.0', 'pycaret': '3.3.2', 'IPython': '9.4.0', 'ipywidgets': '8.1.7', 'tqdm': '4.67.1', 'numpy': '1.26.4', 'pandas': '2.1.4', 'jinja2': '3.1.6', 'scipy': '1.11.4', 'joblib': '1.3.2', 'sklearn': '1.4.2', 'pyod': '2.0.5', 'imblearn': '0.14.0', 'category_encoders': '2.7.0', 'lightgbm': '4.6.0', 'numba': '0.61.0', 'requests': '2.32.4', 'matplotlib': '3.7.5', 'scikitplot': '0.3.7', 'yellowbrick': '1.5', 'plotly': '5.24.1', 'plotly-resampler': 'Not installed', 'kaleido': '1.0.0', 'schemdraw': '0.15', 'statsmodels': '0.14.5', 'sktime': '0.26.0', 'tbats': '1.1.3', 'pmdarima': '2.0.4', 'psutil': '7.0.0', 'markupsafe': '3.0.2', 'pickle5': 'Not installed', 'cloudpickle': '3.1.1', 'deprecation': '2.1.0', 'xxhash': '3.5.0', 'wurlitzer': '3.1.1'}, 'python': {'version': '3.11.13', 'machine': 'x86_64'}}
pickle: {'deps_info': {'pip': '24.0', 'setuptools': '80.9.0', 'pycaret': '3.3.2', 'IPython': '9.4.0', 'ipywidgets': '8.1.7', 'tqdm': '4.67.1', 'numpy': '1.26.4', 'pandas': '2.1.4', 'jinja2': '3.1.6', 'scipy': '1.11.4', 'joblib': '1.3.2', 'sklearn': '1.4.2', 'pyod': '2.0.5', 'imblearn': '0.13.0', 'category_encoders': '2.7.0', 'lightgbm': '4.6.0', 'numba': '0.61.0', 'requests': '2.32.4', 'matplotlib': '3.7.5', 'scikitplot': '0.3.7', 'yellowbrick': '1.5', 'plotly': '5.24.1', 'plotly-resampler': 'Not installed', 'kaleido': '1.0.0', 'schemdraw': '0.15', 'statsmodels': '0.14.5', 'sktime': '0.26.0', 'tbats': '1.1.3', 'pmdarima': '2.0.4', 'psutil': '7.0.0', 'markupsafe': '3.0.2', 'pickle5': 'Not installed', 'cloudpickle': '3.1.1', 'deprecation': '2.1.0', 'xxhash': '3.5.0', 'wurlitzer': '3.1.1'}, 'python': {'version': '3.11.13', 'machine': 'aarch64'}}
  warnings.warn(

2025-08-18 19:46:32,541:INFO:Initializing predict_model()
2025-08-18 19:46:32,541:INFO:predict_model(self=<pycaret.classification.oop.ClassificationExperiment object at 0x7b367c385050>, estimator=Pipeline(memory=Memory(location=None),
         steps=[('numerical_imputer',
                 TransformerWrapper(include=['having_IP_Address', 'URL_Length',
                                             'Shortining_Service',
                                             'having_At_Symbol',
                                             'double_slash_redirecting',
                                             'Prefix_Suffix',
                                             'having_Sub_Domain',
                                             'SSLfinal_State', 'URL_of_Anchor',
                                             'Links_in_tags', 'SFH',
                                             'Abnormal_URL'],
                                    transformer=SimpleImputer())),
                ('categorical_imputer',
                 TransformerWrapper(include=[],
                                    transformer=SimpleImputer(strategy='most_frequent'))),
                ('actual_estimator',
                 ExtraTreesClassifier(n_jobs=-1, random_state=42))]), probability_threshold=None, encoded_labels=False, raw_score=False, round=4, verbose=True, ml_usecase=None, preprocess=True, encode_labels=<function _SupervisedExperiment.predict_model.<locals>.encode_labels at 0x7b363f8db880>)
2025-08-18 19:46:32,542:INFO:Checking exceptions
2025-08-18 19:46:32,542:INFO:Preloading libraries
2025-08-18 19:46:32,542:INFO:Set up data.
2025-08-18 19:46:32,545:INFO:Set up index.
2025-08-18 19:50:28,243:INFO:Initializing predict_model()
2025-08-18 19:50:28,243:INFO:predict_model(self=<pycaret.classification.oop.ClassificationExperiment object at 0x7b3637d0f6d0>, estimator=Pipeline(memory=Memory(location=None),
         steps=[('numerical_imputer',
                 TransformerWrapper(include=['having_IP_Address', 'URL_Length',
                                             'Shortining_Service',
                                             'having_At_Symbol',
                                             'double_slash_redirecting',
                                             'Prefix_Suffix',
                                             'having_Sub_Domain',
                                             'SSLfinal_State', 'URL_of_Anchor',
                                             'Links_in_tags', 'SFH',
                                             'Abnormal_URL'],
                                    transformer=SimpleImputer())),
                ('categorical_imputer',
                 TransformerWrapper(include=[],
                                    transformer=SimpleImputer(strategy='most_frequent'))),
                ('actual_estimator',
                 ExtraTreesClassifier(n_jobs=-1, random_state=42))]), probability_threshold=None, encoded_labels=False, raw_score=False, round=4, verbose=True, ml_usecase=None, preprocess=True, encode_labels=<function _SupervisedExperiment.predict_model.<locals>.encode_labels at 0x7b367d9eede0>)
2025-08-18 19:50:28,243:INFO:Checking exceptions
2025-08-18 19:50:28,243:INFO:Preloading libraries
2025-08-18 19:50:28,243:INFO:Set up data.
2025-08-18 19:50:28,246:INFO:Set up index.
2025-08-18 20:13:25,352:INFO:Initializing predict_model()
2025-08-18 20:13:25,352:INFO:predict_model(self=<pycaret.classification.oop.ClassificationExperiment object at 0x7b363c6a2790>, estimator=Pipeline(memory=Memory(location=None),
         steps=[('numerical_imputer',
                 TransformerWrapper(include=['having_IP_Address', 'URL_Length',
                                             'Shortining_Service',
                                             'having_At_Symbol',
                                             'double_slash_redirecting',
                                             'Prefix_Suffix',
                                             'having_Sub_Domain',
                                             'SSLfinal_State', 'URL_of_Anchor',
                                             'Links_in_tags', 'SFH',
                                             'Abnormal_URL'],
                                    transformer=SimpleImputer())),
                ('categorical_imputer',
                 TransformerWrapper(include=[],
                                    transformer=SimpleImputer(strategy='most_frequent'))),
                ('actual_estimator',
                 ExtraTreesClassifier(n_jobs=-1, random_state=42))]), probability_threshold=None, encoded_labels=False, raw_score=False, round=4, verbose=True, ml_usecase=None, preprocess=True, encode_labels=<function _SupervisedExperiment.predict_model.<locals>.encode_labels at 0x7b367c14ade0>)
2025-08-18 20:13:25,352:INFO:Checking exceptions
2025-08-18 20:13:25,352:INFO:Preloading libraries
2025-08-18 20:13:25,352:INFO:Set up data.
2025-08-18 20:13:25,355:INFO:Set up index.
2025-08-18 20:24:53,299:INFO:Initializing predict_model()
2025-08-18 20:24:53,299:INFO:predict_model(self=<pycaret.classification.oop.ClassificationExperiment object at 0x7b363f081d90>, estimator=Pipeline(memory=Memory(location=None),
         steps=[('numerical_imputer',
                 TransformerWrapper(include=['having_IP_Address', 'URL_Length',
                                             'Shortining_Service',
                                             'having_At_Symbol',
                                             'double_slash_redirecting',
                                             'Prefix_Suffix',
                                             'having_Sub_Domain',
                                             'SSLfinal_State', 'URL_of_Anchor',
                                             'Links_in_tags', 'SFH',
                                             'Abnormal_URL'],
                                    transformer=SimpleImputer())),
                ('categorical_imputer',
                 TransformerWrapper(include=[],
                                    transformer=SimpleImputer(strategy='most_frequent'))),
                ('actual_estimator',
                 ExtraTreesClassifier(n_jobs=-1, random_state=42))]), probability_threshold=None, encoded_labels=False, raw_score=False, round=4, verbose=True, ml_usecase=None, preprocess=True, encode_labels=<function _SupervisedExperiment.predict_model.<locals>.encode_labels at 0x7b365bfe5e40>)
2025-08-18 20:24:53,299:INFO:Checking exceptions
2025-08-18 20:24:53,299:INFO:Preloading libraries
2025-08-18 20:24:53,299:INFO:Set up data.
2025-08-18 20:24:53,303:INFO:Set up index.
2025-08-18 20:25:05,368:INFO:Initializing predict_model()
2025-08-18 20:25:05,368:INFO:predict_model(self=<pycaret.classification.oop.ClassificationExperiment object at 0x7b363f03cb10>, estimator=Pipeline(memory=Memory(location=None),
         steps=[('numerical_imputer',
                 TransformerWrapper(include=['having_IP_Address', 'URL_Length',
                                             'Shortining_Service',
                                             'having_At_Symbol',
                                             'double_slash_redirecting',
                                             'Prefix_Suffix',
                                             'having_Sub_Domain',
                                             'SSLfinal_State', 'URL_of_Anchor',
                                             'Links_in_tags', 'SFH',
                                             'Abnormal_URL'],
                                    transformer=SimpleImputer())),
                ('categorical_imputer',
                 TransformerWrapper(include=[],
                                    transformer=SimpleImputer(strategy='most_frequent'))),
                ('actual_estimator',
                 ExtraTreesClassifier(n_jobs=-1, random_state=42))]), probability_threshold=None, encoded_labels=False, raw_score=False, round=4, verbose=True, ml_usecase=None, preprocess=True, encode_labels=<function _SupervisedExperiment.predict_model.<locals>.encode_labels at 0x7b363f8db880>)
2025-08-18 20:25:05,368:INFO:Checking exceptions
2025-08-18 20:25:05,368:INFO:Preloading libraries
2025-08-18 20:25:05,368:INFO:Set up data.
2025-08-18 20:25:05,371:INFO:Set up index.
2025-08-18 20:25:35,763:INFO:Initializing predict_model()
2025-08-18 20:25:35,763:INFO:predict_model(self=<pycaret.classification.oop.ClassificationExperiment object at 0x7b363c68cb90>, estimator=Pipeline(memory=Memory(location=None),
         steps=[('numerical_imputer',
                 TransformerWrapper(include=['having_IP_Address', 'URL_Length',
                                             'Shortining_Service',
                                             'having_At_Symbol',
                                             'double_slash_redirecting',
                                             'Prefix_Suffix',
                                             'having_Sub_Domain',
                                             'SSLfinal_State', 'URL_of_Anchor',
                                             'Links_in_tags', 'SFH',
                                             'Abnormal_URL'],
                                    transformer=SimpleImputer())),
                ('categorical_imputer',
                 TransformerWrapper(include=[],
                                    transformer=SimpleImputer(strategy='most_frequent'))),
                ('actual_estimator',
                 ExtraTreesClassifier(n_jobs=-1, random_state=42))]), probability_threshold=None, encoded_labels=False, raw_score=False, round=4, verbose=True, ml_usecase=None, preprocess=True, encode_labels=<function _SupervisedExperiment.predict_model.<locals>.encode_labels at 0x7b3660f05940>)
2025-08-18 20:25:35,763:INFO:Checking exceptions
2025-08-18 20:25:35,763:INFO:Preloading libraries
2025-08-18 20:25:35,764:INFO:Set up data.
2025-08-18 20:25:35,766:INFO:Set up index.
2025-08-18 20:34:00,431:WARNING:
'cuml' is a soft dependency and not included in the pycaret installation. Please run: `pip install cuml` to install.
2025-08-18 20:34:00,431:WARNING:
'cuml' is a soft dependency and not included in the pycaret installation. Please run: `pip install cuml` to install.
2025-08-18 20:34:00,431:WARNING:
'cuml' is a soft dependency and not included in the pycaret installation. Please run: `pip install cuml` to install.
2025-08-18 20:34:00,431:WARNING:
'cuml' is a soft dependency and not included in the pycaret installation. Please run: `pip install cuml` to install.
2025-08-18 20:34:03,095:INFO:PyCaret ClassificationExperiment
2025-08-18 20:34:03,095:INFO:Logging name: clf-default-name
2025-08-18 20:34:03,095:INFO:ML Usecase: MLUsecase.CLASSIFICATION
2025-08-18 20:34:03,095:INFO:version 3.3.2
2025-08-18 20:34:03,095:INFO:Initializing setup()
2025-08-18 20:34:03,095:INFO:self.USI: c282
2025-08-18 20:34:03,095:INFO:self._variable_keys: {'is_multiclass', '_available_plots', 'idx', 'logging_param', '_ml_usecase', 'gpu_n_jobs_param', 'y', 'X_test', 'pipeline', 'gpu_param', 'target_param', 'y_test', 'exp_id', 'fold_groups_param', 'html_param', 'log_plots_param', 'X_train', 'X', 'n_jobs_param', 'y_train', 'seed', 'fix_imbalance', 'memory', 'USI', 'data', 'fold_generator', 'exp_name_log', 'fold_shuffle_param'}
2025-08-18 20:34:03,095:INFO:Checking environment
2025-08-18 20:34:03,095:INFO:python_version: 3.11.13
2025-08-18 20:34:03,095:INFO:python_build: ('main', 'Aug 12 2025 22:45:40')
2025-08-18 20:34:03,095:INFO:machine: x86_64
2025-08-18 20:34:03,095:INFO:platform: Linux-6.8.0-1029-aws-x86_64-with-glibc2.41
2025-08-18 20:34:03,095:INFO:Memory: svmem(total=2003431424, available=1308438528, percent=34.7, used=477282304, free=231309312, active=794882048, inactive=510173184, buffers=173748224, cached=1121091584, shared=2965504, slab=376741888)
2025-08-18 20:34:03,096:INFO:Physical Core: 1
2025-08-18 20:34:03,096:INFO:Logical Core: 2
2025-08-18 20:34:03,096:INFO:Checking libraries
2025-08-18 20:34:03,096:INFO:System:
2025-08-18 20:34:03,096:INFO:    python: 3.11.13 (main, Aug 12 2025, 22:45:40) [GCC 14.2.0]
2025-08-18 20:34:03,096:INFO:executable: /usr/local/bin/python
2025-08-18 20:34:03,096:INFO:   machine: Linux-6.8.0-1029-aws-x86_64-with-glibc2.41
2025-08-18 20:34:03,096:INFO:PyCaret required dependencies:
2025-08-18 20:34:03,802:INFO:                 pip: 24.0
2025-08-18 20:34:03,802:INFO:          setuptools: 80.9.0
2025-08-18 20:34:03,802:INFO:             pycaret: 3.3.2
2025-08-18 20:34:03,802:INFO:             IPython: 9.4.0
2025-08-18 20:34:03,802:INFO:          ipywidgets: 8.1.7
2025-08-18 20:34:03,802:INFO:                tqdm: 4.67.1
2025-08-18 20:34:03,802:INFO:               numpy: 1.26.4
2025-08-18 20:34:03,802:INFO:              pandas: 2.1.4
2025-08-18 20:34:03,802:INFO:              jinja2: 3.1.6
2025-08-18 20:34:03,802:INFO:               scipy: 1.11.4
2025-08-18 20:34:03,803:INFO:              joblib: 1.3.2
2025-08-18 20:34:03,803:INFO:             sklearn: 1.4.2
2025-08-18 20:34:03,803:INFO:                pyod: 2.0.5
2025-08-18 20:34:03,803:INFO:            imblearn: 0.14.0
2025-08-18 20:34:03,803:INFO:   category_encoders: 2.7.0
2025-08-18 20:34:03,803:INFO:            lightgbm: 4.6.0
2025-08-18 20:34:03,803:INFO:               numba: 0.61.0
2025-08-18 20:34:03,803:INFO:            requests: 2.32.4
2025-08-18 20:34:03,803:INFO:          matplotlib: 3.7.5
2025-08-18 20:34:03,803:INFO:          scikitplot: 0.3.7
2025-08-18 20:34:03,803:INFO:         yellowbrick: 1.5
2025-08-18 20:34:03,803:INFO:              plotly: 5.24.1
2025-08-18 20:34:03,803:INFO:    plotly-resampler: Not installed
2025-08-18 20:34:03,803:INFO:             kaleido: 1.0.0
2025-08-18 20:34:03,803:INFO:           schemdraw: 0.15
2025-08-18 20:34:03,803:INFO:         statsmodels: 0.14.5
2025-08-18 20:34:03,803:INFO:              sktime: 0.26.0
2025-08-18 20:34:03,803:INFO:               tbats: 1.1.3
2025-08-18 20:34:03,803:INFO:            pmdarima: 2.0.4
2025-08-18 20:34:03,803:INFO:              psutil: 7.0.0
2025-08-18 20:34:03,803:INFO:          markupsafe: 3.0.2
2025-08-18 20:34:03,803:INFO:             pickle5: Not installed
2025-08-18 20:34:03,803:INFO:         cloudpickle: 3.1.1
2025-08-18 20:34:03,803:INFO:         deprecation: 2.1.0
2025-08-18 20:34:03,803:INFO:              xxhash: 3.5.0
2025-08-18 20:34:03,803:INFO:           wurlitzer: 3.1.1
2025-08-18 20:34:03,803:INFO:PyCaret optional dependencies:
2025-08-18 20:34:08,250:INFO:                shap: 0.44.1
2025-08-18 20:34:08,250:INFO:           interpret: 0.7.2
2025-08-18 20:34:08,250:INFO:                umap: 0.5.7
2025-08-18 20:34:08,250:INFO:     ydata_profiling: 4.16.1
2025-08-18 20:34:08,250:INFO:  explainerdashboard: 0.5.1
2025-08-18 20:34:08,250:INFO:             autoviz: Not installed
2025-08-18 20:34:08,250:INFO:           fairlearn: 0.7.0
2025-08-18 20:34:08,250:INFO:          deepchecks: Not installed
2025-08-18 20:34:08,250:INFO:             xgboost: 3.0.4
2025-08-18 20:34:08,250:INFO:            catboost: 1.2.8
2025-08-18 20:34:08,250:INFO:              kmodes: 0.12.2
2025-08-18 20:34:08,250:INFO:             mlxtend: 0.23.4
2025-08-18 20:34:08,250:INFO:       statsforecast: 1.5.0
2025-08-18 20:34:08,250:INFO:        tune_sklearn: Not installed
2025-08-18 20:34:08,250:INFO:                 ray: Not installed
2025-08-18 20:34:08,250:INFO:            hyperopt: 0.2.7
2025-08-18 20:34:08,250:INFO:              optuna: 4.5.0
2025-08-18 20:34:08,250:INFO:               skopt: 0.10.2
2025-08-18 20:34:08,250:INFO:              mlflow: 3.2.0
2025-08-18 20:34:08,250:INFO:              gradio: 5.42.0
2025-08-18 20:34:08,250:INFO:             fastapi: 0.116.1
2025-08-18 20:34:08,250:INFO:             uvicorn: 0.35.0
2025-08-18 20:34:08,250:INFO:              m2cgen: 0.10.0
2025-08-18 20:34:08,250:INFO:           evidently: 0.4.40
2025-08-18 20:34:08,250:INFO:               fugue: 0.8.7
2025-08-18 20:34:08,250:INFO:           streamlit: 1.48.1
2025-08-18 20:34:08,250:INFO:             prophet: Not installed
2025-08-18 20:34:08,250:INFO:None
2025-08-18 20:34:08,250:INFO:Set up data.
2025-08-18 20:34:08,261:INFO:Set up folding strategy.
2025-08-18 20:34:08,261:INFO:Set up train/test split.
2025-08-18 20:34:08,269:INFO:Set up index.
2025-08-18 20:34:08,270:INFO:Assigning column types.
2025-08-18 20:34:08,274:INFO:Engine successfully changes for model 'lr' to 'sklearn'.
2025-08-18 20:34:08,315:INFO:Engine for model 'knn' has not been set explicitly, hence returning None.
2025-08-18 20:34:08,319:INFO:Engine for model 'rbfsvm' has not been set explicitly, hence returning None.
2025-08-18 20:34:08,354:INFO:Soft dependency imported: xgboost: 3.0.4
2025-08-18 20:34:08,356:INFO:Soft dependency imported: catboost: 1.2.8
2025-08-18 20:34:08,590:INFO:Engine for model 'knn' has not been set explicitly, hence returning None.
2025-08-18 20:34:08,591:INFO:Engine for model 'rbfsvm' has not been set explicitly, hence returning None.
2025-08-18 20:34:08,617:INFO:Soft dependency imported: xgboost: 3.0.4
2025-08-18 20:34:08,619:INFO:Soft dependency imported: catboost: 1.2.8
2025-08-18 20:34:08,620:INFO:Engine successfully changes for model 'knn' to 'sklearn'.
2025-08-18 20:34:08,662:INFO:Engine for model 'rbfsvm' has not been set explicitly, hence returning None.
2025-08-18 20:34:08,687:INFO:Soft dependency imported: xgboost: 3.0.4
2025-08-18 20:34:08,689:INFO:Soft dependency imported: catboost: 1.2.8
2025-08-18 20:34:08,731:INFO:Engine for model 'rbfsvm' has not been set explicitly, hence returning None.
2025-08-18 20:34:08,756:INFO:Soft dependency imported: xgboost: 3.0.4
2025-08-18 20:34:08,758:INFO:Soft dependency imported: catboost: 1.2.8
2025-08-18 20:34:08,759:INFO:Engine successfully changes for model 'rbfsvm' to 'sklearn'.
2025-08-18 20:34:08,824:INFO:Soft dependency imported: xgboost: 3.0.4
2025-08-18 20:34:08,826:INFO:Soft dependency imported: catboost: 1.2.8
2025-08-18 20:34:08,892:INFO:Soft dependency imported: xgboost: 3.0.4
2025-08-18 20:34:08,895:INFO:Soft dependency imported: catboost: 1.2.8
2025-08-18 20:34:08,898:INFO:Preparing preprocessing pipeline...
2025-08-18 20:34:08,900:INFO:Set up simple imputation.
2025-08-18 20:34:08,918:INFO:Finished creating preprocessing pipeline.
2025-08-18 20:34:08,922:INFO:Pipeline: Pipeline(memory=FastMemory(location=/tmp/joblib),
         steps=[('numerical_imputer',
                 TransformerWrapper(exclude=None,
                                    include=['having_IP_Address', 'URL_Length',
                                             'Shortining_Service',
                                             'having_At_Symbol',
                                             'double_slash_redirecting',
                                             'Prefix_Suffix',
                                             'having_Sub_Domain',
                                             'SSLfinal_State', 'URL_of_Anchor',
                                             'Links_in_tags', 'SFH',
                                             'Abnormal_URL'],
                                    transformer=SimpleImputer(add_indicator=False,
                                                              copy=True,
                                                              fill_value=None,
                                                              keep_empty_features=False,
                                                              missing_values=nan,
                                                              strategy='mean'))),
                ('categorical_imputer',
                 TransformerWrapper(exclude=None, include=[],
                                    transformer=SimpleImputer(add_indicator=False,
                                                              copy=True,
                                                              fill_value=None,
                                                              keep_empty_features=False,
                                                              missing_values=nan,
                                                              strategy='most_frequent')))],
         verbose=False)
2025-08-18 20:34:08,922:INFO:Creating final display dataframe.
2025-08-18 20:34:08,987:INFO:Setup _display_container:                     Description             Value
0                    Session id                42
1                        Target             label
2                   Target type            Binary
3           Original data shape         (500, 13)
4        Transformed data shape         (500, 13)
5   Transformed train set shape         (350, 13)
6    Transformed test set shape         (150, 13)
7              Numeric features                12
8                    Preprocess              True
9               Imputation type            simple
10           Numeric imputation              mean
11       Categorical imputation              mode
12               Fold Generator   StratifiedKFold
13                  Fold Number                10
14                     CPU Jobs                -1
15                      Use GPU             False
16               Log Experiment             False
17              Experiment Name  clf-default-name
18                          USI              c282
2025-08-18 20:34:09,054:INFO:Soft dependency imported: xgboost: 3.0.4
2025-08-18 20:34:09,056:INFO:Soft dependency imported: catboost: 1.2.8
2025-08-18 20:34:09,123:INFO:Soft dependency imported: xgboost: 3.0.4
2025-08-18 20:34:09,126:INFO:Soft dependency imported: catboost: 1.2.8
2025-08-18 20:34:09,128:INFO:setup() successfully completed in 6.04s...............
2025-08-18 20:34:09,128:INFO:Initializing compare_models()
2025-08-18 20:34:09,128:INFO:compare_models(self=<pycaret.classification.oop.ClassificationExperiment object at 0x7f8864fe2010>, include=['rf', 'et', 'lightgbm'], exclude=None, fold=None, round=4, cross_validation=True, sort=Accuracy, n_select=1, budget_time=None, turbo=True, errors=ignore, fit_kwargs=None, groups=None, experiment_custom_tags=None, probability_threshold=None, verbose=True, parallel=None, caller_params={'self': <pycaret.classification.oop.ClassificationExperiment object at 0x7f8864fe2010>, 'include': ['rf', 'et', 'lightgbm'], 'exclude': None, 'fold': None, 'round': 4, 'cross_validation': True, 'sort': 'Accuracy', 'n_select': 1, 'budget_time': None, 'turbo': True, 'errors': 'ignore', 'fit_kwargs': None, 'groups': None, 'experiment_custom_tags': None, 'probability_threshold': None, 'engine': None, 'verbose': True, 'parallel': None, '__class__': <class 'pycaret.classification.oop.ClassificationExperiment'>})
2025-08-18 20:34:09,128:INFO:Checking exceptions
2025-08-18 20:34:09,134:INFO:Preparing display monitor
2025-08-18 20:34:09,139:INFO:Initializing Random Forest Classifier
2025-08-18 20:34:09,139:INFO:Total runtime is 1.712640126546224e-06 minutes
2025-08-18 20:34:09,139:INFO:SubProcess create_model() called ==================================
2025-08-18 20:34:09,139:INFO:Initializing create_model()
2025-08-18 20:34:09,139:INFO:create_model(self=<pycaret.classification.oop.ClassificationExperiment object at 0x7f8864fe2010>, estimator=rf, fold=StratifiedKFold(n_splits=10, random_state=None, shuffle=False), round=4, cross_validation=True, predict=True, fit_kwargs={}, groups=None, refit=False, probability_threshold=None, experiment_custom_tags=None, verbose=False, system=False, add_to_model_list=True, metrics=None, display=<pycaret.internal.display.display.CommonDisplay object at 0x7f884042a7d0>, model_only=True, return_train_score=False, error_score=0.0, kwargs={})
2025-08-18 20:34:09,139:INFO:Checking exceptions
2025-08-18 20:34:09,139:INFO:Importing libraries
2025-08-18 20:34:09,139:INFO:Copying training dataset
2025-08-18 20:34:09,144:INFO:Defining folds
2025-08-18 20:34:09,144:INFO:Declaring metric variables
2025-08-18 20:34:09,144:INFO:Importing untrained model
2025-08-18 20:34:09,144:INFO:Random Forest Classifier Imported successfully
2025-08-18 20:34:09,145:INFO:Starting cross validation
2025-08-18 20:34:09,145:INFO:Cross validating with StratifiedKFold(n_splits=10, random_state=None, shuffle=False), n_jobs=-1
2025-08-18 20:34:15,228:INFO:Calculating mean and std
2025-08-18 20:34:15,230:INFO:Creating metrics dataframe
2025-08-18 20:34:15,233:INFO:Uploading results into container
2025-08-18 20:34:15,234:INFO:Uploading model into container now
2025-08-18 20:34:15,234:INFO:_master_model_container: 1
2025-08-18 20:34:15,235:INFO:_display_container: 2
2025-08-18 20:34:15,235:INFO:RandomForestClassifier(bootstrap=True, ccp_alpha=0.0, class_weight=None,
                       criterion='gini', max_depth=None, max_features='sqrt',
                       max_leaf_nodes=None, max_samples=None,
                       min_impurity_decrease=0.0, min_samples_leaf=1,
                       min_samples_split=2, min_weight_fraction_leaf=0.0,
                       monotonic_cst=None, n_estimators=100, n_jobs=-1,
                       oob_score=False, random_state=42, verbose=0,
                       warm_start=False)
2025-08-18 20:34:15,235:INFO:create_model() successfully completed......................................
2025-08-18 20:34:15,467:INFO:SubProcess create_model() end ==================================
2025-08-18 20:34:15,467:INFO:Creating metrics dataframe
2025-08-18 20:34:15,470:INFO:Initializing Extra Trees Classifier
2025-08-18 20:34:15,470:INFO:Total runtime is 0.10552012125651042 minutes
2025-08-18 20:34:15,470:INFO:SubProcess create_model() called ==================================
2025-08-18 20:34:15,470:INFO:Initializing create_model()
2025-08-18 20:34:15,471:INFO:create_model(self=<pycaret.classification.oop.ClassificationExperiment object at 0x7f8864fe2010>, estimator=et, fold=StratifiedKFold(n_splits=10, random_state=None, shuffle=False), round=4, cross_validation=True, predict=True, fit_kwargs={}, groups=None, refit=False, probability_threshold=None, experiment_custom_tags=None, verbose=False, system=False, add_to_model_list=True, metrics=None, display=<pycaret.internal.display.display.CommonDisplay object at 0x7f884042a7d0>, model_only=True, return_train_score=False, error_score=0.0, kwargs={})
2025-08-18 20:34:15,471:INFO:Checking exceptions
2025-08-18 20:34:15,471:INFO:Importing libraries
2025-08-18 20:34:15,471:INFO:Copying training dataset
2025-08-18 20:34:15,475:INFO:Defining folds
2025-08-18 20:34:15,475:INFO:Declaring metric variables
2025-08-18 20:34:15,475:INFO:Importing untrained model
2025-08-18 20:34:15,475:INFO:Extra Trees Classifier Imported successfully
2025-08-18 20:34:15,475:INFO:Starting cross validation
2025-08-18 20:34:15,476:INFO:Cross validating with StratifiedKFold(n_splits=10, random_state=None, shuffle=False), n_jobs=-1
2025-08-18 20:34:16,689:INFO:Calculating mean and std
2025-08-18 20:34:16,690:INFO:Creating metrics dataframe
2025-08-18 20:34:16,691:INFO:Uploading results into container
2025-08-18 20:34:16,692:INFO:Uploading model into container now
2025-08-18 20:34:16,692:INFO:_master_model_container: 2
2025-08-18 20:34:16,692:INFO:_display_container: 2
2025-08-18 20:34:16,693:INFO:ExtraTreesClassifier(bootstrap=False, ccp_alpha=0.0, class_weight=None,
                     criterion='gini', max_depth=None, max_features='sqrt',
                     max_leaf_nodes=None, max_samples=None,
                     min_impurity_decrease=0.0, min_samples_leaf=1,
                     min_samples_split=2, min_weight_fraction_leaf=0.0,
                     monotonic_cst=None, n_estimators=100, n_jobs=-1,
                     oob_score=False, random_state=42, verbose=0,
                     warm_start=False)
2025-08-18 20:34:16,693:INFO:create_model() successfully completed......................................
2025-08-18 20:34:16,875:INFO:SubProcess create_model() end ==================================
2025-08-18 20:34:16,875:INFO:Creating metrics dataframe
2025-08-18 20:34:16,877:INFO:Initializing Light Gradient Boosting Machine
2025-08-18 20:34:16,878:INFO:Total runtime is 0.12897890011469523 minutes
2025-08-18 20:34:16,878:INFO:SubProcess create_model() called ==================================
2025-08-18 20:34:16,878:INFO:Initializing create_model()
2025-08-18 20:34:16,878:INFO:create_model(self=<pycaret.classification.oop.ClassificationExperiment object at 0x7f8864fe2010>, estimator=lightgbm, fold=StratifiedKFold(n_splits=10, random_state=None, shuffle=False), round=4, cross_validation=True, predict=True, fit_kwargs={}, groups=None, refit=False, probability_threshold=None, experiment_custom_tags=None, verbose=False, system=False, add_to_model_list=True, metrics=None, display=<pycaret.internal.display.display.CommonDisplay object at 0x7f884042a7d0>, model_only=True, return_train_score=False, error_score=0.0, kwargs={})
2025-08-18 20:34:16,878:INFO:Checking exceptions
2025-08-18 20:34:16,878:INFO:Importing libraries
2025-08-18 20:34:16,878:INFO:Copying training dataset
2025-08-18 20:34:16,882:INFO:Defining folds
2025-08-18 20:34:16,882:INFO:Declaring metric variables
2025-08-18 20:34:16,882:INFO:Importing untrained model
2025-08-18 20:34:16,883:INFO:Light Gradient Boosting Machine Imported successfully
2025-08-18 20:34:16,883:INFO:Starting cross validation
2025-08-18 20:34:16,884:INFO:Cross validating with StratifiedKFold(n_splits=10, random_state=None, shuffle=False), n_jobs=-1
2025-08-18 20:35:02,219:INFO:Calculating mean and std
2025-08-18 20:35:02,220:INFO:Creating metrics dataframe
2025-08-18 20:35:02,222:INFO:Uploading results into container
2025-08-18 20:35:02,222:INFO:Uploading model into container now
2025-08-18 20:35:02,223:INFO:_master_model_container: 3
2025-08-18 20:35:02,223:INFO:_display_container: 2
2025-08-18 20:35:02,224:INFO:LGBMClassifier(boosting_type='gbdt', class_weight=None, colsample_bytree=1.0,
               importance_type='split', learning_rate=0.1, max_depth=-1,
               min_child_samples=20, min_child_weight=0.001, min_split_gain=0.0,
               n_estimators=100, n_jobs=-1, num_leaves=31, objective=None,
               random_state=42, reg_alpha=0.0, reg_lambda=0.0, subsample=1.0,
               subsample_for_bin=200000, subsample_freq=0)
2025-08-18 20:35:02,224:INFO:create_model() successfully completed......................................
2025-08-18 20:35:02,428:INFO:SubProcess create_model() end ==================================
2025-08-18 20:35:02,428:INFO:Creating metrics dataframe
2025-08-18 20:35:02,431:WARNING:/usr/local/lib/python3.11/site-packages/pycaret/internal/pycaret_experiment/supervised_experiment.py:339: FutureWarning: Styler.applymap has been deprecated. Use Styler.map instead.

2025-08-18 20:35:02,433:INFO:Initializing create_model()
2025-08-18 20:35:02,433:INFO:create_model(self=<pycaret.classification.oop.ClassificationExperiment object at 0x7f8864fe2010>, estimator=RandomForestClassifier(bootstrap=True, ccp_alpha=0.0, class_weight=None,
                       criterion='gini', max_depth=None, max_features='sqrt',
                       max_leaf_nodes=None, max_samples=None,
                       min_impurity_decrease=0.0, min_samples_leaf=1,
                       min_samples_split=2, min_weight_fraction_leaf=0.0,
                       monotonic_cst=None, n_estimators=100, n_jobs=-1,
                       oob_score=False, random_state=42, verbose=0,
                       warm_start=False), fold=StratifiedKFold(n_splits=10, random_state=None, shuffle=False), round=4, cross_validation=False, predict=False, fit_kwargs={}, groups=None, refit=True, probability_threshold=None, experiment_custom_tags=None, verbose=False, system=False, add_to_model_list=True, metrics=None, display=None, model_only=True, return_train_score=False, error_score=0.0, kwargs={})
2025-08-18 20:35:02,433:INFO:Checking exceptions
2025-08-18 20:35:02,433:INFO:Importing libraries
2025-08-18 20:35:02,433:INFO:Copying training dataset
2025-08-18 20:35:02,437:INFO:Defining folds
2025-08-18 20:35:02,437:INFO:Declaring metric variables
2025-08-18 20:35:02,437:INFO:Importing untrained model
2025-08-18 20:35:02,437:INFO:Declaring custom model
2025-08-18 20:35:02,438:INFO:Random Forest Classifier Imported successfully
2025-08-18 20:35:02,439:INFO:Cross validation set to False
2025-08-18 20:35:02,439:INFO:Fitting Model
2025-08-18 20:35:02,620:INFO:RandomForestClassifier(bootstrap=True, ccp_alpha=0.0, class_weight=None,
                       criterion='gini', max_depth=None, max_features='sqrt',
                       max_leaf_nodes=None, max_samples=None,
                       min_impurity_decrease=0.0, min_samples_leaf=1,
                       min_samples_split=2, min_weight_fraction_leaf=0.0,
                       monotonic_cst=None, n_estimators=100, n_jobs=-1,
                       oob_score=False, random_state=42, verbose=0,
                       warm_start=False)
2025-08-18 20:35:02,620:INFO:create_model() successfully completed......................................
2025-08-18 20:35:02,813:INFO:_master_model_container: 3
2025-08-18 20:35:02,813:INFO:_display_container: 2
2025-08-18 20:35:02,814:INFO:RandomForestClassifier(bootstrap=True, ccp_alpha=0.0, class_weight=None,
                       criterion='gini', max_depth=None, max_features='sqrt',
                       max_leaf_nodes=None, max_samples=None,
                       min_impurity_decrease=0.0, min_samples_leaf=1,
                       min_samples_split=2, min_weight_fraction_leaf=0.0,
                       monotonic_cst=None, n_estimators=100, n_jobs=-1,
                       oob_score=False, random_state=42, verbose=0,
                       warm_start=False)
2025-08-18 20:35:02,814:INFO:compare_models() successfully completed......................................
2025-08-18 20:35:02,814:INFO:Initializing finalize_model()
2025-08-18 20:35:02,814:INFO:finalize_model(self=<pycaret.classification.oop.ClassificationExperiment object at 0x7f8864fe2010>, estimator=RandomForestClassifier(bootstrap=True, ccp_alpha=0.0, class_weight=None,
                       criterion='gini', max_depth=None, max_features='sqrt',
                       max_leaf_nodes=None, max_samples=None,
                       min_impurity_decrease=0.0, min_samples_leaf=1,
                       min_samples_split=2, min_weight_fraction_leaf=0.0,
                       monotonic_cst=None, n_estimators=100, n_jobs=-1,
                       oob_score=False, random_state=42, verbose=0,
                       warm_start=False), fit_kwargs=None, groups=None, model_only=False, experiment_custom_tags=None)
2025-08-18 20:35:02,814:INFO:Finalizing RandomForestClassifier(bootstrap=True, ccp_alpha=0.0, class_weight=None,
                       criterion='gini', max_depth=None, max_features='sqrt',
                       max_leaf_nodes=None, max_samples=None,
                       min_impurity_decrease=0.0, min_samples_leaf=1,
                       min_samples_split=2, min_weight_fraction_leaf=0.0,
                       monotonic_cst=None, n_estimators=100, n_jobs=-1,
                       oob_score=False, random_state=42, verbose=0,
                       warm_start=False)
2025-08-18 20:35:02,817:INFO:Initializing create_model()
2025-08-18 20:35:02,817:INFO:create_model(self=<pycaret.classification.oop.ClassificationExperiment object at 0x7f8864fe2010>, estimator=RandomForestClassifier(bootstrap=True, ccp_alpha=0.0, class_weight=None,
                       criterion='gini', max_depth=None, max_features='sqrt',
                       max_leaf_nodes=None, max_samples=None,
                       min_impurity_decrease=0.0, min_samples_leaf=1,
                       min_samples_split=2, min_weight_fraction_leaf=0.0,
                       monotonic_cst=None, n_estimators=100, n_jobs=-1,
                       oob_score=False, random_state=42, verbose=0,
                       warm_start=False), fold=None, round=4, cross_validation=False, predict=False, fit_kwargs={}, groups=None, refit=True, probability_threshold=None, experiment_custom_tags=None, verbose=False, system=False, add_to_model_list=False, metrics=None, display=None, model_only=False, return_train_score=False, error_score=0.0, kwargs={})
2025-08-18 20:35:02,817:INFO:Checking exceptions
2025-08-18 20:35:02,818:INFO:Importing libraries
2025-08-18 20:35:02,818:INFO:Copying training dataset
2025-08-18 20:35:02,819:INFO:Defining folds
2025-08-18 20:35:02,819:INFO:Declaring metric variables
2025-08-18 20:35:02,819:INFO:Importing untrained model
2025-08-18 20:35:02,819:INFO:Declaring custom model
2025-08-18 20:35:02,819:INFO:Random Forest Classifier Imported successfully
2025-08-18 20:35:02,820:INFO:Cross validation set to False
2025-08-18 20:35:02,820:INFO:Fitting Model
2025-08-18 20:35:02,998:INFO:Pipeline(memory=Memory(location=None),
         steps=[('numerical_imputer',
                 TransformerWrapper(exclude=None,
                                    include=['having_IP_Address', 'URL_Length',
                                             'Shortining_Service',
                                             'having_At_Symbol',
                                             'double_slash_redirecting',
                                             'Prefix_Suffix',
                                             'having_Sub_Domain',
                                             'SSLfinal_State', 'URL_of_Anchor',
                                             'Links_in_tags', 'SFH',
                                             'Abnormal_URL'],
                                    transformer=SimpleImputer(add_indica...
                 RandomForestClassifier(bootstrap=True, ccp_alpha=0.0,
                                        class_weight=None, criterion='gini',
                                        max_depth=None, max_features='sqrt',
                                        max_leaf_nodes=None, max_samples=None,
                                        min_impurity_decrease=0.0,
                                        min_samples_leaf=1, min_samples_split=2,
                                        min_weight_fraction_leaf=0.0,
                                        monotonic_cst=None, n_estimators=100,
                                        n_jobs=-1, oob_score=False,
                                        random_state=42, verbose=0,
                                        warm_start=False))],
         verbose=False)
2025-08-18 20:35:02,998:INFO:create_model() successfully completed......................................
2025-08-18 20:35:03,181:INFO:_master_model_container: 3
2025-08-18 20:35:03,182:INFO:_display_container: 2
2025-08-18 20:35:03,185:INFO:Pipeline(memory=Memory(location=None),
         steps=[('numerical_imputer',
                 TransformerWrapper(exclude=None,
                                    include=['having_IP_Address', 'URL_Length',
                                             'Shortining_Service',
                                             'having_At_Symbol',
                                             'double_slash_redirecting',
                                             'Prefix_Suffix',
                                             'having_Sub_Domain',
                                             'SSLfinal_State', 'URL_of_Anchor',
                                             'Links_in_tags', 'SFH',
                                             'Abnormal_URL'],
                                    transformer=SimpleImputer(add_indica...
                 RandomForestClassifier(bootstrap=True, ccp_alpha=0.0,
                                        class_weight=None, criterion='gini',
                                        max_depth=None, max_features='sqrt',
                                        max_leaf_nodes=None, max_samples=None,
                                        min_impurity_decrease=0.0,
                                        min_samples_leaf=1, min_samples_split=2,
                                        min_weight_fraction_leaf=0.0,
                                        monotonic_cst=None, n_estimators=100,
                                        n_jobs=-1, oob_score=False,
                                        random_state=42, verbose=0,
                                        warm_start=False))],
         verbose=False)
2025-08-18 20:35:03,186:INFO:finalize_model() successfully completed......................................
2025-08-18 20:35:03,376:INFO:Initializing plot_model()
2025-08-18 20:35:03,376:INFO:plot_model(self=<pycaret.classification.oop.ClassificationExperiment object at 0x7f8864fe2010>, estimator=Pipeline(memory=Memory(location=None),
         steps=[('numerical_imputer',
                 TransformerWrapper(exclude=None,
                                    include=['having_IP_Address', 'URL_Length',
                                             'Shortining_Service',
                                             'having_At_Symbol',
                                             'double_slash_redirecting',
                                             'Prefix_Suffix',
                                             'having_Sub_Domain',
                                             'SSLfinal_State', 'URL_of_Anchor',
                                             'Links_in_tags', 'SFH',
                                             'Abnormal_URL'],
                                    transformer=SimpleImputer(add_indica...
                 RandomForestClassifier(bootstrap=True, ccp_alpha=0.0,
                                        class_weight=None, criterion='gini',
                                        max_depth=None, max_features='sqrt',
                                        max_leaf_nodes=None, max_samples=None,
                                        min_impurity_decrease=0.0,
                                        min_samples_leaf=1, min_samples_split=2,
                                        min_weight_fraction_leaf=0.0,
                                        monotonic_cst=None, n_estimators=100,
                                        n_jobs=-1, oob_score=False,
                                        random_state=42, verbose=0,
                                        warm_start=False))],
         verbose=False), plot=feature, scale=1, save=True, fold=None, fit_kwargs=None, plot_kwargs=None, groups=None, feature_name=None, label=False, verbose=True, system=True, display=None, display_format=None)
2025-08-18 20:35:03,376:INFO:Checking exceptions
2025-08-18 20:35:03,401:INFO:Preloading libraries
2025-08-18 20:35:03,408:INFO:Copying training dataset
2025-08-18 20:35:03,409:INFO:Plot type: feature
2025-08-18 20:35:03,410:WARNING:No coef_ found. Trying feature_importances_
2025-08-18 20:35:03,485:INFO:Saving 'Feature Importance.png'
2025-08-18 20:35:03,490:WARNING:findfont: Generic family 'sans-serif' not found because none of the following families were found: Arial, Liberation Sans, Bitstream Vera Sans, sans-serif
2025-08-18 20:35:03,499:WARNING:findfont: Generic family 'sans-serif' not found because none of the following families were found: Arial, Liberation Sans, Bitstream Vera Sans, sans-serif
2025-08-18 20:35:03,500:WARNING:findfont: Generic family 'sans-serif' not found because none of the following families were found: Arial, Liberation Sans, Bitstream Vera Sans, sans-serif
2025-08-18 20:35:03,500:WARNING:findfont: Generic family 'sans-serif' not found because none of the following families were found: Arial, Liberation Sans, Bitstream Vera Sans, sans-serif
2025-08-18 20:35:03,501:WARNING:findfont: Generic family 'sans-serif' not found because none of the following families were found: Arial, Liberation Sans, Bitstream Vera Sans, sans-serif
2025-08-18 20:35:03,502:WARNING:findfont: Generic family 'sans-serif' not found because none of the following families were found: Arial, Liberation Sans, Bitstream Vera Sans, sans-serif
2025-08-18 20:35:03,502:WARNING:findfont: Generic family 'sans-serif' not found because none of the following families were found: Arial, Liberation Sans, Bitstream Vera Sans, sans-serif
2025-08-18 20:35:03,503:WARNING:findfont: Generic family 'sans-serif' not found because none of the following families were found: Arial, Liberation Sans, Bitstream Vera Sans, sans-serif
2025-08-18 20:35:03,504:WARNING:findfont: Generic family 'sans-serif' not found because none of the following families were found: Arial, Liberation Sans, Bitstream Vera Sans, sans-serif
2025-08-18 20:35:03,504:WARNING:findfont: Generic family 'sans-serif' not found because none of the following families were found: Arial, Liberation Sans, Bitstream Vera Sans, sans-serif
2025-08-18 20:35:03,505:WARNING:findfont: Generic family 'sans-serif' not found because none of the following families were found: Arial, Liberation Sans, Bitstream Vera Sans, sans-serif
2025-08-18 20:35:03,508:WARNING:findfont: Generic family 'sans-serif' not found because none of the following families were found: Arial, Liberation Sans, Bitstream Vera Sans, sans-serif
2025-08-18 20:35:03,508:WARNING:findfont: Generic family 'sans-serif' not found because none of the following families were found: Arial, Liberation Sans, Bitstream Vera Sans, sans-serif
2025-08-18 20:35:03,509:WARNING:findfont: Generic family 'sans-serif' not found because none of the following families were found: Arial, Liberation Sans, Bitstream Vera Sans, sans-serif
2025-08-18 20:35:03,509:WARNING:findfont: Generic family 'sans-serif' not found because none of the following families were found: Arial, Liberation Sans, Bitstream Vera Sans, sans-serif
2025-08-18 20:35:03,521:WARNING:findfont: Generic family 'sans-serif' not found because none of the following families were found: Arial, Liberation Sans, Bitstream Vera Sans, sans-serif
2025-08-18 20:35:03,522:WARNING:findfont: Generic family 'sans-serif' not found because none of the following families were found: Arial, Liberation Sans, Bitstream Vera Sans, sans-serif
2025-08-18 20:35:03,522:WARNING:findfont: Generic family 'sans-serif' not found because none of the following families were found: Arial, Liberation Sans, Bitstream Vera Sans, sans-serif
2025-08-18 20:35:03,523:WARNING:findfont: Generic family 'sans-serif' not found because none of the following families were found: Arial, Liberation Sans, Bitstream Vera Sans, sans-serif
2025-08-18 20:35:03,523:WARNING:findfont: Generic family 'sans-serif' not found because none of the following families were found: Arial, Liberation Sans, Bitstream Vera Sans, sans-serif
2025-08-18 20:35:03,528:WARNING:findfont: Generic family 'sans-serif' not found because none of the following families were found: Arial, Liberation Sans, Bitstream Vera Sans, sans-serif
2025-08-18 20:35:03,587:WARNING:findfont: Generic family 'sans-serif' not found because none of the following families were found: Arial, Liberation Sans, Bitstream Vera Sans, sans-serif
2025-08-18 20:35:03,587:WARNING:findfont: Generic family 'sans-serif' not found because none of the following families were found: Arial, Liberation Sans, Bitstream Vera Sans, sans-serif
2025-08-18 20:35:03,589:WARNING:findfont: Generic family 'sans-serif' not found because none of the following families were found: Arial, Liberation Sans, Bitstream Vera Sans, sans-serif
2025-08-18 20:35:03,592:WARNING:findfont: Generic family 'sans-serif' not found because none of the following families were found: Arial, Liberation Sans, Bitstream Vera Sans, sans-serif
2025-08-18 20:35:03,597:WARNING:findfont: Generic family 'sans-serif' not found because none of the following families were found: Arial, Liberation Sans, Bitstream Vera Sans, sans-serif
2025-08-18 20:35:03,599:WARNING:findfont: Generic family 'sans-serif' not found because none of the following families were found: Arial, Liberation Sans, Bitstream Vera Sans, sans-serif
2025-08-18 20:35:03,599:WARNING:findfont: Generic family 'sans-serif' not found because none of the following families were found: Arial, Liberation Sans, Bitstream Vera Sans, sans-serif
2025-08-18 20:35:03,603:WARNING:findfont: Generic family 'sans-serif' not found because none of the following families were found: Arial, Liberation Sans, Bitstream Vera Sans, sans-serif
2025-08-18 20:35:03,604:WARNING:findfont: Generic family 'sans-serif' not found because none of the following families were found: Arial, Liberation Sans, Bitstream Vera Sans, sans-serif
2025-08-18 20:35:03,609:WARNING:findfont: Generic family 'sans-serif' not found because none of the following families were found: Arial, Liberation Sans, Bitstream Vera Sans, sans-serif
2025-08-18 20:35:03,609:WARNING:findfont: Generic family 'sans-serif' not found because none of the following families were found: Arial, Liberation Sans, Bitstream Vera Sans, sans-serif
2025-08-18 20:35:03,623:WARNING:findfont: Generic family 'sans-serif' not found because none of the following families were found: Arial, Liberation Sans, Bitstream Vera Sans, sans-serif
2025-08-18 20:35:03,623:WARNING:findfont: Generic family 'sans-serif' not found because none of the following families were found: Arial, Liberation Sans, Bitstream Vera Sans, sans-serif
2025-08-18 20:35:03,624:WARNING:findfont: Generic family 'sans-serif' not found because none of the following families were found: Arial, Liberation Sans, Bitstream Vera Sans, sans-serif
2025-08-18 20:35:03,624:WARNING:findfont: Generic family 'sans-serif' not found because none of the following families were found: Arial, Liberation Sans, Bitstream Vera Sans, sans-serif
2025-08-18 20:35:03,627:WARNING:findfont: Generic family 'sans-serif' not found because none of the following families were found: Arial, Liberation Sans, Bitstream Vera Sans, sans-serif
2025-08-18 20:35:03,627:WARNING:findfont: Generic family 'sans-serif' not found because none of the following families were found: Arial, Liberation Sans, Bitstream Vera Sans, sans-serif
2025-08-18 20:35:03,627:WARNING:findfont: Generic family 'sans-serif' not found because none of the following families were found: Arial, Liberation Sans, Bitstream Vera Sans, sans-serif
2025-08-18 20:35:03,628:WARNING:findfont: Generic family 'sans-serif' not found because none of the following families were found: Arial, Liberation Sans, Bitstream Vera Sans, sans-serif
2025-08-18 20:35:03,628:WARNING:findfont: Generic family 'sans-serif' not found because none of the following families were found: Arial, Liberation Sans, Bitstream Vera Sans, sans-serif
2025-08-18 20:35:03,630:WARNING:findfont: Generic family 'sans-serif' not found because none of the following families were found: Arial, Liberation Sans, Bitstream Vera Sans, sans-serif
2025-08-18 20:35:03,632:WARNING:findfont: Generic family 'sans-serif' not found because none of the following families were found: Arial, Liberation Sans, Bitstream Vera Sans, sans-serif
2025-08-18 20:35:03,633:WARNING:findfont: Generic family 'sans-serif' not found because none of the following families were found: Arial, Liberation Sans, Bitstream Vera Sans, sans-serif
2025-08-18 20:35:03,634:WARNING:findfont: Generic family 'sans-serif' not found because none of the following families were found: Arial, Liberation Sans, Bitstream Vera Sans, sans-serif
2025-08-18 20:35:03,635:WARNING:findfont: Generic family 'sans-serif' not found because none of the following families were found: Arial, Liberation Sans, Bitstream Vera Sans, sans-serif
2025-08-18 20:35:03,640:WARNING:findfont: Generic family 'sans-serif' not found because none of the following families were found: Arial, Liberation Sans, Bitstream Vera Sans, sans-serif
2025-08-18 20:35:03,641:WARNING:findfont: Generic family 'sans-serif' not found because none of the following families were found: Arial, Liberation Sans, Bitstream Vera Sans, sans-serif
2025-08-18 20:35:03,646:WARNING:findfont: Generic family 'sans-serif' not found because none of the following families were found: Arial, Liberation Sans, Bitstream Vera Sans, sans-serif
2025-08-18 20:35:03,648:WARNING:findfont: Generic family 'sans-serif' not found because none of the following families were found: Arial, Liberation Sans, Bitstream Vera Sans, sans-serif
2025-08-18 20:35:03,649:WARNING:findfont: Generic family 'sans-serif' not found because none of the following families were found: Arial, Liberation Sans, Bitstream Vera Sans, sans-serif
2025-08-18 20:35:03,650:WARNING:findfont: Generic family 'sans-serif' not found because none of the following families were found: Arial, Liberation Sans, Bitstream Vera Sans, sans-serif
2025-08-18 20:35:03,651:WARNING:findfont: Generic family 'sans-serif' not found because none of the following families were found: Arial, Liberation Sans, Bitstream Vera Sans, sans-serif
2025-08-18 20:35:03,652:WARNING:findfont: Generic family 'sans-serif' not found because none of the following families were found: Arial, Liberation Sans, Bitstream Vera Sans, sans-serif
2025-08-18 20:35:03,654:WARNING:findfont: Generic family 'sans-serif' not found because none of the following families were found: Arial, Liberation Sans, Bitstream Vera Sans, sans-serif
2025-08-18 20:35:03,655:WARNING:findfont: Generic family 'sans-serif' not found because none of the following families were found: Arial, Liberation Sans, Bitstream Vera Sans, sans-serif
2025-08-18 20:35:03,656:WARNING:findfont: Generic family 'sans-serif' not found because none of the following families were found: Arial, Liberation Sans, Bitstream Vera Sans, sans-serif
2025-08-18 20:35:03,656:WARNING:findfont: Generic family 'sans-serif' not found because none of the following families were found: Arial, Liberation Sans, Bitstream Vera Sans, sans-serif
2025-08-18 20:35:03,660:WARNING:findfont: Generic family 'sans-serif' not found because none of the following families were found: Arial, Liberation Sans, Bitstream Vera Sans, sans-serif
2025-08-18 20:35:03,662:WARNING:findfont: Generic family 'sans-serif' not found because none of the following families were found: Arial, Liberation Sans, Bitstream Vera Sans, sans-serif
2025-08-18 20:35:03,685:WARNING:findfont: Generic family 'sans-serif' not found because none of the following families were found: Arial, Liberation Sans, Bitstream Vera Sans, sans-serif
2025-08-18 20:35:03,685:WARNING:findfont: Generic family 'sans-serif' not found because none of the following families were found: Arial, Liberation Sans, Bitstream Vera Sans, sans-serif
2025-08-18 20:35:03,686:WARNING:findfont: Generic family 'sans-serif' not found because none of the following families were found: Arial, Liberation Sans, Bitstream Vera Sans, sans-serif
2025-08-18 20:35:03,686:WARNING:findfont: Generic family 'sans-serif' not found because none of the following families were found: Arial, Liberation Sans, Bitstream Vera Sans, sans-serif
2025-08-18 20:35:03,687:WARNING:findfont: Generic family 'sans-serif' not found because none of the following families were found: Arial, Liberation Sans, Bitstream Vera Sans, sans-serif
2025-08-18 20:35:03,687:WARNING:findfont: Generic family 'sans-serif' not found because none of the following families were found: Arial, Liberation Sans, Bitstream Vera Sans, sans-serif
2025-08-18 20:35:03,688:WARNING:findfont: Generic family 'sans-serif' not found because none of the following families were found: Arial, Liberation Sans, Bitstream Vera Sans, sans-serif
2025-08-18 20:35:03,689:WARNING:findfont: Generic family 'sans-serif' not found because none of the following families were found: Arial, Liberation Sans, Bitstream Vera Sans, sans-serif
2025-08-18 20:35:03,689:WARNING:findfont: Generic family 'sans-serif' not found because none of the following families were found: Arial, Liberation Sans, Bitstream Vera Sans, sans-serif
2025-08-18 20:35:03,690:WARNING:findfont: Generic family 'sans-serif' not found because none of the following families were found: Arial, Liberation Sans, Bitstream Vera Sans, sans-serif
2025-08-18 20:35:03,690:WARNING:findfont: Generic family 'sans-serif' not found because none of the following families were found: Arial, Liberation Sans, Bitstream Vera Sans, sans-serif
2025-08-18 20:35:03,693:WARNING:findfont: Generic family 'sans-serif' not found because none of the following families were found: Arial, Liberation Sans, Bitstream Vera Sans, sans-serif
2025-08-18 20:35:03,693:WARNING:findfont: Generic family 'sans-serif' not found because none of the following families were found: Arial, Liberation Sans, Bitstream Vera Sans, sans-serif
2025-08-18 20:35:03,694:WARNING:findfont: Generic family 'sans-serif' not found because none of the following families were found: Arial, Liberation Sans, Bitstream Vera Sans, sans-serif
2025-08-18 20:35:03,694:WARNING:findfont: Generic family 'sans-serif' not found because none of the following families were found: Arial, Liberation Sans, Bitstream Vera Sans, sans-serif
2025-08-18 20:35:03,697:WARNING:findfont: Generic family 'sans-serif' not found because none of the following families were found: Arial, Liberation Sans, Bitstream Vera Sans, sans-serif
2025-08-18 20:35:03,697:WARNING:findfont: Generic family 'sans-serif' not found because none of the following families were found: Arial, Liberation Sans, Bitstream Vera Sans, sans-serif
2025-08-18 20:35:03,698:WARNING:findfont: Generic family 'sans-serif' not found because none of the following families were found: Arial, Liberation Sans, Bitstream Vera Sans, sans-serif
2025-08-18 20:35:03,698:WARNING:findfont: Generic family 'sans-serif' not found because none of the following families were found: Arial, Liberation Sans, Bitstream Vera Sans, sans-serif
2025-08-18 20:35:03,698:WARNING:findfont: Generic family 'sans-serif' not found because none of the following families were found: Arial, Liberation Sans, Bitstream Vera Sans, sans-serif
2025-08-18 20:35:03,699:WARNING:findfont: Generic family 'sans-serif' not found because none of the following families were found: Arial, Liberation Sans, Bitstream Vera Sans, sans-serif
2025-08-18 20:35:03,700:WARNING:findfont: Generic family 'sans-serif' not found because none of the following families were found: Arial, Liberation Sans, Bitstream Vera Sans, sans-serif
2025-08-18 20:35:03,701:WARNING:findfont: Generic family 'sans-serif' not found because none of the following families were found: Arial, Liberation Sans, Bitstream Vera Sans, sans-serif
2025-08-18 20:35:03,702:WARNING:findfont: Generic family 'sans-serif' not found because none of the following families were found: Arial, Liberation Sans, Bitstream Vera Sans, sans-serif
2025-08-18 20:35:03,703:WARNING:findfont: Generic family 'sans-serif' not found because none of the following families were found: Arial, Liberation Sans, Bitstream Vera Sans, sans-serif
2025-08-18 20:35:03,706:WARNING:findfont: Generic family 'sans-serif' not found because none of the following families were found: Arial, Liberation Sans, Bitstream Vera Sans, sans-serif
2025-08-18 20:35:03,707:WARNING:findfont: Generic family 'sans-serif' not found because none of the following families were found: Arial, Liberation Sans, Bitstream Vera Sans, sans-serif
2025-08-18 20:35:03,709:WARNING:findfont: Generic family 'sans-serif' not found because none of the following families were found: Arial, Liberation Sans, Bitstream Vera Sans, sans-serif
2025-08-18 20:35:03,711:WARNING:findfont: Generic family 'sans-serif' not found because none of the following families were found: Arial, Liberation Sans, Bitstream Vera Sans, sans-serif
2025-08-18 20:35:03,712:WARNING:findfont: Generic family 'sans-serif' not found because none of the following families were found: Arial, Liberation Sans, Bitstream Vera Sans, sans-serif
2025-08-18 20:35:03,713:WARNING:findfont: Generic family 'sans-serif' not found because none of the following families were found: Arial, Liberation Sans, Bitstream Vera Sans, sans-serif
2025-08-18 20:35:03,714:WARNING:findfont: Generic family 'sans-serif' not found because none of the following families were found: Arial, Liberation Sans, Bitstream Vera Sans, sans-serif
2025-08-18 20:35:03,714:WARNING:findfont: Generic family 'sans-serif' not found because none of the following families were found: Arial, Liberation Sans, Bitstream Vera Sans, sans-serif
2025-08-18 20:35:03,716:WARNING:findfont: Generic family 'sans-serif' not found because none of the following families were found: Arial, Liberation Sans, Bitstream Vera Sans, sans-serif
2025-08-18 20:35:03,717:WARNING:findfont: Generic family 'sans-serif' not found because none of the following families were found: Arial, Liberation Sans, Bitstream Vera Sans, sans-serif
2025-08-18 20:35:03,718:WARNING:findfont: Generic family 'sans-serif' not found because none of the following families were found: Arial, Liberation Sans, Bitstream Vera Sans, sans-serif
2025-08-18 20:35:03,718:WARNING:findfont: Generic family 'sans-serif' not found because none of the following families were found: Arial, Liberation Sans, Bitstream Vera Sans, sans-serif
2025-08-18 20:35:03,721:WARNING:findfont: Generic family 'sans-serif' not found because none of the following families were found: Arial, Liberation Sans, Bitstream Vera Sans, sans-serif
2025-08-18 20:35:03,723:WARNING:findfont: Generic family 'sans-serif' not found because none of the following families were found: Arial, Liberation Sans, Bitstream Vera Sans, sans-serif
2025-08-18 20:35:03,724:INFO:Visual Rendered Successfully
2025-08-18 20:35:03,912:INFO:plot_model() successfully completed......................................
2025-08-18 20:35:03,921:INFO:Initializing save_model()
2025-08-18 20:35:03,921:INFO:save_model(model=Pipeline(memory=Memory(location=None),
         steps=[('numerical_imputer',
                 TransformerWrapper(exclude=None,
                                    include=['having_IP_Address', 'URL_Length',
                                             'Shortining_Service',
                                             'having_At_Symbol',
                                             'double_slash_redirecting',
                                             'Prefix_Suffix',
                                             'having_Sub_Domain',
                                             'SSLfinal_State', 'URL_of_Anchor',
                                             'Links_in_tags', 'SFH',
                                             'Abnormal_URL'],
                                    transformer=SimpleImputer(add_indica...
                 RandomForestClassifier(bootstrap=True, ccp_alpha=0.0,
                                        class_weight=None, criterion='gini',
                                        max_depth=None, max_features='sqrt',
                                        max_leaf_nodes=None, max_samples=None,
                                        min_impurity_decrease=0.0,
                                        min_samples_leaf=1, min_samples_split=2,
                                        min_weight_fraction_leaf=0.0,
                                        monotonic_cst=None, n_estimators=100,
                                        n_jobs=-1, oob_score=False,
                                        random_state=42, verbose=0,
                                        warm_start=False))],
         verbose=False), model_name=models/phishing_url_detector, prep_pipe_=Pipeline(memory=FastMemory(location=/tmp/joblib),
         steps=[('numerical_imputer',
                 TransformerWrapper(exclude=None,
                                    include=['having_IP_Address', 'URL_Length',
                                             'Shortining_Service',
                                             'having_At_Symbol',
                                             'double_slash_redirecting',
                                             'Prefix_Suffix',
                                             'having_Sub_Domain',
                                             'SSLfinal_State', 'URL_of_Anchor',
                                             'Links_in_tags', 'SFH',
                                             'Abnormal_URL'],
                                    transformer=SimpleImputer(add_indicator=False,
                                                              copy=True,
                                                              fill_value=None,
                                                              keep_empty_features=False,
                                                              missing_values=nan,
                                                              strategy='mean'))),
                ('categorical_imputer',
                 TransformerWrapper(exclude=None, include=[],
                                    transformer=SimpleImputer(add_indicator=False,
                                                              copy=True,
                                                              fill_value=None,
                                                              keep_empty_features=False,
                                                              missing_values=nan,
                                                              strategy='most_frequent')))],
         verbose=False), verbose=True, use_case=MLUsecase.CLASSIFICATION, kwargs={})
2025-08-18 20:35:03,921:INFO:Adding model into prep_pipe
2025-08-18 20:35:03,921:WARNING:Only Model saved as it was a pipeline.
2025-08-18 20:35:03,949:INFO:models/phishing_url_detector.pkl saved in current working directory
2025-08-18 20:35:03,953:INFO:Pipeline(memory=Memory(location=None),
         steps=[('numerical_imputer',
                 TransformerWrapper(exclude=None,
                                    include=['having_IP_Address', 'URL_Length',
                                             'Shortining_Service',
                                             'having_At_Symbol',
                                             'double_slash_redirecting',
                                             'Prefix_Suffix',
                                             'having_Sub_Domain',
                                             'SSLfinal_State', 'URL_of_Anchor',
                                             'Links_in_tags', 'SFH',
                                             'Abnormal_URL'],
                                    transformer=SimpleImputer(add_indica...
                 RandomForestClassifier(bootstrap=True, ccp_alpha=0.0,
                                        class_weight=None, criterion='gini',
                                        max_depth=None, max_features='sqrt',
                                        max_leaf_nodes=None, max_samples=None,
                                        min_impurity_decrease=0.0,
                                        min_samples_leaf=1, min_samples_split=2,
                                        min_weight_fraction_leaf=0.0,
                                        monotonic_cst=None, n_estimators=100,
                                        n_jobs=-1, oob_score=False,
                                        random_state=42, verbose=0,
                                        warm_start=False))],
         verbose=False)
2025-08-18 20:35:03,953:INFO:save_model() successfully completed......................................
2025-08-18 23:57:07,396:WARNING:
'cuml' is a soft dependency and not included in the pycaret installation. Please run: `pip install cuml` to install.
2025-08-18 23:57:07,396:WARNING:
'cuml' is a soft dependency and not included in the pycaret installation. Please run: `pip install cuml` to install.
2025-08-18 23:57:07,396:WARNING:
'cuml' is a soft dependency and not included in the pycaret installation. Please run: `pip install cuml` to install.
2025-08-18 23:57:07,396:WARNING:
'cuml' is a soft dependency and not included in the pycaret installation. Please run: `pip install cuml` to install.
2025-08-18 23:58:02,314:WARNING:
'cuml' is a soft dependency and not included in the pycaret installation. Please run: `pip install cuml` to install.
2025-08-18 23:58:02,314:WARNING:
'cuml' is a soft dependency and not included in the pycaret installation. Please run: `pip install cuml` to install.
2025-08-18 23:58:02,314:WARNING:
'cuml' is a soft dependency and not included in the pycaret installation. Please run: `pip install cuml` to install.
2025-08-18 23:58:02,314:WARNING:
'cuml' is a soft dependency and not included in the pycaret installation. Please run: `pip install cuml` to install.
2025-08-18 23:58:05,574:INFO:Initializing load_model()
2025-08-18 23:58:05,574:INFO:load_model(model_name=models/phishing_url_detector, platform=None, authentication=None, verbose=True)
2025-08-19 00:05:58,127:WARNING:
'cuml' is a soft dependency and not included in the pycaret installation. Please run: `pip install cuml` to install.
2025-08-19 00:05:58,127:WARNING:
'cuml' is a soft dependency and not included in the pycaret installation. Please run: `pip install cuml` to install.
2025-08-19 00:05:58,127:WARNING:
'cuml' is a soft dependency and not included in the pycaret installation. Please run: `pip install cuml` to install.
2025-08-19 00:05:58,127:WARNING:
'cuml' is a soft dependency and not included in the pycaret installation. Please run: `pip install cuml` to install.
2025-08-19 00:05:59,630:INFO:PyCaret ClassificationExperiment
2025-08-19 00:05:59,630:INFO:Logging name: clf-default-name
2025-08-19 00:05:59,630:INFO:ML Usecase: MLUsecase.CLASSIFICATION
2025-08-19 00:05:59,630:INFO:version 3.3.2
2025-08-19 00:05:59,630:INFO:Initializing setup()
2025-08-19 00:05:59,630:INFO:self.USI: 6978
2025-08-19 00:05:59,630:INFO:self._variable_keys: {'html_param', 'exp_id', 'idx', 'y_train', 'y_test', 'fold_shuffle_param', '_ml_usecase', 'n_jobs_param', 'y', 'gpu_n_jobs_param', '_available_plots', 'X_train', 'memory', 'seed', 'fold_groups_param', 'data', 'logging_param', 'USI', 'exp_name_log', 'fold_generator', 'fix_imbalance', 'pipeline', 'X_test', 'target_param', 'X', 'log_plots_param', 'is_multiclass', 'gpu_param'}
2025-08-19 00:05:59,630:INFO:Checking environment
2025-08-19 00:05:59,630:INFO:python_version: 3.11.13
2025-08-19 00:05:59,630:INFO:python_build: ('main', 'Aug 12 2025 22:45:40')
2025-08-19 00:05:59,630:INFO:machine: x86_64
2025-08-19 00:05:59,630:INFO:platform: Linux-6.8.0-1029-aws-x86_64-with-glibc2.41
2025-08-19 00:05:59,630:INFO:Memory: svmem(total=2003431424, available=1301491712, percent=35.0, used=484167680, free=215404544, active=711675904, inactive=710434816, buffers=144916480, cached=1158942720, shared=2981888, slab=276377600)
2025-08-19 00:05:59,631:INFO:Physical Core: 1
2025-08-19 00:05:59,631:INFO:Logical Core: 2
2025-08-19 00:05:59,631:INFO:Checking libraries
2025-08-19 00:05:59,631:INFO:System:
2025-08-19 00:05:59,631:INFO:    python: 3.11.13 (main, Aug 12 2025, 22:45:40) [GCC 14.2.0]
2025-08-19 00:05:59,631:INFO:executable: /usr/local/bin/python
2025-08-19 00:05:59,631:INFO:   machine: Linux-6.8.0-1029-aws-x86_64-with-glibc2.41
2025-08-19 00:05:59,631:INFO:PyCaret required dependencies:
2025-08-19 00:06:00,419:INFO:                 pip: 24.0
2025-08-19 00:06:00,419:INFO:          setuptools: 80.9.0
2025-08-19 00:06:00,419:INFO:             pycaret: 3.3.2
2025-08-19 00:06:00,419:INFO:             IPython: 9.4.0
2025-08-19 00:06:00,419:INFO:          ipywidgets: 8.1.7
2025-08-19 00:06:00,419:INFO:                tqdm: 4.67.1
2025-08-19 00:06:00,419:INFO:               numpy: 1.26.4
2025-08-19 00:06:00,419:INFO:              pandas: 2.1.4
2025-08-19 00:06:00,419:INFO:              jinja2: 3.1.6
2025-08-19 00:06:00,419:INFO:               scipy: 1.11.4
2025-08-19 00:06:00,419:INFO:              joblib: 1.3.2
2025-08-19 00:06:00,419:INFO:             sklearn: 1.4.2
2025-08-19 00:06:00,419:INFO:                pyod: 2.0.5
2025-08-19 00:06:00,419:INFO:            imblearn: 0.14.0
2025-08-19 00:06:00,419:INFO:   category_encoders: 2.7.0
2025-08-19 00:06:00,419:INFO:            lightgbm: 4.6.0
2025-08-19 00:06:00,419:INFO:               numba: 0.61.0
2025-08-19 00:06:00,419:INFO:            requests: 2.32.4
2025-08-19 00:06:00,419:INFO:          matplotlib: 3.7.5
2025-08-19 00:06:00,419:INFO:          scikitplot: 0.3.7
2025-08-19 00:06:00,419:INFO:         yellowbrick: 1.5
2025-08-19 00:06:00,419:INFO:              plotly: 5.24.1
2025-08-19 00:06:00,419:INFO:    plotly-resampler: Not installed
2025-08-19 00:06:00,419:INFO:             kaleido: 1.0.0
2025-08-19 00:06:00,419:INFO:           schemdraw: 0.15
2025-08-19 00:06:00,419:INFO:         statsmodels: 0.14.5
2025-08-19 00:06:00,419:INFO:              sktime: 0.26.0
2025-08-19 00:06:00,419:INFO:               tbats: 1.1.3
2025-08-19 00:06:00,419:INFO:            pmdarima: 2.0.4
2025-08-19 00:06:00,419:INFO:              psutil: 7.0.0
2025-08-19 00:06:00,419:INFO:          markupsafe: 3.0.2
2025-08-19 00:06:00,419:INFO:             pickle5: Not installed
2025-08-19 00:06:00,419:INFO:         cloudpickle: 3.1.1
2025-08-19 00:06:00,419:INFO:         deprecation: 2.1.0
2025-08-19 00:06:00,419:INFO:              xxhash: 3.5.0
2025-08-19 00:06:00,419:INFO:           wurlitzer: 3.1.1
2025-08-19 00:06:00,419:INFO:PyCaret optional dependencies:
2025-08-19 00:06:05,435:INFO:                shap: 0.44.1
2025-08-19 00:06:05,435:INFO:           interpret: 0.7.2
2025-08-19 00:06:05,435:INFO:                umap: 0.5.7
2025-08-19 00:06:05,435:INFO:     ydata_profiling: 4.16.1
2025-08-19 00:06:05,435:INFO:  explainerdashboard: 0.5.1
2025-08-19 00:06:05,435:INFO:             autoviz: Not installed
2025-08-19 00:06:05,435:INFO:           fairlearn: 0.7.0
2025-08-19 00:06:05,435:INFO:          deepchecks: Not installed
2025-08-19 00:06:05,435:INFO:             xgboost: 3.0.4
2025-08-19 00:06:05,435:INFO:            catboost: 1.2.8
2025-08-19 00:06:05,435:INFO:              kmodes: 0.12.2
2025-08-19 00:06:05,435:INFO:             mlxtend: 0.23.4
2025-08-19 00:06:05,435:INFO:       statsforecast: 1.5.0
2025-08-19 00:06:05,436:INFO:        tune_sklearn: Not installed
2025-08-19 00:06:05,436:INFO:                 ray: Not installed
2025-08-19 00:06:05,436:INFO:            hyperopt: 0.2.7
2025-08-19 00:06:05,436:INFO:              optuna: 4.5.0
2025-08-19 00:06:05,436:INFO:               skopt: 0.10.2
2025-08-19 00:06:05,436:INFO:              mlflow: 3.2.0
2025-08-19 00:06:05,436:INFO:              gradio: 5.42.0
2025-08-19 00:06:05,436:INFO:             fastapi: 0.116.1
2025-08-19 00:06:05,436:INFO:             uvicorn: 0.35.0
2025-08-19 00:06:05,436:INFO:              m2cgen: 0.10.0
2025-08-19 00:06:05,436:INFO:           evidently: 0.4.40
2025-08-19 00:06:05,436:INFO:               fugue: 0.8.7
2025-08-19 00:06:05,436:INFO:           streamlit: 1.48.1
2025-08-19 00:06:05,436:INFO:             prophet: Not installed
2025-08-19 00:06:05,436:INFO:None
2025-08-19 00:06:05,436:INFO:Set up data.
2025-08-19 00:06:05,450:INFO:Set up folding strategy.
2025-08-19 00:06:05,450:INFO:Set up train/test split.
2025-08-19 00:06:05,458:INFO:Set up index.
2025-08-19 00:06:05,458:INFO:Assigning column types.
2025-08-19 00:06:05,462:INFO:Engine successfully changes for model 'lr' to 'sklearn'.
2025-08-19 00:06:05,504:INFO:Engine for model 'knn' has not been set explicitly, hence returning None.
2025-08-19 00:06:05,508:INFO:Engine for model 'rbfsvm' has not been set explicitly, hence returning None.
2025-08-19 00:06:05,543:INFO:Soft dependency imported: xgboost: 3.0.4
2025-08-19 00:06:05,546:INFO:Soft dependency imported: catboost: 1.2.8
2025-08-19 00:06:05,774:INFO:Engine for model 'knn' has not been set explicitly, hence returning None.
2025-08-19 00:06:05,775:INFO:Engine for model 'rbfsvm' has not been set explicitly, hence returning None.
2025-08-19 00:06:05,800:INFO:Soft dependency imported: xgboost: 3.0.4
2025-08-19 00:06:05,802:INFO:Soft dependency imported: catboost: 1.2.8
2025-08-19 00:06:05,803:INFO:Engine successfully changes for model 'knn' to 'sklearn'.
2025-08-19 00:06:05,845:INFO:Engine for model 'rbfsvm' has not been set explicitly, hence returning None.
2025-08-19 00:06:05,871:INFO:Soft dependency imported: xgboost: 3.0.4
2025-08-19 00:06:05,874:INFO:Soft dependency imported: catboost: 1.2.8
2025-08-19 00:06:05,917:INFO:Engine for model 'rbfsvm' has not been set explicitly, hence returning None.
2025-08-19 00:06:05,943:INFO:Soft dependency imported: xgboost: 3.0.4
2025-08-19 00:06:05,946:INFO:Soft dependency imported: catboost: 1.2.8
2025-08-19 00:06:05,946:INFO:Engine successfully changes for model 'rbfsvm' to 'sklearn'.
2025-08-19 00:06:06,015:INFO:Soft dependency imported: xgboost: 3.0.4
2025-08-19 00:06:06,017:INFO:Soft dependency imported: catboost: 1.2.8
2025-08-19 00:06:06,086:INFO:Soft dependency imported: xgboost: 3.0.4
2025-08-19 00:06:06,089:INFO:Soft dependency imported: catboost: 1.2.8
2025-08-19 00:06:06,092:INFO:Preparing preprocessing pipeline...
2025-08-19 00:06:06,094:INFO:Set up simple imputation.
2025-08-19 00:06:06,096:INFO:Set up encoding of categorical features.
2025-08-19 00:06:06,144:INFO:Finished creating preprocessing pipeline.
2025-08-19 00:06:06,150:INFO:Pipeline: Pipeline(memory=FastMemory(location=/tmp/joblib),
         steps=[('numerical_imputer',
                 TransformerWrapper(exclude=None,
                                    include=['having_IP_Address', 'URL_Length',
                                             'Shortining_Service',
                                             'having_At_Symbol',
                                             'double_slash_redirecting',
                                             'Prefix_Suffix',
                                             'having_Sub_Domain',
                                             'SSLfinal_State', 'URL_of_Anchor',
                                             'Links_in_tags', 'SFH',
                                             'Abnormal_URL',
                                             'has_political_keyword'],
                                    t...
                                                              copy=True,
                                                              fill_value=None,
                                                              keep_empty_features=False,
                                                              missing_values=nan,
                                                              strategy='most_frequent'))),
                ('onehot_encoding',
                 TransformerWrapper(exclude=None, include=['threat_actor'],
                                    transformer=OneHotEncoder(cols=['threat_actor'],
                                                              drop_invariant=False,
                                                              handle_missing='return_nan',
                                                              handle_unknown='value',
                                                              return_df=True,
                                                              use_cat_names=True,
                                                              verbose=0)))],
         verbose=False)
2025-08-19 00:06:06,150:INFO:Creating final display dataframe.
2025-08-19 00:06:06,307:INFO:Setup _display_container:                     Description             Value
0                    Session id                42
1                        Target             label
2                   Target type            Binary
3           Original data shape         (499, 15)
4        Transformed data shape         (499, 18)
5   Transformed train set shape         (349, 18)
6    Transformed test set shape         (150, 18)
7              Numeric features                13
8          Categorical features                 1
9                    Preprocess              True
10              Imputation type            simple
11           Numeric imputation              mean
12       Categorical imputation              mode
13     Maximum one-hot encoding                25
14              Encoding method              None
15               Fold Generator   StratifiedKFold
16                  Fold Number                10
17                     CPU Jobs                -1
18                      Use GPU             False
19               Log Experiment             False
20              Experiment Name  clf-default-name
21                          USI              6978
2025-08-19 00:06:06,431:INFO:Soft dependency imported: xgboost: 3.0.4
2025-08-19 00:06:06,435:INFO:Soft dependency imported: catboost: 1.2.8
2025-08-19 00:06:06,534:INFO:Soft dependency imported: xgboost: 3.0.4
2025-08-19 00:06:06,538:INFO:Soft dependency imported: catboost: 1.2.8
2025-08-19 00:06:06,540:INFO:setup() successfully completed in 6.92s...............
2025-08-19 00:06:06,540:INFO:Initializing compare_models()
2025-08-19 00:06:06,540:INFO:compare_models(self=<pycaret.classification.oop.ClassificationExperiment object at 0x7e0fffc857d0>, include=['rf', 'et', 'lightgbm'], exclude=None, fold=None, round=4, cross_validation=True, sort=Accuracy, n_select=1, budget_time=None, turbo=True, errors=ignore, fit_kwargs=None, groups=None, experiment_custom_tags=None, probability_threshold=None, verbose=True, parallel=None, caller_params={'self': <pycaret.classification.oop.ClassificationExperiment object at 0x7e0fffc857d0>, 'include': ['rf', 'et', 'lightgbm'], 'exclude': None, 'fold': None, 'round': 4, 'cross_validation': True, 'sort': 'Accuracy', 'n_select': 1, 'budget_time': None, 'turbo': True, 'errors': 'ignore', 'fit_kwargs': None, 'groups': None, 'experiment_custom_tags': None, 'probability_threshold': None, 'engine': None, 'verbose': True, 'parallel': None, '__class__': <class 'pycaret.classification.oop.ClassificationExperiment'>})
2025-08-19 00:06:06,540:INFO:Checking exceptions
2025-08-19 00:06:06,546:INFO:Preparing display monitor
2025-08-19 00:06:06,549:INFO:Initializing Random Forest Classifier
2025-08-19 00:06:06,550:INFO:Total runtime is 2.4199485778808595e-06 minutes
2025-08-19 00:06:06,550:INFO:SubProcess create_model() called ==================================
2025-08-19 00:06:06,550:INFO:Initializing create_model()
2025-08-19 00:06:06,550:INFO:create_model(self=<pycaret.classification.oop.ClassificationExperiment object at 0x7e0fffc857d0>, estimator=rf, fold=StratifiedKFold(n_splits=10, random_state=None, shuffle=False), round=4, cross_validation=True, predict=True, fit_kwargs={}, groups=None, refit=False, probability_threshold=None, experiment_custom_tags=None, verbose=False, system=False, add_to_model_list=True, metrics=None, display=<pycaret.internal.display.display.CommonDisplay object at 0x7e0fd327a650>, model_only=True, return_train_score=False, error_score=0.0, kwargs={})
2025-08-19 00:06:06,550:INFO:Checking exceptions
2025-08-19 00:06:06,550:INFO:Importing libraries
2025-08-19 00:06:06,550:INFO:Copying training dataset
2025-08-19 00:06:06,557:INFO:Defining folds
2025-08-19 00:06:06,558:INFO:Declaring metric variables
2025-08-19 00:06:06,558:INFO:Importing untrained model
2025-08-19 00:06:06,558:INFO:Random Forest Classifier Imported successfully
2025-08-19 00:06:06,559:INFO:Starting cross validation
2025-08-19 00:06:06,560:INFO:Cross validating with StratifiedKFold(n_splits=10, random_state=None, shuffle=False), n_jobs=-1
2025-08-19 00:06:12,890:INFO:Calculating mean and std
2025-08-19 00:06:12,891:INFO:Creating metrics dataframe
2025-08-19 00:06:12,894:INFO:Uploading results into container
2025-08-19 00:06:12,895:INFO:Uploading model into container now
2025-08-19 00:06:12,895:INFO:_master_model_container: 1
2025-08-19 00:06:12,895:INFO:_display_container: 2
2025-08-19 00:06:12,896:INFO:RandomForestClassifier(bootstrap=True, ccp_alpha=0.0, class_weight=None,
                       criterion='gini', max_depth=None, max_features='sqrt',
                       max_leaf_nodes=None, max_samples=None,
                       min_impurity_decrease=0.0, min_samples_leaf=1,
                       min_samples_split=2, min_weight_fraction_leaf=0.0,
                       monotonic_cst=None, n_estimators=100, n_jobs=-1,
                       oob_score=False, random_state=42, verbose=0,
                       warm_start=False)
2025-08-19 00:06:12,896:INFO:create_model() successfully completed......................................
2025-08-19 00:06:13,117:INFO:SubProcess create_model() end ==================================
2025-08-19 00:06:13,117:INFO:Creating metrics dataframe
2025-08-19 00:06:13,120:INFO:Initializing Extra Trees Classifier
2025-08-19 00:06:13,120:INFO:Total runtime is 0.1095105250676473 minutes
2025-08-19 00:06:13,120:INFO:SubProcess create_model() called ==================================
2025-08-19 00:06:13,120:INFO:Initializing create_model()
2025-08-19 00:06:13,121:INFO:create_model(self=<pycaret.classification.oop.ClassificationExperiment object at 0x7e0fffc857d0>, estimator=et, fold=StratifiedKFold(n_splits=10, random_state=None, shuffle=False), round=4, cross_validation=True, predict=True, fit_kwargs={}, groups=None, refit=False, probability_threshold=None, experiment_custom_tags=None, verbose=False, system=False, add_to_model_list=True, metrics=None, display=<pycaret.internal.display.display.CommonDisplay object at 0x7e0fd327a650>, model_only=True, return_train_score=False, error_score=0.0, kwargs={})
2025-08-19 00:06:13,121:INFO:Checking exceptions
2025-08-19 00:06:13,121:INFO:Importing libraries
2025-08-19 00:06:13,121:INFO:Copying training dataset
2025-08-19 00:06:13,125:INFO:Defining folds
2025-08-19 00:06:13,125:INFO:Declaring metric variables
2025-08-19 00:06:13,125:INFO:Importing untrained model
2025-08-19 00:06:13,126:INFO:Extra Trees Classifier Imported successfully
2025-08-19 00:06:13,126:INFO:Starting cross validation
2025-08-19 00:06:13,127:INFO:Cross validating with StratifiedKFold(n_splits=10, random_state=None, shuffle=False), n_jobs=-1
2025-08-19 00:06:14,218:INFO:Calculating mean and std
2025-08-19 00:06:14,218:INFO:Creating metrics dataframe
2025-08-19 00:06:14,221:INFO:Uploading results into container
2025-08-19 00:06:14,221:INFO:Uploading model into container now
2025-08-19 00:06:14,222:INFO:_master_model_container: 2
2025-08-19 00:06:14,222:INFO:_display_container: 2
2025-08-19 00:06:14,222:INFO:ExtraTreesClassifier(bootstrap=False, ccp_alpha=0.0, class_weight=None,
                     criterion='gini', max_depth=None, max_features='sqrt',
                     max_leaf_nodes=None, max_samples=None,
                     min_impurity_decrease=0.0, min_samples_leaf=1,
                     min_samples_split=2, min_weight_fraction_leaf=0.0,
                     monotonic_cst=None, n_estimators=100, n_jobs=-1,
                     oob_score=False, random_state=42, verbose=0,
                     warm_start=False)
2025-08-19 00:06:14,222:INFO:create_model() successfully completed......................................
2025-08-19 00:06:14,411:INFO:SubProcess create_model() end ==================================
2025-08-19 00:06:14,411:INFO:Creating metrics dataframe
2025-08-19 00:06:14,414:INFO:Initializing Light Gradient Boosting Machine
2025-08-19 00:06:14,414:INFO:Total runtime is 0.13107370535532634 minutes
2025-08-19 00:06:14,414:INFO:SubProcess create_model() called ==================================
2025-08-19 00:06:14,414:INFO:Initializing create_model()
2025-08-19 00:06:14,414:INFO:create_model(self=<pycaret.classification.oop.ClassificationExperiment object at 0x7e0fffc857d0>, estimator=lightgbm, fold=StratifiedKFold(n_splits=10, random_state=None, shuffle=False), round=4, cross_validation=True, predict=True, fit_kwargs={}, groups=None, refit=False, probability_threshold=None, experiment_custom_tags=None, verbose=False, system=False, add_to_model_list=True, metrics=None, display=<pycaret.internal.display.display.CommonDisplay object at 0x7e0fd327a650>, model_only=True, return_train_score=False, error_score=0.0, kwargs={})
2025-08-19 00:06:14,414:INFO:Checking exceptions
2025-08-19 00:06:14,414:INFO:Importing libraries
2025-08-19 00:06:14,414:INFO:Copying training dataset
2025-08-19 00:06:14,419:INFO:Defining folds
2025-08-19 00:06:14,419:INFO:Declaring metric variables
2025-08-19 00:06:14,419:INFO:Importing untrained model
2025-08-19 00:06:14,420:INFO:Light Gradient Boosting Machine Imported successfully
2025-08-19 00:06:14,420:INFO:Starting cross validation
2025-08-19 00:06:14,421:INFO:Cross validating with StratifiedKFold(n_splits=10, random_state=None, shuffle=False), n_jobs=-1
2025-08-19 00:06:44,142:INFO:Calculating mean and std
2025-08-19 00:06:44,142:INFO:Creating metrics dataframe
2025-08-19 00:06:44,144:INFO:Uploading results into container
2025-08-19 00:06:44,145:INFO:Uploading model into container now
2025-08-19 00:06:44,145:INFO:_master_model_container: 3
2025-08-19 00:06:44,145:INFO:_display_container: 2
2025-08-19 00:06:44,146:INFO:LGBMClassifier(boosting_type='gbdt', class_weight=None, colsample_bytree=1.0,
               importance_type='split', learning_rate=0.1, max_depth=-1,
               min_child_samples=20, min_child_weight=0.001, min_split_gain=0.0,
               n_estimators=100, n_jobs=-1, num_leaves=31, objective=None,
               random_state=42, reg_alpha=0.0, reg_lambda=0.0, subsample=1.0,
               subsample_for_bin=200000, subsample_freq=0)
2025-08-19 00:06:44,146:INFO:create_model() successfully completed......................................
2025-08-19 00:06:44,356:INFO:SubProcess create_model() end ==================================
2025-08-19 00:06:44,357:INFO:Creating metrics dataframe
2025-08-19 00:06:44,360:WARNING:/usr/local/lib/python3.11/site-packages/pycaret/internal/pycaret_experiment/supervised_experiment.py:339: FutureWarning: Styler.applymap has been deprecated. Use Styler.map instead.

2025-08-19 00:06:44,361:INFO:Initializing create_model()
2025-08-19 00:06:44,362:INFO:create_model(self=<pycaret.classification.oop.ClassificationExperiment object at 0x7e0fffc857d0>, estimator=RandomForestClassifier(bootstrap=True, ccp_alpha=0.0, class_weight=None,
                       criterion='gini', max_depth=None, max_features='sqrt',
                       max_leaf_nodes=None, max_samples=None,
                       min_impurity_decrease=0.0, min_samples_leaf=1,
                       min_samples_split=2, min_weight_fraction_leaf=0.0,
                       monotonic_cst=None, n_estimators=100, n_jobs=-1,
                       oob_score=False, random_state=42, verbose=0,
                       warm_start=False), fold=StratifiedKFold(n_splits=10, random_state=None, shuffle=False), round=4, cross_validation=False, predict=False, fit_kwargs={}, groups=None, refit=True, probability_threshold=None, experiment_custom_tags=None, verbose=False, system=False, add_to_model_list=True, metrics=None, display=None, model_only=True, return_train_score=False, error_score=0.0, kwargs={})
2025-08-19 00:06:44,362:INFO:Checking exceptions
2025-08-19 00:06:44,362:INFO:Importing libraries
2025-08-19 00:06:44,362:INFO:Copying training dataset
2025-08-19 00:06:44,367:INFO:Defining folds
2025-08-19 00:06:44,367:INFO:Declaring metric variables
2025-08-19 00:06:44,367:INFO:Importing untrained model
2025-08-19 00:06:44,367:INFO:Declaring custom model
2025-08-19 00:06:44,368:INFO:Random Forest Classifier Imported successfully
2025-08-19 00:06:44,369:INFO:Cross validation set to False
2025-08-19 00:06:44,369:INFO:Fitting Model
2025-08-19 00:06:44,566:INFO:RandomForestClassifier(bootstrap=True, ccp_alpha=0.0, class_weight=None,
                       criterion='gini', max_depth=None, max_features='sqrt',
                       max_leaf_nodes=None, max_samples=None,
                       min_impurity_decrease=0.0, min_samples_leaf=1,
                       min_samples_split=2, min_weight_fraction_leaf=0.0,
                       monotonic_cst=None, n_estimators=100, n_jobs=-1,
                       oob_score=False, random_state=42, verbose=0,
                       warm_start=False)
2025-08-19 00:06:44,566:INFO:create_model() successfully completed......................................
2025-08-19 00:06:44,758:INFO:_master_model_container: 3
2025-08-19 00:06:44,758:INFO:_display_container: 2
2025-08-19 00:06:44,758:INFO:RandomForestClassifier(bootstrap=True, ccp_alpha=0.0, class_weight=None,
                       criterion='gini', max_depth=None, max_features='sqrt',
                       max_leaf_nodes=None, max_samples=None,
                       min_impurity_decrease=0.0, min_samples_leaf=1,
                       min_samples_split=2, min_weight_fraction_leaf=0.0,
                       monotonic_cst=None, n_estimators=100, n_jobs=-1,
                       oob_score=False, random_state=42, verbose=0,
                       warm_start=False)
2025-08-19 00:06:44,758:INFO:compare_models() successfully completed......................................
2025-08-19 00:06:44,759:INFO:Initializing finalize_model()
2025-08-19 00:06:44,759:INFO:finalize_model(self=<pycaret.classification.oop.ClassificationExperiment object at 0x7e0fffc857d0>, estimator=RandomForestClassifier(bootstrap=True, ccp_alpha=0.0, class_weight=None,
                       criterion='gini', max_depth=None, max_features='sqrt',
                       max_leaf_nodes=None, max_samples=None,
                       min_impurity_decrease=0.0, min_samples_leaf=1,
                       min_samples_split=2, min_weight_fraction_leaf=0.0,
                       monotonic_cst=None, n_estimators=100, n_jobs=-1,
                       oob_score=False, random_state=42, verbose=0,
                       warm_start=False), fit_kwargs=None, groups=None, model_only=False, experiment_custom_tags=None)
2025-08-19 00:06:44,759:INFO:Finalizing RandomForestClassifier(bootstrap=True, ccp_alpha=0.0, class_weight=None,
                       criterion='gini', max_depth=None, max_features='sqrt',
                       max_leaf_nodes=None, max_samples=None,
                       min_impurity_decrease=0.0, min_samples_leaf=1,
                       min_samples_split=2, min_weight_fraction_leaf=0.0,
                       monotonic_cst=None, n_estimators=100, n_jobs=-1,
                       oob_score=False, random_state=42, verbose=0,
                       warm_start=False)
2025-08-19 00:06:44,762:INFO:Initializing create_model()
2025-08-19 00:06:44,762:INFO:create_model(self=<pycaret.classification.oop.ClassificationExperiment object at 0x7e0fffc857d0>, estimator=RandomForestClassifier(bootstrap=True, ccp_alpha=0.0, class_weight=None,
                       criterion='gini', max_depth=None, max_features='sqrt',
                       max_leaf_nodes=None, max_samples=None,
                       min_impurity_decrease=0.0, min_samples_leaf=1,
                       min_samples_split=2, min_weight_fraction_leaf=0.0,
                       monotonic_cst=None, n_estimators=100, n_jobs=-1,
                       oob_score=False, random_state=42, verbose=0,
                       warm_start=False), fold=None, round=4, cross_validation=False, predict=False, fit_kwargs={}, groups=None, refit=True, probability_threshold=None, experiment_custom_tags=None, verbose=False, system=False, add_to_model_list=False, metrics=None, display=None, model_only=False, return_train_score=False, error_score=0.0, kwargs={})
2025-08-19 00:06:44,762:INFO:Checking exceptions
2025-08-19 00:06:44,763:INFO:Importing libraries
2025-08-19 00:06:44,763:INFO:Copying training dataset
2025-08-19 00:06:44,763:INFO:Defining folds
2025-08-19 00:06:44,763:INFO:Declaring metric variables
2025-08-19 00:06:44,764:INFO:Importing untrained model
2025-08-19 00:06:44,764:INFO:Declaring custom model
2025-08-19 00:06:44,764:INFO:Random Forest Classifier Imported successfully
2025-08-19 00:06:44,765:INFO:Cross validation set to False
2025-08-19 00:06:44,765:INFO:Fitting Model
2025-08-19 00:06:44,979:INFO:Pipeline(memory=Memory(location=None),
         steps=[('numerical_imputer',
                 TransformerWrapper(exclude=None,
                                    include=['having_IP_Address', 'URL_Length',
                                             'Shortining_Service',
                                             'having_At_Symbol',
                                             'double_slash_redirecting',
                                             'Prefix_Suffix',
                                             'having_Sub_Domain',
                                             'SSLfinal_State', 'URL_of_Anchor',
                                             'Links_in_tags', 'SFH',
                                             'Abnormal_URL',
                                             'has_political_keyword'],
                                    transformer=...
                 RandomForestClassifier(bootstrap=True, ccp_alpha=0.0,
                                        class_weight=None, criterion='gini',
                                        max_depth=None, max_features='sqrt',
                                        max_leaf_nodes=None, max_samples=None,
                                        min_impurity_decrease=0.0,
                                        min_samples_leaf=1, min_samples_split=2,
                                        min_weight_fraction_leaf=0.0,
                                        monotonic_cst=None, n_estimators=100,
                                        n_jobs=-1, oob_score=False,
                                        random_state=42, verbose=0,
                                        warm_start=False))],
         verbose=False)
2025-08-19 00:06:44,979:INFO:create_model() successfully completed......................................
2025-08-19 00:06:45,171:INFO:_master_model_container: 3
2025-08-19 00:06:45,171:INFO:_display_container: 2
2025-08-19 00:06:45,177:INFO:Pipeline(memory=Memory(location=None),
         steps=[('numerical_imputer',
                 TransformerWrapper(exclude=None,
                                    include=['having_IP_Address', 'URL_Length',
                                             'Shortining_Service',
                                             'having_At_Symbol',
                                             'double_slash_redirecting',
                                             'Prefix_Suffix',
                                             'having_Sub_Domain',
                                             'SSLfinal_State', 'URL_of_Anchor',
                                             'Links_in_tags', 'SFH',
                                             'Abnormal_URL',
                                             'has_political_keyword'],
                                    transformer=...
                 RandomForestClassifier(bootstrap=True, ccp_alpha=0.0,
                                        class_weight=None, criterion='gini',
                                        max_depth=None, max_features='sqrt',
                                        max_leaf_nodes=None, max_samples=None,
                                        min_impurity_decrease=0.0,
                                        min_samples_leaf=1, min_samples_split=2,
                                        min_weight_fraction_leaf=0.0,
                                        monotonic_cst=None, n_estimators=100,
                                        n_jobs=-1, oob_score=False,
                                        random_state=42, verbose=0,
                                        warm_start=False))],
         verbose=False)
2025-08-19 00:06:45,177:INFO:finalize_model() successfully completed......................................
2025-08-19 00:06:45,370:INFO:Initializing plot_model()
2025-08-19 00:06:45,370:INFO:plot_model(self=<pycaret.classification.oop.ClassificationExperiment object at 0x7e0fffc857d0>, estimator=Pipeline(memory=Memory(location=None),
         steps=[('numerical_imputer',
                 TransformerWrapper(exclude=None,
                                    include=['having_IP_Address', 'URL_Length',
                                             'Shortining_Service',
                                             'having_At_Symbol',
                                             'double_slash_redirecting',
                                             'Prefix_Suffix',
                                             'having_Sub_Domain',
                                             'SSLfinal_State', 'URL_of_Anchor',
                                             'Links_in_tags', 'SFH',
                                             'Abnormal_URL',
                                             'has_political_keyword'],
                                    transformer=...
                 RandomForestClassifier(bootstrap=True, ccp_alpha=0.0,
                                        class_weight=None, criterion='gini',
                                        max_depth=None, max_features='sqrt',
                                        max_leaf_nodes=None, max_samples=None,
                                        min_impurity_decrease=0.0,
                                        min_samples_leaf=1, min_samples_split=2,
                                        min_weight_fraction_leaf=0.0,
                                        monotonic_cst=None, n_estimators=100,
                                        n_jobs=-1, oob_score=False,
                                        random_state=42, verbose=0,
                                        warm_start=False))],
         verbose=False), plot=feature, scale=1, save=True, fold=None, fit_kwargs=None, plot_kwargs=None, groups=None, feature_name=None, label=False, verbose=True, system=True, display=None, display_format=None)
2025-08-19 00:06:45,370:INFO:Checking exceptions
2025-08-19 00:06:45,395:INFO:Preloading libraries
2025-08-19 00:06:45,401:INFO:Copying training dataset
2025-08-19 00:06:45,401:INFO:Plot type: feature
2025-08-19 00:06:45,402:WARNING:No coef_ found. Trying feature_importances_
2025-08-19 00:06:45,501:INFO:Saving 'Feature Importance.png'
2025-08-19 00:06:45,505:WARNING:findfont: Generic family 'sans-serif' not found because none of the following families were found: Arial, Liberation Sans, Bitstream Vera Sans, sans-serif
2025-08-19 00:06:45,509:WARNING:findfont: Generic family 'sans-serif' not found because none of the following families were found: Arial, Liberation Sans, Bitstream Vera Sans, sans-serif
2025-08-19 00:06:45,511:WARNING:findfont: Generic family 'sans-serif' not found because none of the following families were found: Arial, Liberation Sans, Bitstream Vera Sans, sans-serif
2025-08-19 00:06:45,512:WARNING:findfont: Generic family 'sans-serif' not found because none of the following families were found: Arial, Liberation Sans, Bitstream Vera Sans, sans-serif
2025-08-19 00:06:45,513:WARNING:findfont: Generic family 'sans-serif' not found because none of the following families were found: Arial, Liberation Sans, Bitstream Vera Sans, sans-serif
2025-08-19 00:06:45,513:WARNING:findfont: Generic family 'sans-serif' not found because none of the following families were found: Arial, Liberation Sans, Bitstream Vera Sans, sans-serif
2025-08-19 00:06:45,514:WARNING:findfont: Generic family 'sans-serif' not found because none of the following families were found: Arial, Liberation Sans, Bitstream Vera Sans, sans-serif
2025-08-19 00:06:45,514:WARNING:findfont: Generic family 'sans-serif' not found because none of the following families were found: Arial, Liberation Sans, Bitstream Vera Sans, sans-serif
2025-08-19 00:06:45,515:WARNING:findfont: Generic family 'sans-serif' not found because none of the following families were found: Arial, Liberation Sans, Bitstream Vera Sans, sans-serif
2025-08-19 00:06:45,516:WARNING:findfont: Generic family 'sans-serif' not found because none of the following families were found: Arial, Liberation Sans, Bitstream Vera Sans, sans-serif
2025-08-19 00:06:45,517:WARNING:findfont: Generic family 'sans-serif' not found because none of the following families were found: Arial, Liberation Sans, Bitstream Vera Sans, sans-serif
2025-08-19 00:06:45,520:WARNING:findfont: Generic family 'sans-serif' not found because none of the following families were found: Arial, Liberation Sans, Bitstream Vera Sans, sans-serif
2025-08-19 00:06:45,520:WARNING:findfont: Generic family 'sans-serif' not found because none of the following families were found: Arial, Liberation Sans, Bitstream Vera Sans, sans-serif
2025-08-19 00:06:45,521:WARNING:findfont: Generic family 'sans-serif' not found because none of the following families were found: Arial, Liberation Sans, Bitstream Vera Sans, sans-serif
2025-08-19 00:06:45,522:WARNING:findfont: Generic family 'sans-serif' not found because none of the following families were found: Arial, Liberation Sans, Bitstream Vera Sans, sans-serif
2025-08-19 00:06:45,533:WARNING:findfont: Generic family 'sans-serif' not found because none of the following families were found: Arial, Liberation Sans, Bitstream Vera Sans, sans-serif
2025-08-19 00:06:45,534:WARNING:findfont: Generic family 'sans-serif' not found because none of the following families were found: Arial, Liberation Sans, Bitstream Vera Sans, sans-serif
2025-08-19 00:06:45,534:WARNING:findfont: Generic family 'sans-serif' not found because none of the following families were found: Arial, Liberation Sans, Bitstream Vera Sans, sans-serif
2025-08-19 00:06:45,535:WARNING:findfont: Generic family 'sans-serif' not found because none of the following families were found: Arial, Liberation Sans, Bitstream Vera Sans, sans-serif
2025-08-19 00:06:45,535:WARNING:findfont: Generic family 'sans-serif' not found because none of the following families were found: Arial, Liberation Sans, Bitstream Vera Sans, sans-serif
2025-08-19 00:06:45,535:WARNING:findfont: Generic family 'sans-serif' not found because none of the following families were found: Arial, Liberation Sans, Bitstream Vera Sans, sans-serif
2025-08-19 00:06:45,536:WARNING:findfont: Generic family 'sans-serif' not found because none of the following families were found: Arial, Liberation Sans, Bitstream Vera Sans, sans-serif
2025-08-19 00:06:45,536:WARNING:findfont: Generic family 'sans-serif' not found because none of the following families were found: Arial, Liberation Sans, Bitstream Vera Sans, sans-serif
2025-08-19 00:06:45,537:WARNING:findfont: Generic family 'sans-serif' not found because none of the following families were found: Arial, Liberation Sans, Bitstream Vera Sans, sans-serif
2025-08-19 00:06:45,544:WARNING:findfont: Generic family 'sans-serif' not found because none of the following families were found: Arial, Liberation Sans, Bitstream Vera Sans, sans-serif
2025-08-19 00:06:45,595:WARNING:findfont: Generic family 'sans-serif' not found because none of the following families were found: Arial, Liberation Sans, Bitstream Vera Sans, sans-serif
2025-08-19 00:06:45,595:WARNING:findfont: Generic family 'sans-serif' not found because none of the following families were found: Arial, Liberation Sans, Bitstream Vera Sans, sans-serif
2025-08-19 00:06:45,596:WARNING:findfont: Generic family 'sans-serif' not found because none of the following families were found: Arial, Liberation Sans, Bitstream Vera Sans, sans-serif
2025-08-19 00:06:45,597:WARNING:findfont: Generic family 'sans-serif' not found because none of the following families were found: Arial, Liberation Sans, Bitstream Vera Sans, sans-serif
2025-08-19 00:06:45,597:WARNING:findfont: Generic family 'sans-serif' not found because none of the following families were found: Arial, Liberation Sans, Bitstream Vera Sans, sans-serif
2025-08-19 00:06:45,598:WARNING:findfont: Generic family 'sans-serif' not found because none of the following families were found: Arial, Liberation Sans, Bitstream Vera Sans, sans-serif
2025-08-19 00:06:45,598:WARNING:findfont: Generic family 'sans-serif' not found because none of the following families were found: Arial, Liberation Sans, Bitstream Vera Sans, sans-serif
2025-08-19 00:06:45,599:WARNING:findfont: Generic family 'sans-serif' not found because none of the following families were found: Arial, Liberation Sans, Bitstream Vera Sans, sans-serif
2025-08-19 00:06:45,600:WARNING:findfont: Generic family 'sans-serif' not found because none of the following families were found: Arial, Liberation Sans, Bitstream Vera Sans, sans-serif
2025-08-19 00:06:45,601:WARNING:findfont: Generic family 'sans-serif' not found because none of the following families were found: Arial, Liberation Sans, Bitstream Vera Sans, sans-serif
2025-08-19 00:06:45,601:WARNING:findfont: Generic family 'sans-serif' not found because none of the following families were found: Arial, Liberation Sans, Bitstream Vera Sans, sans-serif
2025-08-19 00:06:45,604:WARNING:findfont: Generic family 'sans-serif' not found because none of the following families were found: Arial, Liberation Sans, Bitstream Vera Sans, sans-serif
2025-08-19 00:06:45,604:WARNING:findfont: Generic family 'sans-serif' not found because none of the following families were found: Arial, Liberation Sans, Bitstream Vera Sans, sans-serif
2025-08-19 00:06:45,605:WARNING:findfont: Generic family 'sans-serif' not found because none of the following families were found: Arial, Liberation Sans, Bitstream Vera Sans, sans-serif

2025-08-19 00:06:45,606:WARNING:findfont: Generic family 'sans-serif' not found because none of the following families were found: Arial, Liberation Sans, Bitstream Vera Sans, sans-serif
2025-08-19 00:06:45,606:WARNING:findfont: Generic family 'sans-serif' not found because none of the following families were found: Arial, Liberation Sans, Bitstream Vera Sans, sans-serif
2025-08-19 00:06:45,609:WARNING:findfont: Generic family 'sans-serif' not found because none of the following families were found: Arial, Liberation Sans, Bitstream Vera Sans, sans-serif
2025-08-19 00:06:45,609:WARNING:findfont: Generic family 'sans-serif' not found because none of the following families were found: Arial, Liberation Sans, Bitstream Vera Sans, sans-serif
2025-08-19 00:06:45,610:WARNING:findfont: Generic family 'sans-serif' not found because none of the following families were found: Arial, Liberation Sans, Bitstream Vera Sans, sans-serif
2025-08-19 00:06:45,610:WARNING:findfont: Generic family 'sans-serif' not found because none of the following families were found: Arial, Liberation Sans, Bitstream Vera Sans, sans-serif
2025-08-19 00:06:45,610:WARNING:findfont: Generic family 'sans-serif' not found because none of the following families were found: Arial, Liberation Sans, Bitstream Vera Sans, sans-serif
2025-08-19 00:06:45,611:WARNING:findfont: Generic family 'sans-serif' not found because none of the following families were found: Arial, Liberation Sans, Bitstream Vera Sans, sans-serif
2025-08-19 00:06:45,611:WARNING:findfont: Generic family 'sans-serif' not found because none of the following families were found: Arial, Liberation Sans, Bitstream Vera Sans, sans-serif
2025-08-19 00:06:45,611:WARNING:findfont: Generic family 'sans-serif' not found because none of the following families were found: Arial, Liberation Sans, Bitstream Vera Sans, sans-serif
2025-08-19 00:06:45,612:WARNING:findfont: Generic family 'sans-serif' not found because none of the following families were found: Arial, Liberation Sans, Bitstream Vera Sans, sans-serif
2025-08-19 00:06:45,613:WARNING:findfont: Generic family 'sans-serif' not found because none of the following families were found: Arial, Liberation Sans, Bitstream Vera Sans, sans-serif
2025-08-19 00:06:45,614:WARNING:findfont: Generic family 'sans-serif' not found because none of the following families were found: Arial, Liberation Sans, Bitstream Vera Sans, sans-serif
2025-08-19 00:06:45,615:WARNING:findfont: Generic family 'sans-serif' not found because none of the following families were found: Arial, Liberation Sans, Bitstream Vera Sans, sans-serif
2025-08-19 00:06:45,615:WARNING:findfont: Generic family 'sans-serif' not found because none of the following families were found: Arial, Liberation Sans, Bitstream Vera Sans, sans-serif
2025-08-19 00:06:45,616:WARNING:findfont: Generic family 'sans-serif' not found because none of the following families were found: Arial, Liberation Sans, Bitstream Vera Sans, sans-serif
2025-08-19 00:06:45,617:WARNING:findfont: Generic family 'sans-serif' not found because none of the following families were found: Arial, Liberation Sans, Bitstream Vera Sans, sans-serif
2025-08-19 00:06:45,618:WARNING:findfont: Generic family 'sans-serif' not found because none of the following families were found: Arial, Liberation Sans, Bitstream Vera Sans, sans-serif
2025-08-19 00:06:45,619:WARNING:findfont: Generic family 'sans-serif' not found because none of the following families were found: Arial, Liberation Sans, Bitstream Vera Sans, sans-serif
2025-08-19 00:06:45,620:WARNING:findfont: Generic family 'sans-serif' not found because none of the following families were found: Arial, Liberation Sans, Bitstream Vera Sans, sans-serif
2025-08-19 00:06:45,623:WARNING:findfont: Generic family 'sans-serif' not found because none of the following families were found: Arial, Liberation Sans, Bitstream Vera Sans, sans-serif
2025-08-19 00:06:45,624:WARNING:findfont: Generic family 'sans-serif' not found because none of the following families were found: Arial, Liberation Sans, Bitstream Vera Sans, sans-serif
2025-08-19 00:06:45,627:WARNING:findfont: Generic family 'sans-serif' not found because none of the following families were found: Arial, Liberation Sans, Bitstream Vera Sans, sans-serif
2025-08-19 00:06:45,629:WARNING:findfont: Generic family 'sans-serif' not found because none of the following families were found: Arial, Liberation Sans, Bitstream Vera Sans, sans-serif
2025-08-19 00:06:45,630:WARNING:findfont: Generic family 'sans-serif' not found because none of the following families were found: Arial, Liberation Sans, Bitstream Vera Sans, sans-serif
2025-08-19 00:06:45,631:WARNING:findfont: Generic family 'sans-serif' not found because none of the following families were found: Arial, Liberation Sans, Bitstream Vera Sans, sans-serif
2025-08-19 00:06:45,632:WARNING:findfont: Generic family 'sans-serif' not found because none of the following families were found: Arial, Liberation Sans, Bitstream Vera Sans, sans-serif
2025-08-19 00:06:45,633:WARNING:findfont: Generic family 'sans-serif' not found because none of the following families were found: Arial, Liberation Sans, Bitstream Vera Sans, sans-serif
2025-08-19 00:06:45,634:WARNING:findfont: Generic family 'sans-serif' not found because none of the following families were found: Arial, Liberation Sans, Bitstream Vera Sans, sans-serif
2025-08-19 00:06:45,635:WARNING:findfont: Generic family 'sans-serif' not found because none of the following families were found: Arial, Liberation Sans, Bitstream Vera Sans, sans-serif
2025-08-19 00:06:45,637:WARNING:findfont: Generic family 'sans-serif' not found because none of the following families were found: Arial, Liberation Sans, Bitstream Vera Sans, sans-serif
2025-08-19 00:06:45,638:WARNING:findfont: Generic family 'sans-serif' not found because none of the following families were found: Arial, Liberation Sans, Bitstream Vera Sans, sans-serif
2025-08-19 00:06:45,641:WARNING:findfont: Generic family 'sans-serif' not found because none of the following families were found: Arial, Liberation Sans, Bitstream Vera Sans, sans-serif
2025-08-19 00:06:45,642:WARNING:findfont: Generic family 'sans-serif' not found because none of the following families were found: Arial, Liberation Sans, Bitstream Vera Sans, sans-serif
2025-08-19 00:06:45,667:WARNING:findfont: Generic family 'sans-serif' not found because none of the following families were found: Arial, Liberation Sans, Bitstream Vera Sans, sans-serif
2025-08-19 00:06:45,667:WARNING:findfont: Generic family 'sans-serif' not found because none of the following families were found: Arial, Liberation Sans, Bitstream Vera Sans, sans-serif
2025-08-19 00:06:45,668:WARNING:findfont: Generic family 'sans-serif' not found because none of the following families were found: Arial, Liberation Sans, Bitstream Vera Sans, sans-serif
2025-08-19 00:06:45,669:WARNING:findfont: Generic family 'sans-serif' not found because none of the following families were found: Arial, Liberation Sans, Bitstream Vera Sans, sans-serif
2025-08-19 00:06:45,670:WARNING:findfont: Generic family 'sans-serif' not found because none of the following families were found: Arial, Liberation Sans, Bitstream Vera Sans, sans-serif
2025-08-19 00:06:45,670:WARNING:findfont: Generic family 'sans-serif' not found because none of the following families were found: Arial, Liberation Sans, Bitstream Vera Sans, sans-serif
2025-08-19 00:06:45,671:WARNING:findfont: Generic family 'sans-serif' not found because none of the following families were found: Arial, Liberation Sans, Bitstream Vera Sans, sans-serif
2025-08-19 00:06:45,672:WARNING:findfont: Generic family 'sans-serif' not found because none of the following families were found: Arial, Liberation Sans, Bitstream Vera Sans, sans-serif
2025-08-19 00:06:45,672:WARNING:findfont: Generic family 'sans-serif' not found because none of the following families were found: Arial, Liberation Sans, Bitstream Vera Sans, sans-serif
2025-08-19 00:06:45,673:WARNING:findfont: Generic family 'sans-serif' not found because none of the following families were found: Arial, Liberation Sans, Bitstream Vera Sans, sans-serif
2025-08-19 00:06:45,674:WARNING:findfont: Generic family 'sans-serif' not found because none of the following families were found: Arial, Liberation Sans, Bitstream Vera Sans, sans-serif
2025-08-19 00:06:45,677:WARNING:findfont: Generic family 'sans-serif' not found because none of the following families were found: Arial, Liberation Sans, Bitstream Vera Sans, sans-serif
2025-08-19 00:06:45,677:WARNING:findfont: Generic family 'sans-serif' not found because none of the following families were found: Arial, Liberation Sans, Bitstream Vera Sans, sans-serif
2025-08-19 00:06:45,678:WARNING:findfont: Generic family 'sans-serif' not found because none of the following families were found: Arial, Liberation Sans, Bitstream Vera Sans, sans-serif
2025-08-19 00:06:45,678:WARNING:findfont: Generic family 'sans-serif' not found because none of the following families were found: Arial, Liberation Sans, Bitstream Vera Sans, sans-serif
2025-08-19 00:06:45,680:WARNING:findfont: Generic family 'sans-serif' not found because none of the following families were found: Arial, Liberation Sans, Bitstream Vera Sans, sans-serif
2025-08-19 00:06:45,681:WARNING:findfont: Generic family 'sans-serif' not found because none of the following families were found: Arial, Liberation Sans, Bitstream Vera Sans, sans-serif
2025-08-19 00:06:45,681:WARNING:findfont: Generic family 'sans-serif' not found because none of the following families were found: Arial, Liberation Sans, Bitstream Vera Sans, sans-serif
2025-08-19 00:06:45,682:WARNING:findfont: Generic family 'sans-serif' not found because none of the following families were found: Arial, Liberation Sans, Bitstream Vera Sans, sans-serif
2025-08-19 00:06:45,682:WARNING:findfont: Generic family 'sans-serif' not found because none of the following families were found: Arial, Liberation Sans, Bitstream Vera Sans, sans-serif
2025-08-19 00:06:45,682:WARNING:findfont: Generic family 'sans-serif' not found because none of the following families were found: Arial, Liberation Sans, Bitstream Vera Sans, sans-serif
2025-08-19 00:06:45,683:WARNING:findfont: Generic family 'sans-serif' not found because none of the following families were found: Arial, Liberation Sans, Bitstream Vera Sans, sans-serif
2025-08-19 00:06:45,683:WARNING:findfont: Generic family 'sans-serif' not found because none of the following families were found: Arial, Liberation Sans, Bitstream Vera Sans, sans-serif
2025-08-19 00:06:45,683:WARNING:findfont: Generic family 'sans-serif' not found because none of the following families were found: Arial, Liberation Sans, Bitstream Vera Sans, sans-serif
2025-08-19 00:06:45,684:WARNING:findfont: Generic family 'sans-serif' not found because none of the following families were found: Arial, Liberation Sans, Bitstream Vera Sans, sans-serif
2025-08-19 00:06:45,685:WARNING:findfont: Generic family 'sans-serif' not found because none of the following families were found: Arial, Liberation Sans, Bitstream Vera Sans, sans-serif
2025-08-19 00:06:45,686:WARNING:findfont: Generic family 'sans-serif' not found because none of the following families were found: Arial, Liberation Sans, Bitstream Vera Sans, sans-serif
2025-08-19 00:06:45,687:WARNING:findfont: Generic family 'sans-serif' not found because none of the following families were found: Arial, Liberation Sans, Bitstream Vera Sans, sans-serif
2025-08-19 00:06:45,688:WARNING:findfont: Generic family 'sans-serif' not found because none of the following families were found: Arial, Liberation Sans, Bitstream Vera Sans, sans-serif
2025-08-19 00:06:45,688:WARNING:findfont: Generic family 'sans-serif' not found because none of the following families were found: Arial, Liberation Sans, Bitstream Vera Sans, sans-serif
2025-08-19 00:06:45,689:WARNING:findfont: Generic family 'sans-serif' not found because none of the following families were found: Arial, Liberation Sans, Bitstream Vera Sans, sans-serif
2025-08-19 00:06:45,690:WARNING:findfont: Generic family 'sans-serif' not found because none of the following families were found: Arial, Liberation Sans, Bitstream Vera Sans, sans-serif
2025-08-19 00:06:45,691:WARNING:findfont: Generic family 'sans-serif' not found because none of the following families were found: Arial, Liberation Sans, Bitstream Vera Sans, sans-serif
2025-08-19 00:06:45,695:WARNING:findfont: Generic family 'sans-serif' not found because none of the following families were found: Arial, Liberation Sans, Bitstream Vera Sans, sans-serif
2025-08-19 00:06:45,695:WARNING:findfont: Generic family 'sans-serif' not found because none of the following families were found: Arial, Liberation Sans, Bitstream Vera Sans, sans-serif
2025-08-19 00:06:45,698:WARNING:findfont: Generic family 'sans-serif' not found because none of the following families were found: Arial, Liberation Sans, Bitstream Vera Sans, sans-serif
2025-08-19 00:06:45,700:WARNING:findfont: Generic family 'sans-serif' not found because none of the following families were found: Arial, Liberation Sans, Bitstream Vera Sans, sans-serif
2025-08-19 00:06:45,701:WARNING:findfont: Generic family 'sans-serif' not found because none of the following families were found: Arial, Liberation Sans, Bitstream Vera Sans, sans-serif
2025-08-19 00:06:45,702:WARNING:findfont: Generic family 'sans-serif' not found because none of the following families were found: Arial, Liberation Sans, Bitstream Vera Sans, sans-serif
2025-08-19 00:06:45,703:WARNING:findfont: Generic family 'sans-serif' not found because none of the following families were found: Arial, Liberation Sans, Bitstream Vera Sans, sans-serif
2025-08-19 00:06:45,704:WARNING:findfont: Generic family 'sans-serif' not found because none of the following families were found: Arial, Liberation Sans, Bitstream Vera Sans, sans-serif
2025-08-19 00:06:45,705:WARNING:findfont: Generic family 'sans-serif' not found because none of the following families were found: Arial, Liberation Sans, Bitstream Vera Sans, sans-serif
2025-08-19 00:06:45,706:WARNING:findfont: Generic family 'sans-serif' not found because none of the following families were found: Arial, Liberation Sans, Bitstream Vera Sans, sans-serif
2025-08-19 00:06:45,707:WARNING:findfont: Generic family 'sans-serif' not found because none of the following families were found: Arial, Liberation Sans, Bitstream Vera Sans, sans-serif
2025-08-19 00:06:45,708:WARNING:findfont: Generic family 'sans-serif' not found because none of the following families were found: Arial, Liberation Sans, Bitstream Vera Sans, sans-serif
2025-08-19 00:06:45,711:WARNING:findfont: Generic family 'sans-serif' not found because none of the following families were found: Arial, Liberation Sans, Bitstream Vera Sans, sans-serif
2025-08-19 00:06:45,713:WARNING:findfont: Generic family 'sans-serif' not found because none of the following families were found: Arial, Liberation Sans, Bitstream Vera Sans, sans-serif
2025-08-19 00:06:45,714:INFO:Visual Rendered Successfully
2025-08-19 00:06:45,905:INFO:plot_model() successfully completed......................................
2025-08-19 00:06:45,915:INFO:Initializing save_model()
2025-08-19 00:06:45,915:INFO:save_model(model=Pipeline(memory=Memory(location=None),
         steps=[('numerical_imputer',
                 TransformerWrapper(exclude=None,
                                    include=['having_IP_Address', 'URL_Length',
                                             'Shortining_Service',
                                             'having_At_Symbol',
                                             'double_slash_redirecting',
                                             'Prefix_Suffix',
                                             'having_Sub_Domain',
                                             'SSLfinal_State', 'URL_of_Anchor',
                                             'Links_in_tags', 'SFH',
                                             'Abnormal_URL',
                                             'has_political_keyword'],
                                    transformer=...
                 RandomForestClassifier(bootstrap=True, ccp_alpha=0.0,
                                        class_weight=None, criterion='gini',
                                        max_depth=None, max_features='sqrt',
                                        max_leaf_nodes=None, max_samples=None,
                                        min_impurity_decrease=0.0,
                                        min_samples_leaf=1, min_samples_split=2,
                                        min_weight_fraction_leaf=0.0,
                                        monotonic_cst=None, n_estimators=100,
                                        n_jobs=-1, oob_score=False,
                                        random_state=42, verbose=0,
                                        warm_start=False))],
         verbose=False), model_name=models/phishing_url_detector, prep_pipe_=Pipeline(memory=FastMemory(location=/tmp/joblib),
         steps=[('numerical_imputer',
                 TransformerWrapper(exclude=None,
                                    include=['having_IP_Address', 'URL_Length',
                                             'Shortining_Service',
                                             'having_At_Symbol',
                                             'double_slash_redirecting',
                                             'Prefix_Suffix',
                                             'having_Sub_Domain',
                                             'SSLfinal_State', 'URL_of_Anchor',
                                             'Links_in_tags', 'SFH',
                                             'Abnormal_URL',
                                             'has_political_keyword'],
                                    t...
                                                              copy=True,
                                                              fill_value=None,
                                                              keep_empty_features=False,
                                                              missing_values=nan,
                                                              strategy='most_frequent'))),
                ('onehot_encoding',
                 TransformerWrapper(exclude=None, include=['threat_actor'],
                                    transformer=OneHotEncoder(cols=['threat_actor'],
                                                              drop_invariant=False,
                                                              handle_missing='return_nan',
                                                              handle_unknown='value',
                                                              return_df=True,
                                                              use_cat_names=True,
                                                              verbose=0)))],
         verbose=False), verbose=True, use_case=MLUsecase.CLASSIFICATION, kwargs={})
2025-08-19 00:06:45,915:INFO:Adding model into prep_pipe
2025-08-19 00:06:45,915:WARNING:Only Model saved as it was a pipeline.
2025-08-19 00:06:45,944:INFO:models/phishing_url_detector.pkl saved in current working directory
2025-08-19 00:06:45,949:INFO:Pipeline(memory=Memory(location=None),
         steps=[('numerical_imputer',
                 TransformerWrapper(exclude=None,
                                    include=['having_IP_Address', 'URL_Length',
                                             'Shortining_Service',
                                             'having_At_Symbol',
                                             'double_slash_redirecting',
                                             'Prefix_Suffix',
                                             'having_Sub_Domain',
                                             'SSLfinal_State', 'URL_of_Anchor',
                                             'Links_in_tags', 'SFH',
                                             'Abnormal_URL',
                                             'has_political_keyword'],
                                    transformer=...
                 RandomForestClassifier(bootstrap=True, ccp_alpha=0.0,
                                        class_weight=None, criterion='gini',
                                        max_depth=None, max_features='sqrt',
                                        max_leaf_nodes=None, max_samples=None,
                                        min_impurity_decrease=0.0,
                                        min_samples_leaf=1, min_samples_split=2,
                                        min_weight_fraction_leaf=0.0,
                                        monotonic_cst=None, n_estimators=100,
                                        n_jobs=-1, oob_score=False,
                                        random_state=42, verbose=0,
                                        warm_start=False))],
         verbose=False)
2025-08-19 00:06:45,949:INFO:save_model() successfully completed......................................
2025-08-19 01:56:30,987:WARNING:
'cuml' is a soft dependency and not included in the pycaret installation. Please run: `pip install cuml` to install.
2025-08-19 01:56:30,987:WARNING:
'cuml' is a soft dependency and not included in the pycaret installation. Please run: `pip install cuml` to install.
2025-08-19 01:56:30,987:WARNING:
'cuml' is a soft dependency and not included in the pycaret installation. Please run: `pip install cuml` to install.
2025-08-19 01:56:30,987:WARNING:
'cuml' is a soft dependency and not included in the pycaret installation. Please run: `pip install cuml` to install.
2025-08-19 01:59:14,094:WARNING:
'cuml' is a soft dependency and not included in the pycaret installation. Please run: `pip install cuml` to install.
2025-08-19 01:59:14,094:WARNING:
'cuml' is a soft dependency and not included in the pycaret installation. Please run: `pip install cuml` to install.
2025-08-19 01:59:14,094:WARNING:
'cuml' is a soft dependency and not included in the pycaret installation. Please run: `pip install cuml` to install.
2025-08-19 01:59:14,094:WARNING:
'cuml' is a soft dependency and not included in the pycaret installation. Please run: `pip install cuml` to install.
2025-08-19 01:59:15,523:INFO:PyCaret ClusteringExperiment
2025-08-19 01:59:15,523:INFO:Logging name: cluster-default-name
2025-08-19 01:59:15,523:INFO:ML Usecase: MLUsecase.CLUSTERING
2025-08-19 01:59:15,523:INFO:version 3.3.2
2025-08-19 01:59:15,523:INFO:Initializing setup()
2025-08-19 01:59:15,523:INFO:self.USI: 85f4
2025-08-19 01:59:15,524:INFO:self._variable_keys: {'data', 'exp_id', 'n_jobs_param', 'html_param', 'idx', '_ml_usecase', 'gpu_n_jobs_param', 'log_plots_param', 'pipeline', '_available_plots', 'X', 'seed', 'gpu_param', 'exp_name_log', 'memory', 'USI', 'logging_param'}
2025-08-19 01:59:15,524:INFO:Checking environment
2025-08-19 01:59:15,524:INFO:python_version: 3.11.13
2025-08-19 01:59:15,524:INFO:python_build: ('main', 'Aug 12 2025 22:45:40')
2025-08-19 01:59:15,524:INFO:machine: x86_64
2025-08-19 01:59:15,524:INFO:platform: Linux-6.8.0-1029-aws-x86_64-with-glibc2.41
2025-08-19 01:59:15,524:INFO:Memory: svmem(total=2003431424, available=1295921152, percent=35.3, used=489828352, free=562610176, active=614158336, inactive=500645888, buffers=53219328, cached=897773568, shared=2973696, slab=235397120)
2025-08-19 01:59:15,524:INFO:Physical Core: 1
2025-08-19 01:59:15,524:INFO:Logical Core: 2
2025-08-19 01:59:15,524:INFO:Checking libraries
2025-08-19 01:59:15,524:INFO:System:
2025-08-19 01:59:15,525:INFO:    python: 3.11.13 (main, Aug 12 2025, 22:45:40) [GCC 14.2.0]
2025-08-19 01:59:15,525:INFO:executable: /usr/local/bin/python
2025-08-19 01:59:15,525:INFO:   machine: Linux-6.8.0-1029-aws-x86_64-with-glibc2.41
2025-08-19 01:59:15,525:INFO:PyCaret required dependencies:
2025-08-19 01:59:16,257:INFO:                 pip: 24.0
2025-08-19 01:59:16,257:INFO:          setuptools: 80.9.0
2025-08-19 01:59:16,257:INFO:             pycaret: 3.3.2
2025-08-19 01:59:16,257:INFO:             IPython: 9.4.0
2025-08-19 01:59:16,257:INFO:          ipywidgets: 8.1.7
2025-08-19 01:59:16,257:INFO:                tqdm: 4.67.1
2025-08-19 01:59:16,257:INFO:               numpy: 1.26.4
2025-08-19 01:59:16,257:INFO:              pandas: 2.1.4
2025-08-19 01:59:16,257:INFO:              jinja2: 3.1.6
2025-08-19 01:59:16,257:INFO:               scipy: 1.11.4
2025-08-19 01:59:16,258:INFO:              joblib: 1.3.2
2025-08-19 01:59:16,258:INFO:             sklearn: 1.4.2
2025-08-19 01:59:16,258:INFO:                pyod: 2.0.5
2025-08-19 01:59:16,258:INFO:            imblearn: 0.14.0
2025-08-19 01:59:16,258:INFO:   category_encoders: 2.7.0
2025-08-19 01:59:16,258:INFO:            lightgbm: 4.6.0
2025-08-19 01:59:16,258:INFO:               numba: 0.61.0
2025-08-19 01:59:16,258:INFO:            requests: 2.32.4
2025-08-19 01:59:16,258:INFO:          matplotlib: 3.7.5
2025-08-19 01:59:16,258:INFO:          scikitplot: 0.3.7
2025-08-19 01:59:16,258:INFO:         yellowbrick: 1.5
2025-08-19 01:59:16,258:INFO:              plotly: 5.24.1
2025-08-19 01:59:16,258:INFO:    plotly-resampler: Not installed
2025-08-19 01:59:16,258:INFO:             kaleido: 1.0.0
2025-08-19 01:59:16,258:INFO:           schemdraw: 0.15
2025-08-19 01:59:16,258:INFO:         statsmodels: 0.14.5
2025-08-19 01:59:16,258:INFO:              sktime: 0.26.0
2025-08-19 01:59:16,258:INFO:               tbats: 1.1.3
2025-08-19 01:59:16,258:INFO:            pmdarima: 2.0.4
2025-08-19 01:59:16,258:INFO:              psutil: 7.0.0
2025-08-19 01:59:16,258:INFO:          markupsafe: 3.0.2
2025-08-19 01:59:16,258:INFO:             pickle5: Not installed
2025-08-19 01:59:16,258:INFO:         cloudpickle: 3.1.1
2025-08-19 01:59:16,258:INFO:         deprecation: 2.1.0
2025-08-19 01:59:16,258:INFO:              xxhash: 3.5.0
2025-08-19 01:59:16,258:INFO:           wurlitzer: 3.1.1
2025-08-19 01:59:16,258:INFO:PyCaret optional dependencies:
2025-08-19 01:59:19,276:INFO:                shap: 0.44.1
2025-08-19 01:59:19,276:INFO:           interpret: 0.7.2
2025-08-19 01:59:19,276:INFO:                umap: 0.5.7
2025-08-19 01:59:19,276:INFO:     ydata_profiling: 4.16.1
2025-08-19 01:59:19,276:INFO:  explainerdashboard: 0.5.1
2025-08-19 01:59:19,276:INFO:             autoviz: Not installed
2025-08-19 01:59:19,276:INFO:           fairlearn: 0.7.0
2025-08-19 01:59:19,276:INFO:          deepchecks: Not installed
2025-08-19 01:59:19,276:INFO:             xgboost: 3.0.4
2025-08-19 01:59:19,276:INFO:            catboost: 1.2.8
2025-08-19 01:59:19,276:INFO:              kmodes: 0.12.2
2025-08-19 01:59:19,276:INFO:             mlxtend: 0.23.4
2025-08-19 01:59:19,276:INFO:       statsforecast: 1.5.0
2025-08-19 01:59:19,276:INFO:        tune_sklearn: Not installed
2025-08-19 01:59:19,276:INFO:                 ray: Not installed
2025-08-19 01:59:19,276:INFO:            hyperopt: 0.2.7
2025-08-19 01:59:19,276:INFO:              optuna: 4.5.0
2025-08-19 01:59:19,276:INFO:               skopt: 0.10.2
2025-08-19 01:59:19,276:INFO:              mlflow: 3.2.0
2025-08-19 01:59:19,276:INFO:              gradio: 5.42.0
2025-08-19 01:59:19,276:INFO:             fastapi: 0.116.1
2025-08-19 01:59:19,276:INFO:             uvicorn: 0.35.0
2025-08-19 01:59:19,276:INFO:              m2cgen: 0.10.0
2025-08-19 01:59:19,276:INFO:           evidently: 0.4.40
2025-08-19 01:59:19,276:INFO:               fugue: 0.8.7
2025-08-19 01:59:19,276:INFO:           streamlit: 1.48.1
2025-08-19 01:59:19,276:INFO:             prophet: Not installed
2025-08-19 01:59:19,276:INFO:None
2025-08-19 01:59:19,276:INFO:Set up data.
2025-08-19 01:59:19,281:INFO:Set up index.
2025-08-19 01:59:19,282:INFO:Assigning column types.
2025-08-19 01:59:19,284:INFO:Engine successfully changes for model 'kmeans' to 'sklearn'.
2025-08-19 01:59:19,285:INFO:Engine for model 'dbscan' has not been set explicitly, hence returning None.
2025-08-19 01:59:19,285:INFO:Soft dependency imported: kmodes: 0.12.2
2025-08-19 01:59:19,290:INFO:Engine for model 'dbscan' has not been set explicitly, hence returning None.
2025-08-19 01:59:19,290:INFO:Soft dependency imported: kmodes: 0.12.2
2025-08-19 01:59:19,290:INFO:Engine successfully changes for model 'dbscan' to 'sklearn'.
2025-08-19 01:59:19,290:INFO:Soft dependency imported: kmodes: 0.12.2
2025-08-19 01:59:19,290:INFO:Soft dependency imported: kmodes: 0.12.2
2025-08-19 01:59:19,292:INFO:Preparing preprocessing pipeline...
2025-08-19 01:59:19,292:INFO:Set up simple imputation.
2025-08-19 01:59:19,292:INFO:Set up feature normalization.
2025-08-19 01:59:19,310:INFO:Finished creating preprocessing pipeline.
2025-08-19 01:59:19,315:INFO:Pipeline: Pipeline(memory=FastMemory(location=/tmp/joblib),
         steps=[('numerical_imputer',
                 TransformerWrapper(include=['having_IP_Address', 'URL_Length',
                                             'Shortining_Service',
                                             'having_At_Symbol',
                                             'double_slash_redirecting',
                                             'Prefix_Suffix',
                                             'having_Sub_Domain',
                                             'SSLfinal_State', 'URL_of_Anchor',
                                             'Links_in_tags', 'SFH',
                                             'Abnormal_URL',
                                             'has_political_keyword'],
                                    transformer=SimpleImputer())),
                ('categorical_imputer',
                 TransformerWrapper(include=[],
                                    transformer=SimpleImputer(strategy='most_frequent'))),
                ('normalize',
                 TransformerWrapper(transformer=StandardScaler()))])
2025-08-19 01:59:19,315:INFO:Creating final display dataframe.
2025-08-19 01:59:19,335:INFO:Setup _display_container:                Description                 Value
0               Session id                    42
1      Original data shape             (498, 13)
2   Transformed data shape             (498, 13)
3         Numeric features                    13
4               Preprocess                  True
5          Imputation type                simple
6       Numeric imputation                  mean
7   Categorical imputation                  mode
8                Normalize                  True
9         Normalize method                zscore
10                CPU Jobs                    -1
11                 Use GPU                 False
12          Log Experiment                 False
13         Experiment Name  cluster-default-name
14                     USI                  85f4
2025-08-19 01:59:19,336:INFO:Soft dependency imported: kmodes: 0.12.2
2025-08-19 01:59:19,336:INFO:Soft dependency imported: kmodes: 0.12.2
2025-08-19 01:59:19,336:INFO:setup() successfully completed in 3.82s...............
2025-08-19 01:59:19,336:INFO:Initializing create_model()
2025-08-19 01:59:19,336:INFO:create_model(self=<pycaret.clustering.oop.ClusteringExperiment object at 0x775cde357bd0>, estimator=kmeans, num_clusters=3, fraction=0.05, ground_truth=None, round=4, fit_kwargs=None, experiment_custom_tags=None, verbose=True, system=True, add_to_model_list=True, raise_num_clusters=False, display=None, kwargs={})
2025-08-19 01:59:19,336:INFO:Checking exceptions
2025-08-19 01:59:19,353:INFO:Importing untrained model
2025-08-19 01:59:19,353:INFO:K-Means Clustering Imported successfully
2025-08-19 01:59:19,354:INFO:Fitting Model
2025-08-19 01:59:19,395:INFO:KMeans(n_clusters=3, random_state=42)
2025-08-19 01:59:19,395:INFO:create_models() successfully completed......................................
2025-08-19 01:59:19,395:INFO:Uploading results into container
2025-08-19 01:59:19,397:INFO:Uploading model into container now
2025-08-19 01:59:19,404:INFO:_master_model_container: 1
2025-08-19 01:59:19,404:INFO:_display_container: 2
2025-08-19 01:59:19,404:INFO:KMeans(n_clusters=3, random_state=42)
2025-08-19 01:59:19,404:INFO:create_model() successfully completed......................................
2025-08-19 01:59:19,588:INFO:Initializing plot_model()
2025-08-19 01:59:19,588:INFO:plot_model(self=<pycaret.clustering.oop.ClusteringExperiment object at 0x775cde357bd0>, estimator=KMeans(n_clusters=3, random_state=42), plot=silhouette, scale=1, save=True, fold=None, fit_kwargs=None, plot_kwargs=None, groups=None, feature_name=None, label=False, verbose=True, system=True, display=None, display_format=None)
2025-08-19 01:59:19,588:INFO:Checking exceptions
2025-08-19 01:59:19,589:INFO:Preloading libraries
2025-08-19 01:59:19,589:INFO:Copying training dataset
2025-08-19 01:59:19,589:INFO:Plot type: silhouette
2025-08-19 01:59:19,644:INFO:Fitting Model
2025-08-19 01:59:19,644:WARNING:/usr/local/lib/python3.11/site-packages/sklearn/base.py:493: UserWarning: X does not have valid feature names, but KMeans was fitted with feature names

2025-08-19 01:59:19,697:INFO:Saving 'Silhouette Plot.png'
2025-08-19 01:59:19,707:WARNING:findfont: Generic family 'sans-serif' not found because none of the following families were found: Arial, Liberation Sans, Bitstream Vera Sans, sans-serif
2025-08-19 01:59:19,710:WARNING:findfont: Generic family 'sans-serif' not found because none of the following families were found: Arial, Liberation Sans, Bitstream Vera Sans, sans-serif
2025-08-19 01:59:19,711:WARNING:findfont: Generic family 'sans-serif' not found because none of the following families were found: Arial, Liberation Sans, Bitstream Vera Sans, sans-serif
2025-08-19 01:59:19,712:WARNING:findfont: Generic family 'sans-serif' not found because none of the following families were found: Arial, Liberation Sans, Bitstream Vera Sans, sans-serif
2025-08-19 01:59:19,715:WARNING:findfont: Generic family 'sans-serif' not found because none of the following families were found: Arial, Liberation Sans, Bitstream Vera Sans, sans-serif
2025-08-19 01:59:19,716:WARNING:findfont: Generic family 'sans-serif' not found because none of the following families were found: Arial, Liberation Sans, Bitstream Vera Sans, sans-serif
2025-08-19 01:59:19,718:WARNING:findfont: Generic family 'sans-serif' not found because none of the following families were found: Arial, Liberation Sans, Bitstream Vera Sans, sans-serif
2025-08-19 01:59:19,718:WARNING:findfont: Generic family 'sans-serif' not found because none of the following families were found: Arial, Liberation Sans, Bitstream Vera Sans, sans-serif
2025-08-19 01:59:19,737:WARNING:findfont: Generic family 'sans-serif' not found because none of the following families were found: Arial, Liberation Sans, Bitstream Vera Sans, sans-serif
2025-08-19 01:59:19,740:WARNING:findfont: Generic family 'sans-serif' not found because none of the following families were found: Arial, Liberation Sans, Bitstream Vera Sans, sans-serif
2025-08-19 01:59:19,741:WARNING:findfont: Generic family 'sans-serif' not found because none of the following families were found: Arial, Liberation Sans, Bitstream Vera Sans, sans-serif
2025-08-19 01:59:19,741:WARNING:findfont: Generic family 'sans-serif' not found because none of the following families were found: Arial, Liberation Sans, Bitstream Vera Sans, sans-serif
2025-08-19 01:59:19,742:WARNING:findfont: Generic family 'sans-serif' not found because none of the following families were found: Arial, Liberation Sans, Bitstream Vera Sans, sans-serif
2025-08-19 01:59:19,743:WARNING:findfont: Generic family 'sans-serif' not found because none of the following families were found: Arial, Liberation Sans, Bitstream Vera Sans, sans-serif
2025-08-19 01:59:19,743:WARNING:findfont: Generic family 'sans-serif' not found because none of the following families were found: Arial, Liberation Sans, Bitstream Vera Sans, sans-serif
2025-08-19 01:59:19,744:WARNING:findfont: Generic family 'sans-serif' not found because none of the following families were found: Arial, Liberation Sans, Bitstream Vera Sans, sans-serif
2025-08-19 01:59:19,744:WARNING:findfont: Generic family 'sans-serif' not found because none of the following families were found: Arial, Liberation Sans, Bitstream Vera Sans, sans-serif
2025-08-19 01:59:19,756:WARNING:findfont: Generic family 'sans-serif' not found because none of the following families were found: Arial, Liberation Sans, Bitstream Vera Sans, sans-serif
2025-08-19 01:59:19,768:WARNING:findfont: Generic family 'sans-serif' not found because none of the following families were found: Arial, Liberation Sans, Bitstream Vera Sans, sans-serif
2025-08-19 01:59:19,768:WARNING:findfont: Generic family 'sans-serif' not found because none of the following families were found: Arial, Liberation Sans, Bitstream Vera Sans, sans-serif
2025-08-19 01:59:19,771:WARNING:findfont: Generic family 'sans-serif' not found because none of the following families were found: Arial, Liberation Sans, Bitstream Vera Sans, sans-serif
2025-08-19 01:59:19,773:WARNING:findfont: Generic family 'sans-serif' not found because none of the following families were found: Arial, Liberation Sans, Bitstream Vera Sans, sans-serif
2025-08-19 01:59:19,774:WARNING:findfont: Generic family 'sans-serif' not found because none of the following families were found: Arial, Liberation Sans, Bitstream Vera Sans, sans-serif
2025-08-19 01:59:19,774:WARNING:findfont: Generic family 'sans-serif' not found because none of the following families were found: Arial, Liberation Sans, Bitstream Vera Sans, sans-serif
2025-08-19 01:59:19,798:WARNING:findfont: Generic family 'sans-serif' not found because none of the following families were found: Arial, Liberation Sans, Bitstream Vera Sans, sans-serif
2025-08-19 01:59:19,805:WARNING:findfont: Generic family 'sans-serif' not found because none of the following families were found: Arial, Liberation Sans, Bitstream Vera Sans, sans-serif
2025-08-19 01:59:19,817:WARNING:findfont: Generic family 'sans-serif' not found because none of the following families were found: Arial, Liberation Sans, Bitstream Vera Sans, sans-serif
2025-08-19 01:59:19,823:WARNING:findfont: Generic family 'sans-serif' not found because none of the following families were found: Arial, Liberation Sans, Bitstream Vera Sans, sans-serif
2025-08-19 01:59:19,824:WARNING:findfont: Generic family 'sans-serif' not found because none of the following families were found: Arial, Liberation Sans, Bitstream Vera Sans, sans-serif
2025-08-19 01:59:19,824:WARNING:findfont: Generic family 'sans-serif' not found because none of the following families were found: Arial, Liberation Sans, Bitstream Vera Sans, sans-serif
2025-08-19 01:59:19,825:WARNING:findfont: Generic family 'sans-serif' not found because none of the following families were found: Arial, Liberation Sans, Bitstream Vera Sans, sans-serif
2025-08-19 01:59:19,827:WARNING:findfont: Generic family 'sans-serif' not found because none of the following families were found: Arial, Liberation Sans, Bitstream Vera Sans, sans-serif
2025-08-19 01:59:19,828:WARNING:findfont: Generic family 'sans-serif' not found because none of the following families were found: Arial, Liberation Sans, Bitstream Vera Sans, sans-serif
2025-08-19 01:59:19,829:WARNING:findfont: Generic family 'sans-serif' not found because none of the following families were found: Arial, Liberation Sans, Bitstream Vera Sans, sans-serif
2025-08-19 01:59:19,829:WARNING:findfont: Generic family 'sans-serif' not found because none of the following families were found: Arial, Liberation Sans, Bitstream Vera Sans, sans-serif
2025-08-19 01:59:19,834:WARNING:findfont: Generic family 'sans-serif' not found because none of the following families were found: Arial, Liberation Sans, Bitstream Vera Sans, sans-serif
2025-08-19 01:59:19,835:WARNING:findfont: Generic family 'sans-serif' not found because none of the following families were found: Arial, Liberation Sans, Bitstream Vera Sans, sans-serif
2025-08-19 01:59:19,836:WARNING:findfont: Generic family 'sans-serif' not found because none of the following families were found: Arial, Liberation Sans, Bitstream Vera Sans, sans-serif
2025-08-19 01:59:19,837:WARNING:findfont: Generic family 'sans-serif' not found because none of the following families were found: Arial, Liberation Sans, Bitstream Vera Sans, sans-serif
2025-08-19 01:59:19,837:WARNING:findfont: Generic family 'sans-serif' not found because none of the following families were found: Arial, Liberation Sans, Bitstream Vera Sans, sans-serif
2025-08-19 01:59:19,838:WARNING:findfont: Generic family 'sans-serif' not found because none of the following families were found: Arial, Liberation Sans, Bitstream Vera Sans, sans-serif
2025-08-19 01:59:19,838:WARNING:findfont: Generic family 'sans-serif' not found because none of the following families were found: Arial, Liberation Sans, Bitstream Vera Sans, sans-serif
2025-08-19 01:59:19,839:WARNING:findfont: Generic family 'sans-serif' not found because none of the following families were found: Arial, Liberation Sans, Bitstream Vera Sans, sans-serif
2025-08-19 01:59:19,840:WARNING:findfont: Generic family 'sans-serif' not found because none of the following families were found: Arial, Liberation Sans, Bitstream Vera Sans, sans-serif
2025-08-19 01:59:19,841:WARNING:findfont: Generic family 'sans-serif' not found because none of the following families were found: Arial, Liberation Sans, Bitstream Vera Sans, sans-serif
2025-08-19 01:59:19,843:WARNING:findfont: Generic family 'sans-serif' not found because none of the following families were found: Arial, Liberation Sans, Bitstream Vera Sans, sans-serif
2025-08-19 01:59:19,845:WARNING:findfont: Generic family 'sans-serif' not found because none of the following families were found: Arial, Liberation Sans, Bitstream Vera Sans, sans-serif
2025-08-19 01:59:19,846:WARNING:findfont: Generic family 'sans-serif' not found because none of the following families were found: Arial, Liberation Sans, Bitstream Vera Sans, sans-serif
2025-08-19 01:59:19,847:WARNING:findfont: Generic family 'sans-serif' not found because none of the following families were found: Arial, Liberation Sans, Bitstream Vera Sans, sans-serif
2025-08-19 01:59:19,849:WARNING:findfont: Generic family 'sans-serif' not found because none of the following families were found: Arial, Liberation Sans, Bitstream Vera Sans, sans-serif
2025-08-19 01:59:19,850:WARNING:findfont: Generic family 'sans-serif' not found because none of the following families were found: Arial, Liberation Sans, Bitstream Vera Sans, sans-serif
2025-08-19 01:59:19,851:WARNING:findfont: Generic family 'sans-serif' not found because none of the following families were found: Arial, Liberation Sans, Bitstream Vera Sans, sans-serif
2025-08-19 01:59:19,852:WARNING:findfont: Generic family 'sans-serif' not found because none of the following families were found: Arial, Liberation Sans, Bitstream Vera Sans, sans-serif
2025-08-19 01:59:19,858:WARNING:findfont: Generic family 'sans-serif' not found because none of the following families were found: Arial, Liberation Sans, Bitstream Vera Sans, sans-serif
2025-08-19 01:59:19,860:WARNING:findfont: Generic family 'sans-serif' not found because none of the following families were found: Arial, Liberation Sans, Bitstream Vera Sans, sans-serif
2025-08-19 01:59:19,864:WARNING:findfont: Generic family 'sans-serif' not found because none of the following families were found: Arial, Liberation Sans, Bitstream Vera Sans, sans-serif
2025-08-19 01:59:19,865:WARNING:findfont: Generic family 'sans-serif' not found because none of the following families were found: Arial, Liberation Sans, Bitstream Vera Sans, sans-serif
2025-08-19 01:59:19,867:WARNING:findfont: Generic family 'sans-serif' not found because none of the following families were found: Arial, Liberation Sans, Bitstream Vera Sans, sans-serif
2025-08-19 01:59:19,869:WARNING:findfont: Generic family 'sans-serif' not found because none of the following families were found: Arial, Liberation Sans, Bitstream Vera Sans, sans-serif
2025-08-19 01:59:19,877:WARNING:findfont: Generic family 'sans-serif' not found because none of the following families were found: Arial, Liberation Sans, Bitstream Vera Sans, sans-serif
2025-08-19 01:59:19,881:WARNING:findfont: Generic family 'sans-serif' not found because none of the following families were found: Arial, Liberation Sans, Bitstream Vera Sans, sans-serif
2025-08-19 01:59:19,881:WARNING:findfont: Generic family 'sans-serif' not found because none of the following families were found: Arial, Liberation Sans, Bitstream Vera Sans, sans-serif
2025-08-19 01:59:19,884:WARNING:findfont: Generic family 'sans-serif' not found because none of the following families were found: Arial, Liberation Sans, Bitstream Vera Sans, sans-serif
2025-08-19 01:59:19,885:WARNING:findfont: Generic family 'sans-serif' not found because none of the following families were found: Arial, Liberation Sans, Bitstream Vera Sans, sans-serif
2025-08-19 01:59:19,886:WARNING:findfont: Generic family 'sans-serif' not found because none of the following families were found: Arial, Liberation Sans, Bitstream Vera Sans, sans-serif
2025-08-19 01:59:19,887:WARNING:findfont: Generic family 'sans-serif' not found because none of the following families were found: Arial, Liberation Sans, Bitstream Vera Sans, sans-serif
2025-08-19 01:59:19,888:WARNING:findfont: Generic family 'sans-serif' not found because none of the following families were found: Arial, Liberation Sans, Bitstream Vera Sans, sans-serif
2025-08-19 01:59:19,933:WARNING:findfont: Generic family 'sans-serif' not found because none of the following families were found: Arial, Liberation Sans, Bitstream Vera Sans, sans-serif
2025-08-19 01:59:19,933:WARNING:findfont: Generic family 'sans-serif' not found because none of the following families were found: Arial, Liberation Sans, Bitstream Vera Sans, sans-serif
2025-08-19 01:59:19,933:WARNING:findfont: Generic family 'sans-serif' not found because none of the following families were found: Arial, Liberation Sans, Bitstream Vera Sans, sans-serif
2025-08-19 01:59:19,934:WARNING:findfont: Generic family 'sans-serif' not found because none of the following families were found: Arial, Liberation Sans, Bitstream Vera Sans, sans-serif
2025-08-19 01:59:19,935:WARNING:findfont: Generic family 'sans-serif' not found because none of the following families were found: Arial, Liberation Sans, Bitstream Vera Sans, sans-serif
2025-08-19 01:59:19,935:WARNING:findfont: Generic family 'sans-serif' not found because none of the following families were found: Arial, Liberation Sans, Bitstream Vera Sans, sans-serif
2025-08-19 01:59:19,936:WARNING:findfont: Generic family 'sans-serif' not found because none of the following families were found: Arial, Liberation Sans, Bitstream Vera Sans, sans-serif
2025-08-19 01:59:19,936:WARNING:findfont: Generic family 'sans-serif' not found because none of the following families were found: Arial, Liberation Sans, Bitstream Vera Sans, sans-serif
2025-08-19 01:59:19,939:WARNING:findfont: Generic family 'sans-serif' not found because none of the following families were found: Arial, Liberation Sans, Bitstream Vera Sans, sans-serif
2025-08-19 01:59:19,939:WARNING:findfont: Generic family 'sans-serif' not found because none of the following families were found: Arial, Liberation Sans, Bitstream Vera Sans, sans-serif
2025-08-19 01:59:19,940:WARNING:findfont: Generic family 'sans-serif' not found because none of the following families were found: Arial, Liberation Sans, Bitstream Vera Sans, sans-serif
2025-08-19 01:59:19,940:WARNING:findfont: Generic family 'sans-serif' not found because none of the following families were found: Arial, Liberation Sans, Bitstream Vera Sans, sans-serif
2025-08-19 01:59:19,941:WARNING:findfont: Generic family 'sans-serif' not found because none of the following families were found: Arial, Liberation Sans, Bitstream Vera Sans, sans-serif
2025-08-19 01:59:19,941:WARNING:findfont: Generic family 'sans-serif' not found because none of the following families were found: Arial, Liberation Sans, Bitstream Vera Sans, sans-serif
2025-08-19 01:59:19,941:WARNING:findfont: Generic family 'sans-serif' not found because none of the following families were found: Arial, Liberation Sans, Bitstream Vera Sans, sans-serif
2025-08-19 01:59:19,942:WARNING:findfont: Generic family 'sans-serif' not found because none of the following families were found: Arial, Liberation Sans, Bitstream Vera Sans, sans-serif
2025-08-19 01:59:19,942:WARNING:findfont: Generic family 'sans-serif' not found because none of the following families were found: Arial, Liberation Sans, Bitstream Vera Sans, sans-serif
2025-08-19 01:59:19,943:WARNING:findfont: Generic family 'sans-serif' not found because none of the following families were found: Arial, Liberation Sans, Bitstream Vera Sans, sans-serif
2025-08-19 01:59:19,944:WARNING:findfont: Generic family 'sans-serif' not found because none of the following families were found: Arial, Liberation Sans, Bitstream Vera Sans, sans-serif
2025-08-19 01:59:19,945:WARNING:findfont: Generic family 'sans-serif' not found because none of the following families were found: Arial, Liberation Sans, Bitstream Vera Sans, sans-serif
2025-08-19 01:59:19,945:WARNING:findfont: Generic family 'sans-serif' not found because none of the following families were found: Arial, Liberation Sans, Bitstream Vera Sans, sans-serif
2025-08-19 01:59:19,946:WARNING:findfont: Generic family 'sans-serif' not found because none of the following families were found: Arial, Liberation Sans, Bitstream Vera Sans, sans-serif
2025-08-19 01:59:19,947:WARNING:findfont: Generic family 'sans-serif' not found because none of the following families were found: Arial, Liberation Sans, Bitstream Vera Sans, sans-serif
2025-08-19 01:59:19,948:WARNING:findfont: Generic family 'sans-serif' not found because none of the following families were found: Arial, Liberation Sans, Bitstream Vera Sans, sans-serif
2025-08-19 01:59:19,949:WARNING:findfont: Generic family 'sans-serif' not found because none of the following families were found: Arial, Liberation Sans, Bitstream Vera Sans, sans-serif
2025-08-19 01:59:19,949:WARNING:findfont: Generic family 'sans-serif' not found because none of the following families were found: Arial, Liberation Sans, Bitstream Vera Sans, sans-serif
2025-08-19 01:59:19,952:WARNING:findfont: Generic family 'sans-serif' not found because none of the following families were found: Arial, Liberation Sans, Bitstream Vera Sans, sans-serif
2025-08-19 01:59:19,953:WARNING:findfont: Generic family 'sans-serif' not found because none of the following families were found: Arial, Liberation Sans, Bitstream Vera Sans, sans-serif
2025-08-19 01:59:19,956:WARNING:findfont: Generic family 'sans-serif' not found because none of the following families were found: Arial, Liberation Sans, Bitstream Vera Sans, sans-serif
2025-08-19 01:59:19,956:WARNING:findfont: Generic family 'sans-serif' not found because none of the following families were found: Arial, Liberation Sans, Bitstream Vera Sans, sans-serif
2025-08-19 01:59:19,957:WARNING:findfont: Generic family 'sans-serif' not found because none of the following families were found: Arial, Liberation Sans, Bitstream Vera Sans, sans-serif
2025-08-19 01:59:19,959:WARNING:findfont: Generic family 'sans-serif' not found because none of the following families were found: Arial, Liberation Sans, Bitstream Vera Sans, sans-serif
2025-08-19 01:59:19,963:WARNING:findfont: Generic family 'sans-serif' not found because none of the following families were found: Arial, Liberation Sans, Bitstream Vera Sans, sans-serif
2025-08-19 01:59:19,965:WARNING:findfont: Generic family 'sans-serif' not found because none of the following families were found: Arial, Liberation Sans, Bitstream Vera Sans, sans-serif
2025-08-19 01:59:19,966:WARNING:findfont: Generic family 'sans-serif' not found because none of the following families were found: Arial, Liberation Sans, Bitstream Vera Sans, sans-serif
2025-08-19 01:59:19,967:WARNING:findfont: Generic family 'sans-serif' not found because none of the following families were found: Arial, Liberation Sans, Bitstream Vera Sans, sans-serif
2025-08-19 01:59:19,968:WARNING:findfont: Generic family 'sans-serif' not found because none of the following families were found: Arial, Liberation Sans, Bitstream Vera Sans, sans-serif
2025-08-19 01:59:19,969:WARNING:findfont: Generic family 'sans-serif' not found because none of the following families were found: Arial, Liberation Sans, Bitstream Vera Sans, sans-serif
2025-08-19 01:59:19,969:WARNING:findfont: Generic family 'sans-serif' not found because none of the following families were found: Arial, Liberation Sans, Bitstream Vera Sans, sans-serif
2025-08-19 01:59:19,970:WARNING:findfont: Generic family 'sans-serif' not found because none of the following families were found: Arial, Liberation Sans, Bitstream Vera Sans, sans-serif
2025-08-19 01:59:19,989:INFO:Visual Rendered Successfully
2025-08-19 01:59:20,173:INFO:plot_model() successfully completed......................................
2025-08-19 02:01:49,000:WARNING:
'cuml' is a soft dependency and not included in the pycaret installation. Please run: `pip install cuml` to install.
2025-08-19 02:01:49,000:WARNING:
'cuml' is a soft dependency and not included in the pycaret installation. Please run: `pip install cuml` to install.
2025-08-19 02:01:49,000:WARNING:
'cuml' is a soft dependency and not included in the pycaret installation. Please run: `pip install cuml` to install.
2025-08-19 02:01:49,000:WARNING:
'cuml' is a soft dependency and not included in the pycaret installation. Please run: `pip install cuml` to install.
2025-08-19 02:01:50,456:INFO:PyCaret ClusteringExperiment
2025-08-19 02:01:50,457:INFO:Logging name: cluster-default-name
2025-08-19 02:01:50,457:INFO:ML Usecase: MLUsecase.CLUSTERING
2025-08-19 02:01:50,457:INFO:version 3.3.2
2025-08-19 02:01:50,457:INFO:Initializing setup()
2025-08-19 02:01:50,457:INFO:self.USI: 2b05
2025-08-19 02:01:50,457:INFO:self._variable_keys: {'seed', 'pipeline', 'n_jobs_param', 'data', 'exp_name_log', 'gpu_param', 'logging_param', 'memory', '_available_plots', 'log_plots_param', 'X', 'exp_id', 'idx', 'USI', '_ml_usecase', 'gpu_n_jobs_param', 'html_param'}
2025-08-19 02:01:50,457:INFO:Checking environment
2025-08-19 02:01:50,457:INFO:python_version: 3.11.13
2025-08-19 02:01:50,457:INFO:python_build: ('main', 'Aug 12 2025 22:45:40')
2025-08-19 02:01:50,457:INFO:machine: x86_64
2025-08-19 02:01:50,457:INFO:platform: Linux-6.8.0-1029-aws-x86_64-with-glibc2.41
2025-08-19 02:01:50,457:INFO:Memory: svmem(total=2003431424, available=1302740992, percent=35.0, used=483016704, free=566128640, active=612454400, inactive=502747136, buffers=54706176, cached=899579904, shared=2973696, slab=235229184)
2025-08-19 02:01:50,458:INFO:Physical Core: 1
2025-08-19 02:01:50,458:INFO:Logical Core: 2
2025-08-19 02:01:50,458:INFO:Checking libraries
2025-08-19 02:01:50,458:INFO:System:
2025-08-19 02:01:50,458:INFO:    python: 3.11.13 (main, Aug 12 2025, 22:45:40) [GCC 14.2.0]
2025-08-19 02:01:50,458:INFO:executable: /usr/local/bin/python
2025-08-19 02:01:50,458:INFO:   machine: Linux-6.8.0-1029-aws-x86_64-with-glibc2.41
2025-08-19 02:01:50,458:INFO:PyCaret required dependencies:
2025-08-19 02:01:51,176:INFO:                 pip: 24.0
2025-08-19 02:01:51,176:INFO:          setuptools: 80.9.0
2025-08-19 02:01:51,176:INFO:             pycaret: 3.3.2
2025-08-19 02:01:51,176:INFO:             IPython: 9.4.0
2025-08-19 02:01:51,176:INFO:          ipywidgets: 8.1.7
2025-08-19 02:01:51,176:INFO:                tqdm: 4.67.1
2025-08-19 02:01:51,176:INFO:               numpy: 1.26.4
2025-08-19 02:01:51,176:INFO:              pandas: 2.1.4
2025-08-19 02:01:51,176:INFO:              jinja2: 3.1.6
2025-08-19 02:01:51,176:INFO:               scipy: 1.11.4
2025-08-19 02:01:51,176:INFO:              joblib: 1.3.2
2025-08-19 02:01:51,176:INFO:             sklearn: 1.4.2
2025-08-19 02:01:51,177:INFO:                pyod: 2.0.5
2025-08-19 02:01:51,177:INFO:            imblearn: 0.14.0
2025-08-19 02:01:51,177:INFO:   category_encoders: 2.7.0
2025-08-19 02:01:51,177:INFO:            lightgbm: 4.6.0
2025-08-19 02:01:51,177:INFO:               numba: 0.61.0
2025-08-19 02:01:51,177:INFO:            requests: 2.32.4
2025-08-19 02:01:51,177:INFO:          matplotlib: 3.7.5
2025-08-19 02:01:51,177:INFO:          scikitplot: 0.3.7
2025-08-19 02:01:51,177:INFO:         yellowbrick: 1.5
2025-08-19 02:01:51,177:INFO:              plotly: 5.24.1
2025-08-19 02:01:51,177:INFO:    plotly-resampler: Not installed
2025-08-19 02:01:51,177:INFO:             kaleido: 1.0.0
2025-08-19 02:01:51,177:INFO:           schemdraw: 0.15
2025-08-19 02:01:51,177:INFO:         statsmodels: 0.14.5
2025-08-19 02:01:51,177:INFO:              sktime: 0.26.0
2025-08-19 02:01:51,177:INFO:               tbats: 1.1.3
2025-08-19 02:01:51,177:INFO:            pmdarima: 2.0.4
2025-08-19 02:01:51,177:INFO:              psutil: 7.0.0
2025-08-19 02:01:51,177:INFO:          markupsafe: 3.0.2
2025-08-19 02:01:51,177:INFO:             pickle5: Not installed
2025-08-19 02:01:51,177:INFO:         cloudpickle: 3.1.1
2025-08-19 02:01:51,177:INFO:         deprecation: 2.1.0
2025-08-19 02:01:51,177:INFO:              xxhash: 3.5.0
2025-08-19 02:01:51,177:INFO:           wurlitzer: 3.1.1
2025-08-19 02:01:51,177:INFO:PyCaret optional dependencies:
2025-08-19 02:01:53,985:INFO:                shap: 0.44.1
2025-08-19 02:01:53,985:INFO:           interpret: 0.7.2
2025-08-19 02:01:53,985:INFO:                umap: 0.5.7
2025-08-19 02:01:53,985:INFO:     ydata_profiling: 4.16.1
2025-08-19 02:01:53,985:INFO:  explainerdashboard: 0.5.1
2025-08-19 02:01:53,985:INFO:             autoviz: Not installed
2025-08-19 02:01:53,985:INFO:           fairlearn: 0.7.0
2025-08-19 02:01:53,985:INFO:          deepchecks: Not installed
2025-08-19 02:01:53,985:INFO:             xgboost: 3.0.4
2025-08-19 02:01:53,985:INFO:            catboost: 1.2.8
2025-08-19 02:01:53,985:INFO:              kmodes: 0.12.2
2025-08-19 02:01:53,985:INFO:             mlxtend: 0.23.4
2025-08-19 02:01:53,985:INFO:       statsforecast: 1.5.0
2025-08-19 02:01:53,985:INFO:        tune_sklearn: Not installed
2025-08-19 02:01:53,985:INFO:                 ray: Not installed
2025-08-19 02:01:53,985:INFO:            hyperopt: 0.2.7
2025-08-19 02:01:53,985:INFO:              optuna: 4.5.0
2025-08-19 02:01:53,985:INFO:               skopt: 0.10.2
2025-08-19 02:01:53,985:INFO:              mlflow: 3.2.0
2025-08-19 02:01:53,985:INFO:              gradio: 5.42.0
2025-08-19 02:01:53,985:INFO:             fastapi: 0.116.1
2025-08-19 02:01:53,985:INFO:             uvicorn: 0.35.0
2025-08-19 02:01:53,985:INFO:              m2cgen: 0.10.0
2025-08-19 02:01:53,985:INFO:           evidently: 0.4.40
2025-08-19 02:01:53,985:INFO:               fugue: 0.8.7
2025-08-19 02:01:53,985:INFO:           streamlit: 1.48.1
2025-08-19 02:01:53,985:INFO:             prophet: Not installed
2025-08-19 02:01:53,985:INFO:None
2025-08-19 02:01:53,985:INFO:Set up data.
2025-08-19 02:01:53,990:INFO:Set up index.
2025-08-19 02:01:53,990:INFO:Assigning column types.
2025-08-19 02:01:53,993:INFO:Engine successfully changes for model 'kmeans' to 'sklearn'.
2025-08-19 02:01:53,993:INFO:Engine for model 'dbscan' has not been set explicitly, hence returning None.
2025-08-19 02:01:53,994:INFO:Soft dependency imported: kmodes: 0.12.2
2025-08-19 02:01:53,995:INFO:Engine for model 'dbscan' has not been set explicitly, hence returning None.
2025-08-19 02:01:53,995:INFO:Soft dependency imported: kmodes: 0.12.2
2025-08-19 02:01:53,995:INFO:Engine successfully changes for model 'dbscan' to 'sklearn'.
2025-08-19 02:01:53,995:INFO:Soft dependency imported: kmodes: 0.12.2
2025-08-19 02:01:53,996:INFO:Soft dependency imported: kmodes: 0.12.2
2025-08-19 02:01:53,997:INFO:Preparing preprocessing pipeline...
2025-08-19 02:01:53,997:INFO:Set up simple imputation.
2025-08-19 02:01:53,997:INFO:Set up feature normalization.
2025-08-19 02:01:54,016:INFO:Finished creating preprocessing pipeline.
2025-08-19 02:01:54,021:INFO:Pipeline: Pipeline(memory=FastMemory(location=/tmp/joblib),
         steps=[('numerical_imputer',
                 TransformerWrapper(include=['having_IP_Address', 'URL_Length',
                                             'Shortining_Service',
                                             'having_At_Symbol',
                                             'double_slash_redirecting',
                                             'Prefix_Suffix',
                                             'having_Sub_Domain',
                                             'SSLfinal_State', 'URL_of_Anchor',
                                             'Links_in_tags', 'SFH',
                                             'Abnormal_URL',
                                             'has_political_keyword'],
                                    transformer=SimpleImputer())),
                ('categorical_imputer',
                 TransformerWrapper(include=[],
                                    transformer=SimpleImputer(strategy='most_frequent'))),
                ('normalize',
                 TransformerWrapper(transformer=StandardScaler()))])
2025-08-19 02:01:54,021:INFO:Creating final display dataframe.
2025-08-19 02:01:54,041:INFO:Setup _display_container:                Description                 Value
0               Session id                    42
1      Original data shape             (498, 13)
2   Transformed data shape             (498, 13)
3         Numeric features                    13
4               Preprocess                  True
5          Imputation type                simple
6       Numeric imputation                  mean
7   Categorical imputation                  mode
8                Normalize                  True
9         Normalize method                zscore
10                CPU Jobs                    -1
11                 Use GPU                 False
12          Log Experiment                 False
13         Experiment Name  cluster-default-name
14                     USI                  2b05
2025-08-19 02:01:54,042:INFO:Soft dependency imported: kmodes: 0.12.2
2025-08-19 02:01:54,042:INFO:Soft dependency imported: kmodes: 0.12.2
2025-08-19 02:01:54,042:INFO:setup() successfully completed in 3.59s...............
2025-08-19 02:01:54,042:INFO:Initializing create_model()
2025-08-19 02:01:54,042:INFO:create_model(self=<pycaret.clustering.oop.ClusteringExperiment object at 0x7399c5b33650>, estimator=kmeans, num_clusters=3, fraction=0.05, ground_truth=None, round=4, fit_kwargs=None, experiment_custom_tags=None, verbose=True, system=True, add_to_model_list=True, raise_num_clusters=False, display=None, kwargs={})
2025-08-19 02:01:54,042:INFO:Checking exceptions
2025-08-19 02:01:54,059:INFO:Importing untrained model
2025-08-19 02:01:54,060:INFO:K-Means Clustering Imported successfully
2025-08-19 02:01:54,060:INFO:Fitting Model
2025-08-19 02:01:54,096:INFO:KMeans(n_clusters=3, random_state=42)
2025-08-19 02:01:54,096:INFO:create_models() successfully completed......................................
2025-08-19 02:01:54,096:INFO:Uploading results into container
2025-08-19 02:01:54,099:INFO:Uploading model into container now
2025-08-19 02:01:54,112:INFO:_master_model_container: 1
2025-08-19 02:01:54,112:INFO:_display_container: 2
2025-08-19 02:01:54,113:INFO:KMeans(n_clusters=3, random_state=42)
2025-08-19 02:01:54,113:INFO:create_model() successfully completed......................................
2025-08-19 02:01:54,326:INFO:Initializing plot_model()
2025-08-19 02:01:54,326:INFO:plot_model(self=<pycaret.clustering.oop.ClusteringExperiment object at 0x7399c5b33650>, estimator=KMeans(n_clusters=3, random_state=42), plot=silhouette, scale=1, save=True, fold=None, fit_kwargs=None, plot_kwargs=None, groups=None, feature_name=None, label=False, verbose=True, system=True, display=None, display_format=None)
2025-08-19 02:01:54,326:INFO:Checking exceptions
2025-08-19 02:01:54,327:INFO:Preloading libraries
2025-08-19 02:01:54,327:INFO:Copying training dataset
2025-08-19 02:01:54,327:INFO:Plot type: silhouette
2025-08-19 02:01:54,368:INFO:Fitting Model
2025-08-19 02:01:54,368:WARNING:/usr/local/lib/python3.11/site-packages/sklearn/base.py:493: UserWarning: X does not have valid feature names, but KMeans was fitted with feature names

2025-08-19 02:01:54,421:INFO:Saving 'Silhouette Plot.png'
2025-08-19 02:01:54,431:WARNING:findfont: Generic family 'sans-serif' not found because none of the following families were found: Arial, Liberation Sans, Bitstream Vera Sans, sans-serif
2025-08-19 02:01:54,434:WARNING:findfont: Generic family 'sans-serif' not found because none of the following families were found: Arial, Liberation Sans, Bitstream Vera Sans, sans-serif
2025-08-19 02:01:54,435:WARNING:findfont: Generic family 'sans-serif' not found because none of the following families were found: Arial, Liberation Sans, Bitstream Vera Sans, sans-serif
2025-08-19 02:01:54,436:WARNING:findfont: Generic family 'sans-serif' not found because none of the following families were found: Arial, Liberation Sans, Bitstream Vera Sans, sans-serif
2025-08-19 02:01:54,439:WARNING:findfont: Generic family 'sans-serif' not found because none of the following families were found: Arial, Liberation Sans, Bitstream Vera Sans, sans-serif
2025-08-19 02:01:54,440:WARNING:findfont: Generic family 'sans-serif' not found because none of the following families were found: Arial, Liberation Sans, Bitstream Vera Sans, sans-serif
2025-08-19 02:01:54,441:WARNING:findfont: Generic family 'sans-serif' not found because none of the following families were found: Arial, Liberation Sans, Bitstream Vera Sans, sans-serif
2025-08-19 02:01:54,442:WARNING:findfont: Generic family 'sans-serif' not found because none of the following families were found: Arial, Liberation Sans, Bitstream Vera Sans, sans-serif
2025-08-19 02:01:54,461:WARNING:findfont: Generic family 'sans-serif' not found because none of the following families were found: Arial, Liberation Sans, Bitstream Vera Sans, sans-serif
2025-08-19 02:01:54,462:WARNING:findfont: Generic family 'sans-serif' not found because none of the following families were found: Arial, Liberation Sans, Bitstream Vera Sans, sans-serif
2025-08-19 02:01:54,463:WARNING:findfont: Generic family 'sans-serif' not found because none of the following families were found: Arial, Liberation Sans, Bitstream Vera Sans, sans-serif
2025-08-19 02:01:54,463:WARNING:findfont: Generic family 'sans-serif' not found because none of the following families were found: Arial, Liberation Sans, Bitstream Vera Sans, sans-serif
2025-08-19 02:01:54,464:WARNING:findfont: Generic family 'sans-serif' not found because none of the following families were found: Arial, Liberation Sans, Bitstream Vera Sans, sans-serif
2025-08-19 02:01:54,465:WARNING:findfont: Generic family 'sans-serif' not found because none of the following families were found: Arial, Liberation Sans, Bitstream Vera Sans, sans-serif
2025-08-19 02:01:54,465:WARNING:findfont: Generic family 'sans-serif' not found because none of the following families were found: Arial, Liberation Sans, Bitstream Vera Sans, sans-serif
2025-08-19 02:01:54,466:WARNING:findfont: Generic family 'sans-serif' not found because none of the following families were found: Arial, Liberation Sans, Bitstream Vera Sans, sans-serif
2025-08-19 02:01:54,466:WARNING:findfont: Generic family 'sans-serif' not found because none of the following families were found: Arial, Liberation Sans, Bitstream Vera Sans, sans-serif
2025-08-19 02:01:54,478:WARNING:findfont: Generic family 'sans-serif' not found because none of the following families were found: Arial, Liberation Sans, Bitstream Vera Sans, sans-serif
2025-08-19 02:01:54,489:WARNING:findfont: Generic family 'sans-serif' not found because none of the following families were found: Arial, Liberation Sans, Bitstream Vera Sans, sans-serif
2025-08-19 02:01:54,490:WARNING:findfont: Generic family 'sans-serif' not found because none of the following families were found: Arial, Liberation Sans, Bitstream Vera Sans, sans-serif
2025-08-19 02:01:54,493:WARNING:findfont: Generic family 'sans-serif' not found because none of the following families were found: Arial, Liberation Sans, Bitstream Vera Sans, sans-serif
2025-08-19 02:01:54,494:WARNING:findfont: Generic family 'sans-serif' not found because none of the following families were found: Arial, Liberation Sans, Bitstream Vera Sans, sans-serif
2025-08-19 02:01:54,495:WARNING:findfont: Generic family 'sans-serif' not found because none of the following families were found: Arial, Liberation Sans, Bitstream Vera Sans, sans-serif
2025-08-19 02:01:54,496:WARNING:findfont: Generic family 'sans-serif' not found because none of the following families were found: Arial, Liberation Sans, Bitstream Vera Sans, sans-serif
2025-08-19 02:01:54,520:WARNING:findfont: Generic family 'sans-serif' not found because none of the following families were found: Arial, Liberation Sans, Bitstream Vera Sans, sans-serif
2025-08-19 02:01:54,527:WARNING:findfont: Generic family 'sans-serif' not found because none of the following families were found: Arial, Liberation Sans, Bitstream Vera Sans, sans-serif
2025-08-19 02:01:54,540:WARNING:findfont: Generic family 'sans-serif' not found because none of the following families were found: Arial, Liberation Sans, Bitstream Vera Sans, sans-serif
2025-08-19 02:01:54,546:WARNING:findfont: Generic family 'sans-serif' not found because none of the following families were found: Arial, Liberation Sans, Bitstream Vera Sans, sans-serif
2025-08-19 02:01:54,547:WARNING:findfont: Generic family 'sans-serif' not found because none of the following families were found: Arial, Liberation Sans, Bitstream Vera Sans, sans-serif
2025-08-19 02:01:54,548:WARNING:findfont: Generic family 'sans-serif' not found because none of the following families were found: Arial, Liberation Sans, Bitstream Vera Sans, sans-serif
2025-08-19 02:01:54,548:WARNING:findfont: Generic family 'sans-serif' not found because none of the following families were found: Arial, Liberation Sans, Bitstream Vera Sans, sans-serif
2025-08-19 02:01:54,550:WARNING:findfont: Generic family 'sans-serif' not found because none of the following families were found: Arial, Liberation Sans, Bitstream Vera Sans, sans-serif
2025-08-19 02:01:54,551:WARNING:findfont: Generic family 'sans-serif' not found because none of the following families were found: Arial, Liberation Sans, Bitstream Vera Sans, sans-serif
2025-08-19 02:01:54,552:WARNING:findfont: Generic family 'sans-serif' not found because none of the following families were found: Arial, Liberation Sans, Bitstream Vera Sans, sans-serif
2025-08-19 02:01:54,552:WARNING:findfont: Generic family 'sans-serif' not found because none of the following families were found: Arial, Liberation Sans, Bitstream Vera Sans, sans-serif
2025-08-19 02:01:54,558:WARNING:findfont: Generic family 'sans-serif' not found because none of the following families were found: Arial, Liberation Sans, Bitstream Vera Sans, sans-serif
2025-08-19 02:01:54,558:WARNING:findfont: Generic family 'sans-serif' not found because none of the following families were found: Arial, Liberation Sans, Bitstream Vera Sans, sans-serif
2025-08-19 02:01:54,559:WARNING:findfont: Generic family 'sans-serif' not found because none of the following families were found: Arial, Liberation Sans, Bitstream Vera Sans, sans-serif
2025-08-19 02:01:54,560:WARNING:findfont: Generic family 'sans-serif' not found because none of the following families were found: Arial, Liberation Sans, Bitstream Vera Sans, sans-serif
2025-08-19 02:01:54,560:WARNING:findfont: Generic family 'sans-serif' not found because none of the following families were found: Arial, Liberation Sans, Bitstream Vera Sans, sans-serif
2025-08-19 02:01:54,561:WARNING:findfont: Generic family 'sans-serif' not found because none of the following families were found: Arial, Liberation Sans, Bitstream Vera Sans, sans-serif
2025-08-19 02:01:54,562:WARNING:findfont: Generic family 'sans-serif' not found because none of the following families were found: Arial, Liberation Sans, Bitstream Vera Sans, sans-serif
2025-08-19 02:01:54,562:WARNING:findfont: Generic family 'sans-serif' not found because none of the following families were found: Arial, Liberation Sans, Bitstream Vera Sans, sans-serif
2025-08-19 02:01:54,563:WARNING:findfont: Generic family 'sans-serif' not found because none of the following families were found: Arial, Liberation Sans, Bitstream Vera Sans, sans-serif
2025-08-19 02:01:54,564:WARNING:findfont: Generic family 'sans-serif' not found because none of the following families were found: Arial, Liberation Sans, Bitstream Vera Sans, sans-serif
2025-08-19 02:01:54,566:WARNING:findfont: Generic family 'sans-serif' not found because none of the following families were found: Arial, Liberation Sans, Bitstream Vera Sans, sans-serif
2025-08-19 02:01:54,568:WARNING:findfont: Generic family 'sans-serif' not found because none of the following families were found: Arial, Liberation Sans, Bitstream Vera Sans, sans-serif
2025-08-19 02:01:54,569:WARNING:findfont: Generic family 'sans-serif' not found because none of the following families were found: Arial, Liberation Sans, Bitstream Vera Sans, sans-serif
2025-08-19 02:01:54,571:WARNING:findfont: Generic family 'sans-serif' not found because none of the following families were found: Arial, Liberation Sans, Bitstream Vera Sans, sans-serif
2025-08-19 02:01:54,572:WARNING:findfont: Generic family 'sans-serif' not found because none of the following families were found: Arial, Liberation Sans, Bitstream Vera Sans, sans-serif
2025-08-19 02:01:54,573:WARNING:findfont: Generic family 'sans-serif' not found because none of the following families were found: Arial, Liberation Sans, Bitstream Vera Sans, sans-serif
2025-08-19 02:01:54,575:WARNING:findfont: Generic family 'sans-serif' not found because none of the following families were found: Arial, Liberation Sans, Bitstream Vera Sans, sans-serif
2025-08-19 02:01:54,576:WARNING:findfont: Generic family 'sans-serif' not found because none of the following families were found: Arial, Liberation Sans, Bitstream Vera Sans, sans-serif
2025-08-19 02:01:54,582:WARNING:findfont: Generic family 'sans-serif' not found because none of the following families were found: Arial, Liberation Sans, Bitstream Vera Sans, sans-serif
2025-08-19 02:01:54,583:WARNING:findfont: Generic family 'sans-serif' not found because none of the following families were found: Arial, Liberation Sans, Bitstream Vera Sans, sans-serif
2025-08-19 02:01:54,588:WARNING:findfont: Generic family 'sans-serif' not found because none of the following families were found: Arial, Liberation Sans, Bitstream Vera Sans, sans-serif
2025-08-19 02:01:54,589:WARNING:findfont: Generic family 'sans-serif' not found because none of the following families were found: Arial, Liberation Sans, Bitstream Vera Sans, sans-serif
2025-08-19 02:01:54,590:WARNING:findfont: Generic family 'sans-serif' not found because none of the following families were found: Arial, Liberation Sans, Bitstream Vera Sans, sans-serif
2025-08-19 02:01:54,593:WARNING:findfont: Generic family 'sans-serif' not found because none of the following families were found: Arial, Liberation Sans, Bitstream Vera Sans, sans-serif
2025-08-19 02:01:54,601:WARNING:findfont: Generic family 'sans-serif' not found because none of the following families were found: Arial, Liberation Sans, Bitstream Vera Sans, sans-serif
2025-08-19 02:01:54,605:WARNING:findfont: Generic family 'sans-serif' not found because none of the following families were found: Arial, Liberation Sans, Bitstream Vera Sans, sans-serif
2025-08-19 02:01:54,605:WARNING:findfont: Generic family 'sans-serif' not found because none of the following families were found: Arial, Liberation Sans, Bitstream Vera Sans, sans-serif
2025-08-19 02:01:54,608:WARNING:findfont: Generic family 'sans-serif' not found because none of the following families were found: Arial, Liberation Sans, Bitstream Vera Sans, sans-serif
2025-08-19 02:01:54,610:WARNING:findfont: Generic family 'sans-serif' not found because none of the following families were found: Arial, Liberation Sans, Bitstream Vera Sans, sans-serif
2025-08-19 02:01:54,611:WARNING:findfont: Generic family 'sans-serif' not found because none of the following families were found: Arial, Liberation Sans, Bitstream Vera Sans, sans-serif
2025-08-19 02:01:54,612:WARNING:findfont: Generic family 'sans-serif' not found because none of the following families were found: Arial, Liberation Sans, Bitstream Vera Sans, sans-serif
2025-08-19 02:01:54,613:WARNING:findfont: Generic family 'sans-serif' not found because none of the following families were found: Arial, Liberation Sans, Bitstream Vera Sans, sans-serif
2025-08-19 02:01:54,656:WARNING:findfont: Generic family 'sans-serif' not found because none of the following families were found: Arial, Liberation Sans, Bitstream Vera Sans, sans-serif
2025-08-19 02:01:54,657:WARNING:findfont: Generic family 'sans-serif' not found because none of the following families were found: Arial, Liberation Sans, Bitstream Vera Sans, sans-serif
2025-08-19 02:01:54,657:WARNING:findfont: Generic family 'sans-serif' not found because none of the following families were found: Arial, Liberation Sans, Bitstream Vera Sans, sans-serif
2025-08-19 02:01:54,657:WARNING:findfont: Generic family 'sans-serif' not found because none of the following families were found: Arial, Liberation Sans, Bitstream Vera Sans, sans-serif
2025-08-19 02:01:54,659:WARNING:findfont: Generic family 'sans-serif' not found because none of the following families were found: Arial, Liberation Sans, Bitstream Vera Sans, sans-serif
2025-08-19 02:01:54,659:WARNING:findfont: Generic family 'sans-serif' not found because none of the following families were found: Arial, Liberation Sans, Bitstream Vera Sans, sans-serif
2025-08-19 02:01:54,660:WARNING:findfont: Generic family 'sans-serif' not found because none of the following families were found: Arial, Liberation Sans, Bitstream Vera Sans, sans-serif
2025-08-19 02:01:54,660:WARNING:findfont: Generic family 'sans-serif' not found because none of the following families were found: Arial, Liberation Sans, Bitstream Vera Sans, sans-serif
2025-08-19 02:01:54,663:WARNING:findfont: Generic family 'sans-serif' not found because none of the following families were found: Arial, Liberation Sans, Bitstream Vera Sans, sans-serif
2025-08-19 02:01:54,663:WARNING:findfont: Generic family 'sans-serif' not found because none of the following families were found: Arial, Liberation Sans, Bitstream Vera Sans, sans-serif
2025-08-19 02:01:54,664:WARNING:findfont: Generic family 'sans-serif' not found because none of the following families were found: Arial, Liberation Sans, Bitstream Vera Sans, sans-serif
2025-08-19 02:01:54,664:WARNING:findfont: Generic family 'sans-serif' not found because none of the following families were found: Arial, Liberation Sans, Bitstream Vera Sans, sans-serif
2025-08-19 02:01:54,664:WARNING:findfont: Generic family 'sans-serif' not found because none of the following families were found: Arial, Liberation Sans, Bitstream Vera Sans, sans-serif
2025-08-19 02:01:54,665:WARNING:findfont: Generic family 'sans-serif' not found because none of the following families were found: Arial, Liberation Sans, Bitstream Vera Sans, sans-serif
2025-08-19 02:01:54,665:WARNING:findfont: Generic family 'sans-serif' not found because none of the following families were found: Arial, Liberation Sans, Bitstream Vera Sans, sans-serif
2025-08-19 02:01:54,665:WARNING:findfont: Generic family 'sans-serif' not found because none of the following families were found: Arial, Liberation Sans, Bitstream Vera Sans, sans-serif
2025-08-19 02:01:54,666:WARNING:findfont: Generic family 'sans-serif' not found because none of the following families were found: Arial, Liberation Sans, Bitstream Vera Sans, sans-serif
2025-08-19 02:01:54,667:WARNING:findfont: Generic family 'sans-serif' not found because none of the following families were found: Arial, Liberation Sans, Bitstream Vera Sans, sans-serif
2025-08-19 02:01:54,667:WARNING:findfont: Generic family 'sans-serif' not found because none of the following families were found: Arial, Liberation Sans, Bitstream Vera Sans, sans-serif
2025-08-19 02:01:54,668:WARNING:findfont: Generic family 'sans-serif' not found because none of the following families were found: Arial, Liberation Sans, Bitstream Vera Sans, sans-serif
2025-08-19 02:01:54,669:WARNING:findfont: Generic family 'sans-serif' not found because none of the following families were found: Arial, Liberation Sans, Bitstream Vera Sans, sans-serif
2025-08-19 02:01:54,670:WARNING:findfont: Generic family 'sans-serif' not found because none of the following families were found: Arial, Liberation Sans, Bitstream Vera Sans, sans-serif
2025-08-19 02:01:54,671:WARNING:findfont: Generic family 'sans-serif' not found because none of the following families were found: Arial, Liberation Sans, Bitstream Vera Sans, sans-serif
2025-08-19 02:01:54,671:WARNING:findfont: Generic family 'sans-serif' not found because none of the following families were found: Arial, Liberation Sans, Bitstream Vera Sans, sans-serif
2025-08-19 02:01:54,672:WARNING:findfont: Generic family 'sans-serif' not found because none of the following families were found: Arial, Liberation Sans, Bitstream Vera Sans, sans-serif
2025-08-19 02:01:54,673:WARNING:findfont: Generic family 'sans-serif' not found because none of the following families were found: Arial, Liberation Sans, Bitstream Vera Sans, sans-serif
2025-08-19 02:01:54,676:WARNING:findfont: Generic family 'sans-serif' not found because none of the following families were found: Arial, Liberation Sans, Bitstream Vera Sans, sans-serif
2025-08-19 02:01:54,677:WARNING:findfont: Generic family 'sans-serif' not found because none of the following families were found: Arial, Liberation Sans, Bitstream Vera Sans, sans-serif
2025-08-19 02:01:54,679:WARNING:findfont: Generic family 'sans-serif' not found because none of the following families were found: Arial, Liberation Sans, Bitstream Vera Sans, sans-serif
2025-08-19 02:01:54,680:WARNING:findfont: Generic family 'sans-serif' not found because none of the following families were found: Arial, Liberation Sans, Bitstream Vera Sans, sans-serif
2025-08-19 02:01:54,681:WARNING:findfont: Generic family 'sans-serif' not found because none of the following families were found: Arial, Liberation Sans, Bitstream Vera Sans, sans-serif
2025-08-19 02:01:54,682:WARNING:findfont: Generic family 'sans-serif' not found because none of the following families were found: Arial, Liberation Sans, Bitstream Vera Sans, sans-serif
2025-08-19 02:01:54,686:WARNING:findfont: Generic family 'sans-serif' not found because none of the following families were found: Arial, Liberation Sans, Bitstream Vera Sans, sans-serif
2025-08-19 02:01:54,688:WARNING:findfont: Generic family 'sans-serif' not found because none of the following families were found: Arial, Liberation Sans, Bitstream Vera Sans, sans-serif
2025-08-19 02:01:54,689:WARNING:findfont: Generic family 'sans-serif' not found because none of the following families were found: Arial, Liberation Sans, Bitstream Vera Sans, sans-serif
2025-08-19 02:01:54,690:WARNING:findfont: Generic family 'sans-serif' not found because none of the following families were found: Arial, Liberation Sans, Bitstream Vera Sans, sans-serif
2025-08-19 02:01:54,691:WARNING:findfont: Generic family 'sans-serif' not found because none of the following families were found: Arial, Liberation Sans, Bitstream Vera Sans, sans-serif
2025-08-19 02:01:54,692:WARNING:findfont: Generic family 'sans-serif' not found because none of the following families were found: Arial, Liberation Sans, Bitstream Vera Sans, sans-serif
2025-08-19 02:01:54,692:WARNING:findfont: Generic family 'sans-serif' not found because none of the following families were found: Arial, Liberation Sans, Bitstream Vera Sans, sans-serif
2025-08-19 02:01:54,693:WARNING:findfont: Generic family 'sans-serif' not found because none of the following families were found: Arial, Liberation Sans, Bitstream Vera Sans, sans-serif
2025-08-19 02:01:54,717:INFO:Visual Rendered Successfully
2025-08-19 02:01:54,903:INFO:plot_model() successfully completed......................................
2025-08-19 02:01:54,904:INFO:Initializing assign_model()
2025-08-19 02:01:54,904:INFO:assign_model(self=<pycaret.clustering.oop.ClusteringExperiment object at 0x7399c5b33650>, model=KMeans(n_clusters=3, random_state=42), transformation=False, score=True, verbose=True)
2025-08-19 02:01:54,904:INFO:Checking exceptions
2025-08-19 02:01:54,904:INFO:Determining Trained Model
2025-08-19 02:01:54,904:INFO:Trained Model : K-Means Clustering
2025-08-19 02:01:54,904:INFO:Copying data
2025-08-19 02:01:54,906:INFO:(498, 14)
2025-08-19 02:01:54,906:INFO:assign_model() successfully completed......................................
2025-08-19 02:01:54,910:INFO:Initializing save_model()
2025-08-19 02:01:54,910:INFO:save_model(model=KMeans(n_clusters=3, random_state=42), model_name=models/threat_actor_profiler, prep_pipe_=Pipeline(memory=FastMemory(location=/tmp/joblib),
         steps=[('numerical_imputer',
                 TransformerWrapper(include=['having_IP_Address', 'URL_Length',
                                             'Shortining_Service',
                                             'having_At_Symbol',
                                             'double_slash_redirecting',
                                             'Prefix_Suffix',
                                             'having_Sub_Domain',
                                             'SSLfinal_State', 'URL_of_Anchor',
                                             'Links_in_tags', 'SFH',
                                             'Abnormal_URL',
                                             'has_political_keyword'],
                                    transformer=SimpleImputer())),
                ('categorical_imputer',
                 TransformerWrapper(include=[],
                                    transformer=SimpleImputer(strategy='most_frequent'))),
                ('normalize',
                 TransformerWrapper(transformer=StandardScaler()))]), verbose=True, use_case=MLUsecase.CLUSTERING, kwargs={})
2025-08-19 02:01:54,910:INFO:Adding model into prep_pipe
2025-08-19 02:01:54,912:INFO:models/threat_actor_profiler.pkl saved in current working directory
2025-08-19 02:01:54,917:INFO:Pipeline(memory=Memory(location=None),
         steps=[('numerical_imputer',
                 TransformerWrapper(include=['having_IP_Address', 'URL_Length',
                                             'Shortining_Service',
                                             'having_At_Symbol',
                                             'double_slash_redirecting',
                                             'Prefix_Suffix',
                                             'having_Sub_Domain',
                                             'SSLfinal_State', 'URL_of_Anchor',
                                             'Links_in_tags', 'SFH',
                                             'Abnormal_URL',
                                             'has_political_keyword'],
                                    transformer=SimpleImputer())),
                ('categorical_imputer',
                 TransformerWrapper(include=[],
                                    transformer=SimpleImputer(strategy='most_frequent'))),
                ('normalize', TransformerWrapper(transformer=StandardScaler())),
                ('trained_model', KMeans(n_clusters=3, random_state=42))])
2025-08-19 02:01:54,917:INFO:save_model() successfully completed......................................
2025-08-19 04:20:48,693:WARNING:
'cuml' is a soft dependency and not included in the pycaret installation. Please run: `pip install cuml` to install.
2025-08-19 04:20:48,693:WARNING:
'cuml' is a soft dependency and not included in the pycaret installation. Please run: `pip install cuml` to install.
2025-08-19 04:20:48,693:WARNING:
'cuml' is a soft dependency and not included in the pycaret installation. Please run: `pip install cuml` to install.
2025-08-19 04:20:48,693:WARNING:
'cuml' is a soft dependency and not included in the pycaret installation. Please run: `pip install cuml` to install.
2025-08-19 04:20:51,879:INFO:Initializing load_model()
2025-08-19 04:20:51,879:INFO:load_model(model_name=models/phishing_url_detector, platform=None, authentication=None, verbose=True)
2025-08-19 04:20:52,437:INFO:Initializing load_model()
2025-08-19 04:20:52,437:INFO:load_model(model_name=models/threat_actor_profiler, platform=None, authentication=None, verbose=True)
2025-08-19 04:20:53,507:INFO:Initializing predict_model()
2025-08-19 04:20:53,507:INFO:predict_model(self=<pycaret.classification.oop.ClassificationExperiment object at 0x77c2b7521810>, estimator=Pipeline(memory=Memory(location=None),
         steps=[('numerical_imputer',
                 TransformerWrapper(include=['having_IP_Address', 'URL_Length',
                                             'Shortining_Service',
                                             'having_At_Symbol',
                                             'double_slash_redirecting',
                                             'Prefix_Suffix',
                                             'having_Sub_Domain',
                                             'SSLfinal_State', 'URL_of_Anchor',
                                             'Links_in_tags', 'SFH',
                                             'Abnormal_URL',
                                             'has_political_keyword'],
                                    transformer=SimpleImputer...
                ('categorical_imputer',
                 TransformerWrapper(include=['threat_actor'],
                                    transformer=SimpleImputer(strategy='most_frequent'))),
                ('onehot_encoding',
                 TransformerWrapper(include=['threat_actor'],
                                    transformer=OneHotEncoder(cols=['threat_actor'],
                                                              handle_missing='return_nan',
                                                              use_cat_names=True))),
                ('actual_estimator',
                 RandomForestClassifier(n_jobs=-1, random_state=42))]), probability_threshold=None, encoded_labels=False, raw_score=False, round=4, verbose=True, ml_usecase=None, preprocess=True, encode_labels=<function _SupervisedExperiment.predict_model.<locals>.encode_labels at 0x77c2b4863f60>)
2025-08-19 04:20:53,508:INFO:Checking exceptions
2025-08-19 04:20:53,508:INFO:Preloading libraries
2025-08-19 04:20:53,508:INFO:Set up data.
2025-08-19 04:20:53,512:INFO:Set up index.
2025-08-19 14:24:25,692:WARNING:
'cuml' is a soft dependency and not included in the pycaret installation. Please run: `pip install cuml` to install.
2025-08-19 14:24:25,692:WARNING:
'cuml' is a soft dependency and not included in the pycaret installation. Please run: `pip install cuml` to install.
2025-08-19 14:24:25,692:WARNING:
'cuml' is a soft dependency and not included in the pycaret installation. Please run: `pip install cuml` to install.
2025-08-19 14:24:25,692:WARNING:
'cuml' is a soft dependency and not included in the pycaret installation. Please run: `pip install cuml` to install.
2025-08-19 14:26:39,107:WARNING:
'cuml' is a soft dependency and not included in the pycaret installation. Please run: `pip install cuml` to install.
2025-08-19 14:26:39,107:WARNING:
'cuml' is a soft dependency and not included in the pycaret installation. Please run: `pip install cuml` to install.
2025-08-19 14:26:39,107:WARNING:
'cuml' is a soft dependency and not included in the pycaret installation. Please run: `pip install cuml` to install.
2025-08-19 14:26:39,107:WARNING:
'cuml' is a soft dependency and not included in the pycaret installation. Please run: `pip install cuml` to install.
2025-08-19 14:34:02,520:WARNING:
'cuml' is a soft dependency and not included in the pycaret installation. Please run: `pip install cuml` to install.
2025-08-19 14:34:02,520:WARNING:
'cuml' is a soft dependency and not included in the pycaret installation. Please run: `pip install cuml` to install.
2025-08-19 14:34:02,520:WARNING:
'cuml' is a soft dependency and not included in the pycaret installation. Please run: `pip install cuml` to install.
2025-08-19 14:34:02,520:WARNING:
'cuml' is a soft dependency and not included in the pycaret installation. Please run: `pip install cuml` to install.
2025-08-19 14:40:54,459:WARNING:
'cuml' is a soft dependency and not included in the pycaret installation. Please run: `pip install cuml` to install.
2025-08-19 14:40:54,459:WARNING:
'cuml' is a soft dependency and not included in the pycaret installation. Please run: `pip install cuml` to install.
2025-08-19 14:40:54,459:WARNING:
'cuml' is a soft dependency and not included in the pycaret installation. Please run: `pip install cuml` to install.
2025-08-19 14:40:54,459:WARNING:
'cuml' is a soft dependency and not included in the pycaret installation. Please run: `pip install cuml` to install.
2025-08-19 14:40:55,824:INFO:PyCaret ClassificationExperiment
2025-08-19 14:40:55,824:INFO:Logging name: clf-default-name
2025-08-19 14:40:55,824:INFO:ML Usecase: MLUsecase.CLASSIFICATION
2025-08-19 14:40:55,824:INFO:version 3.3.2
2025-08-19 14:40:55,824:INFO:Initializing setup()
2025-08-19 14:40:55,824:INFO:self.USI: ef5f
2025-08-19 14:40:55,825:INFO:self._variable_keys: {'gpu_n_jobs_param', 'idx', 'seed', 'y_test', 'pipeline', 'fix_imbalance', 'X_train', 'exp_id', 'is_multiclass', 'log_plots_param', 'exp_name_log', 'fold_generator', 'y_train', 'X_test', 'data', 'html_param', 'memory', 'gpu_param', 'target_param', 'fold_shuffle_param', 'X', '_ml_usecase', 'USI', 'fold_groups_param', '_available_plots', 'n_jobs_param', 'logging_param', 'y'}
2025-08-19 14:40:55,825:INFO:Checking environment
2025-08-19 14:40:55,825:INFO:python_version: 3.11.13
2025-08-19 14:40:55,825:INFO:python_build: ('main', 'Aug 12 2025 22:45:40')
2025-08-19 14:40:55,825:INFO:machine: x86_64
2025-08-19 14:40:55,825:INFO:platform: Linux-6.14.0-1011-aws-x86_64-with-glibc2.41
2025-08-19 14:40:55,825:INFO:Memory: svmem(total=2003546112, available=1365188608, percent=31.9, used=454983680, free=615526400, active=961282048, inactive=235982848, buffers=52215808, cached=880820224, shared=2940928, slab=100364288)
2025-08-19 14:40:55,826:INFO:Physical Core: 1
2025-08-19 14:40:55,826:INFO:Logical Core: 2
2025-08-19 14:40:55,826:INFO:Checking libraries
2025-08-19 14:40:55,826:INFO:System:
2025-08-19 14:40:55,826:INFO:    python: 3.11.13 (main, Aug 12 2025, 22:45:40) [GCC 14.2.0]
2025-08-19 14:40:55,826:INFO:executable: /usr/local/bin/python
2025-08-19 14:40:55,826:INFO:   machine: Linux-6.14.0-1011-aws-x86_64-with-glibc2.41
2025-08-19 14:40:55,826:INFO:PyCaret required dependencies:
2025-08-19 14:40:56,967:INFO:                 pip: 24.0
2025-08-19 14:40:56,967:INFO:          setuptools: 80.9.0
2025-08-19 14:40:56,967:INFO:             pycaret: 3.3.2
2025-08-19 14:40:56,967:INFO:             IPython: 9.4.0
2025-08-19 14:40:56,967:INFO:          ipywidgets: 8.1.7
2025-08-19 14:40:56,967:INFO:                tqdm: 4.67.1
2025-08-19 14:40:56,967:INFO:               numpy: 1.26.4
2025-08-19 14:40:56,967:INFO:              pandas: 2.1.4
2025-08-19 14:40:56,967:INFO:              jinja2: 3.1.6
2025-08-19 14:40:56,967:INFO:               scipy: 1.11.4
2025-08-19 14:40:56,967:INFO:              joblib: 1.3.2
2025-08-19 14:40:56,967:INFO:             sklearn: 1.4.2
2025-08-19 14:40:56,967:INFO:                pyod: 2.0.5
2025-08-19 14:40:56,967:INFO:            imblearn: 0.14.0
2025-08-19 14:40:56,967:INFO:   category_encoders: 2.7.0
2025-08-19 14:40:56,967:INFO:            lightgbm: 4.6.0
2025-08-19 14:40:56,968:INFO:               numba: 0.61.0
2025-08-19 14:40:56,968:INFO:            requests: 2.32.4
2025-08-19 14:40:56,968:INFO:          matplotlib: 3.7.5
2025-08-19 14:40:56,968:INFO:          scikitplot: 0.3.7
2025-08-19 14:40:56,968:INFO:         yellowbrick: 1.5
2025-08-19 14:40:56,968:INFO:              plotly: 5.24.1
2025-08-19 14:40:56,968:INFO:    plotly-resampler: Not installed
2025-08-19 14:40:56,968:INFO:             kaleido: 1.0.0
2025-08-19 14:40:56,968:INFO:           schemdraw: 0.15
2025-08-19 14:40:56,968:INFO:         statsmodels: 0.14.5
2025-08-19 14:40:56,968:INFO:              sktime: 0.26.0
2025-08-19 14:40:56,968:INFO:               tbats: 1.1.3
2025-08-19 14:40:56,968:INFO:            pmdarima: 2.0.4
2025-08-19 14:40:56,968:INFO:              psutil: 7.0.0
2025-08-19 14:40:56,968:INFO:          markupsafe: 3.0.2
2025-08-19 14:40:56,968:INFO:             pickle5: Not installed
2025-08-19 14:40:56,968:INFO:         cloudpickle: 3.1.1
2025-08-19 14:40:56,968:INFO:         deprecation: 2.1.0
2025-08-19 14:40:56,968:INFO:              xxhash: 3.5.0
2025-08-19 14:40:56,968:INFO:           wurlitzer: 3.1.1
2025-08-19 14:40:56,968:INFO:PyCaret optional dependencies:
2025-08-19 14:41:02,495:INFO:                shap: 0.44.1
2025-08-19 14:41:02,496:INFO:           interpret: 0.7.2
2025-08-19 14:41:02,497:INFO:                umap: 0.5.7
2025-08-19 14:41:02,504:INFO:     ydata_profiling: 4.16.1
2025-08-19 14:41:02,504:INFO:  explainerdashboard: 0.5.1
2025-08-19 14:41:02,504:INFO:             autoviz: Not installed
2025-08-19 14:41:02,504:INFO:           fairlearn: 0.7.0
2025-08-19 14:41:02,504:INFO:          deepchecks: Not installed
2025-08-19 14:41:02,504:INFO:             xgboost: 3.0.4
2025-08-19 14:41:02,504:INFO:            catboost: 1.2.8
2025-08-19 14:41:02,504:INFO:              kmodes: 0.12.2
2025-08-19 14:41:02,504:INFO:             mlxtend: 0.23.4
2025-08-19 14:41:02,504:INFO:       statsforecast: 1.5.0
2025-08-19 14:41:02,504:INFO:        tune_sklearn: Not installed
2025-08-19 14:41:02,504:INFO:                 ray: Not installed
2025-08-19 14:41:02,504:INFO:            hyperopt: 0.2.7
2025-08-19 14:41:02,504:INFO:              optuna: 4.5.0
2025-08-19 14:41:02,504:INFO:               skopt: 0.10.2
2025-08-19 14:41:02,504:INFO:              mlflow: 3.2.0
2025-08-19 14:41:02,504:INFO:              gradio: 5.42.0
2025-08-19 14:41:02,504:INFO:             fastapi: 0.116.1
2025-08-19 14:41:02,504:INFO:             uvicorn: 0.35.0
2025-08-19 14:41:02,504:INFO:              m2cgen: 0.10.0
2025-08-19 14:41:02,504:INFO:           evidently: 0.4.40
2025-08-19 14:41:02,504:INFO:               fugue: 0.8.7
2025-08-19 14:41:02,504:INFO:           streamlit: 1.48.1
2025-08-19 14:41:02,504:INFO:             prophet: Not installed
2025-08-19 14:41:02,504:INFO:None
2025-08-19 14:41:02,504:INFO:Set up data.
2025-08-19 14:41:02,518:INFO:Set up folding strategy.
2025-08-19 14:41:02,518:INFO:Set up train/test split.
2025-08-19 14:41:02,527:INFO:Set up index.
2025-08-19 14:41:02,528:INFO:Assigning column types.
2025-08-19 14:41:02,535:INFO:Engine successfully changes for model 'lr' to 'sklearn'.
2025-08-19 14:41:02,577:INFO:Engine for model 'knn' has not been set explicitly, hence returning None.
2025-08-19 14:41:02,582:INFO:Engine for model 'rbfsvm' has not been set explicitly, hence returning None.
2025-08-19 14:41:02,619:INFO:Soft dependency imported: xgboost: 3.0.4
2025-08-19 14:41:02,621:INFO:Soft dependency imported: catboost: 1.2.8
2025-08-19 14:41:02,857:INFO:Engine for model 'knn' has not been set explicitly, hence returning None.
2025-08-19 14:41:02,857:INFO:Engine for model 'rbfsvm' has not been set explicitly, hence returning None.
2025-08-19 14:41:02,883:INFO:Soft dependency imported: xgboost: 3.0.4
2025-08-19 14:41:02,885:INFO:Soft dependency imported: catboost: 1.2.8
2025-08-19 14:41:02,886:INFO:Engine successfully changes for model 'knn' to 'sklearn'.
2025-08-19 14:41:02,927:INFO:Engine for model 'rbfsvm' has not been set explicitly, hence returning None.
2025-08-19 14:41:02,951:INFO:Soft dependency imported: xgboost: 3.0.4
2025-08-19 14:41:02,954:INFO:Soft dependency imported: catboost: 1.2.8
2025-08-19 14:41:02,995:INFO:Engine for model 'rbfsvm' has not been set explicitly, hence returning None.
2025-08-19 14:41:03,020:INFO:Soft dependency imported: xgboost: 3.0.4
2025-08-19 14:41:03,023:INFO:Soft dependency imported: catboost: 1.2.8
2025-08-19 14:41:03,023:INFO:Engine successfully changes for model 'rbfsvm' to 'sklearn'.
2025-08-19 14:41:03,089:INFO:Soft dependency imported: xgboost: 3.0.4
2025-08-19 14:41:03,092:INFO:Soft dependency imported: catboost: 1.2.8
2025-08-19 14:41:03,158:INFO:Soft dependency imported: xgboost: 3.0.4
2025-08-19 14:41:03,161:INFO:Soft dependency imported: catboost: 1.2.8
2025-08-19 14:41:03,164:INFO:Preparing preprocessing pipeline...
2025-08-19 14:41:03,166:INFO:Set up simple imputation.
2025-08-19 14:41:03,185:INFO:Finished creating preprocessing pipeline.
2025-08-19 14:41:03,190:INFO:Pipeline: Pipeline(memory=FastMemory(location=/tmp/joblib),
         steps=[('numerical_imputer',
                 TransformerWrapper(exclude=None,
                                    include=['having_IP_Address', 'URL_Length',
                                             'Shortining_Service',
                                             'having_At_Symbol',
                                             'double_slash_redirecting',
                                             'Prefix_Suffix',
                                             'having_Sub_Domain',
                                             'SSLfinal_State', 'URL_of_Anchor',
                                             'Links_in_tags', 'SFH',
                                             'Abnormal_URL',
                                             'has_political_keyword'],
                                    t...SimpleImputer(add_indicator=False,
                                                              copy=True,
                                                              fill_value=None,
                                                              keep_empty_features=False,
                                                              missing_values=nan,
                                                              strategy='mean'))),
                ('categorical_imputer',
                 TransformerWrapper(exclude=None, include=[],
                                    transformer=SimpleImputer(add_indicator=False,
                                                              copy=True,
                                                              fill_value=None,
                                                              keep_empty_features=False,
                                                              missing_values=nan,
                                                              strategy='most_frequent')))],
         verbose=False)
2025-08-19 14:41:03,190:INFO:Creating final display dataframe.
2025-08-19 14:41:03,254:INFO:Setup _display_container:                     Description             Value
0                    Session id                42
1                        Target             label
2                   Target type            Binary
3           Original data shape         (499, 14)
4        Transformed data shape         (499, 14)
5   Transformed train set shape         (349, 14)
6    Transformed test set shape         (150, 14)
7              Numeric features                13
8                    Preprocess              True
9               Imputation type            simple
10           Numeric imputation              mean
11       Categorical imputation              mode
12               Fold Generator   StratifiedKFold
13                  Fold Number                10
14                     CPU Jobs                -1
15                      Use GPU             False
16               Log Experiment             False
17              Experiment Name  clf-default-name
18                          USI              ef5f
2025-08-19 14:41:03,322:INFO:Soft dependency imported: xgboost: 3.0.4
2025-08-19 14:41:03,325:INFO:Soft dependency imported: catboost: 1.2.8
2025-08-19 14:41:03,391:INFO:Soft dependency imported: xgboost: 3.0.4
2025-08-19 14:41:03,394:INFO:Soft dependency imported: catboost: 1.2.8
2025-08-19 14:41:03,396:INFO:setup() successfully completed in 7.58s...............
2025-08-19 14:41:03,396:INFO:Initializing compare_models()
2025-08-19 14:41:03,396:INFO:compare_models(self=<pycaret.classification.oop.ClassificationExperiment object at 0x7bc725be2750>, include=['rf', 'et', 'lightgbm'], exclude=None, fold=None, round=4, cross_validation=True, sort=Accuracy, n_select=1, budget_time=None, turbo=True, errors=ignore, fit_kwargs=None, groups=None, experiment_custom_tags=None, probability_threshold=None, verbose=True, parallel=None, caller_params={'self': <pycaret.classification.oop.ClassificationExperiment object at 0x7bc725be2750>, 'include': ['rf', 'et', 'lightgbm'], 'exclude': None, 'fold': None, 'round': 4, 'cross_validation': True, 'sort': 'Accuracy', 'n_select': 1, 'budget_time': None, 'turbo': True, 'errors': 'ignore', 'fit_kwargs': None, 'groups': None, 'experiment_custom_tags': None, 'probability_threshold': None, 'engine': None, 'verbose': True, 'parallel': None, '__class__': <class 'pycaret.classification.oop.ClassificationExperiment'>})
2025-08-19 14:41:03,396:INFO:Checking exceptions
2025-08-19 14:41:03,402:INFO:Preparing display monitor
2025-08-19 14:41:03,407:INFO:Initializing Random Forest Classifier
2025-08-19 14:41:03,407:INFO:Total runtime is 1.4742215474446615e-06 minutes
2025-08-19 14:41:03,407:INFO:SubProcess create_model() called ==================================
2025-08-19 14:41:03,407:INFO:Initializing create_model()
2025-08-19 14:41:03,407:INFO:create_model(self=<pycaret.classification.oop.ClassificationExperiment object at 0x7bc725be2750>, estimator=rf, fold=StratifiedKFold(n_splits=10, random_state=None, shuffle=False), round=4, cross_validation=True, predict=True, fit_kwargs={}, groups=None, refit=False, probability_threshold=None, experiment_custom_tags=None, verbose=False, system=False, add_to_model_list=True, metrics=None, display=<pycaret.internal.display.display.CommonDisplay object at 0x7bc70afd9490>, model_only=True, return_train_score=False, error_score=0.0, kwargs={})
2025-08-19 14:41:03,407:INFO:Checking exceptions
2025-08-19 14:41:03,407:INFO:Importing libraries
2025-08-19 14:41:03,407:INFO:Copying training dataset
2025-08-19 14:41:03,411:INFO:Defining folds
2025-08-19 14:41:03,411:INFO:Declaring metric variables
2025-08-19 14:41:03,412:INFO:Importing untrained model
2025-08-19 14:41:03,412:INFO:Random Forest Classifier Imported successfully
2025-08-19 14:41:03,412:INFO:Starting cross validation
2025-08-19 14:41:03,413:INFO:Cross validating with StratifiedKFold(n_splits=10, random_state=None, shuffle=False), n_jobs=-1
2025-08-19 14:41:07,947:INFO:Calculating mean and std
2025-08-19 14:41:07,948:INFO:Creating metrics dataframe
2025-08-19 14:41:07,951:INFO:Uploading results into container
2025-08-19 14:41:07,951:INFO:Uploading model into container now
2025-08-19 14:41:07,952:INFO:_master_model_container: 1
2025-08-19 14:41:07,952:INFO:_display_container: 2
2025-08-19 14:41:07,952:INFO:RandomForestClassifier(bootstrap=True, ccp_alpha=0.0, class_weight=None,
                       criterion='gini', max_depth=None, max_features='sqrt',
                       max_leaf_nodes=None, max_samples=None,
                       min_impurity_decrease=0.0, min_samples_leaf=1,
                       min_samples_split=2, min_weight_fraction_leaf=0.0,
                       monotonic_cst=None, n_estimators=100, n_jobs=-1,
                       oob_score=False, random_state=42, verbose=0,
                       warm_start=False)
2025-08-19 14:41:07,952:INFO:create_model() successfully completed......................................
2025-08-19 14:41:08,169:INFO:SubProcess create_model() end ==================================
2025-08-19 14:41:08,169:INFO:Creating metrics dataframe
2025-08-19 14:41:08,171:INFO:Initializing Extra Trees Classifier
2025-08-19 14:41:08,171:INFO:Total runtime is 0.07941154638926189 minutes
2025-08-19 14:41:08,172:INFO:SubProcess create_model() called ==================================
2025-08-19 14:41:08,172:INFO:Initializing create_model()
2025-08-19 14:41:08,172:INFO:create_model(self=<pycaret.classification.oop.ClassificationExperiment object at 0x7bc725be2750>, estimator=et, fold=StratifiedKFold(n_splits=10, random_state=None, shuffle=False), round=4, cross_validation=True, predict=True, fit_kwargs={}, groups=None, refit=False, probability_threshold=None, experiment_custom_tags=None, verbose=False, system=False, add_to_model_list=True, metrics=None, display=<pycaret.internal.display.display.CommonDisplay object at 0x7bc70afd9490>, model_only=True, return_train_score=False, error_score=0.0, kwargs={})
2025-08-19 14:41:08,172:INFO:Checking exceptions
2025-08-19 14:41:08,172:INFO:Importing libraries
2025-08-19 14:41:08,172:INFO:Copying training dataset
2025-08-19 14:41:08,176:INFO:Defining folds
2025-08-19 14:41:08,176:INFO:Declaring metric variables
2025-08-19 14:41:08,176:INFO:Importing untrained model
2025-08-19 14:41:08,177:INFO:Extra Trees Classifier Imported successfully
2025-08-19 14:41:08,177:INFO:Starting cross validation
2025-08-19 14:41:08,177:INFO:Cross validating with StratifiedKFold(n_splits=10, random_state=None, shuffle=False), n_jobs=-1
2025-08-19 14:41:09,140:INFO:Calculating mean and std
2025-08-19 14:41:09,141:INFO:Creating metrics dataframe
2025-08-19 14:41:09,143:INFO:Uploading results into container
2025-08-19 14:41:09,143:INFO:Uploading model into container now
2025-08-19 14:41:09,144:INFO:_master_model_container: 2
2025-08-19 14:41:09,144:INFO:_display_container: 2
2025-08-19 14:41:09,144:INFO:ExtraTreesClassifier(bootstrap=False, ccp_alpha=0.0, class_weight=None,
                     criterion='gini', max_depth=None, max_features='sqrt',
                     max_leaf_nodes=None, max_samples=None,
                     min_impurity_decrease=0.0, min_samples_leaf=1,
                     min_samples_split=2, min_weight_fraction_leaf=0.0,
                     monotonic_cst=None, n_estimators=100, n_jobs=-1,
                     oob_score=False, random_state=42, verbose=0,
                     warm_start=False)
2025-08-19 14:41:09,144:INFO:create_model() successfully completed......................................
2025-08-19 14:41:09,326:INFO:SubProcess create_model() end ==================================
2025-08-19 14:41:09,327:INFO:Creating metrics dataframe
2025-08-19 14:41:09,329:INFO:Initializing Light Gradient Boosting Machine
2025-08-19 14:41:09,329:INFO:Total runtime is 0.09870935281117757 minutes
2025-08-19 14:41:09,329:INFO:SubProcess create_model() called ==================================
2025-08-19 14:41:09,330:INFO:Initializing create_model()
2025-08-19 14:41:09,330:INFO:create_model(self=<pycaret.classification.oop.ClassificationExperiment object at 0x7bc725be2750>, estimator=lightgbm, fold=StratifiedKFold(n_splits=10, random_state=None, shuffle=False), round=4, cross_validation=True, predict=True, fit_kwargs={}, groups=None, refit=False, probability_threshold=None, experiment_custom_tags=None, verbose=False, system=False, add_to_model_list=True, metrics=None, display=<pycaret.internal.display.display.CommonDisplay object at 0x7bc70afd9490>, model_only=True, return_train_score=False, error_score=0.0, kwargs={})
2025-08-19 14:41:09,330:INFO:Checking exceptions
2025-08-19 14:41:09,330:INFO:Importing libraries
2025-08-19 14:41:09,330:INFO:Copying training dataset
2025-08-19 14:41:09,334:INFO:Defining folds
2025-08-19 14:41:09,334:INFO:Declaring metric variables
2025-08-19 14:41:09,334:INFO:Importing untrained model
2025-08-19 14:41:09,335:INFO:Light Gradient Boosting Machine Imported successfully
2025-08-19 14:41:09,335:INFO:Starting cross validation
2025-08-19 14:41:09,335:INFO:Cross validating with StratifiedKFold(n_splits=10, random_state=None, shuffle=False), n_jobs=-1
2025-08-19 14:42:24,506:INFO:Calculating mean and std
2025-08-19 14:42:24,507:INFO:Creating metrics dataframe
2025-08-19 14:42:24,508:INFO:Uploading results into container
2025-08-19 14:42:24,509:INFO:Uploading model into container now
2025-08-19 14:42:24,509:INFO:_master_model_container: 3
2025-08-19 14:42:24,509:INFO:_display_container: 2
2025-08-19 14:42:24,510:INFO:LGBMClassifier(boosting_type='gbdt', class_weight=None, colsample_bytree=1.0,
               importance_type='split', learning_rate=0.1, max_depth=-1,
               min_child_samples=20, min_child_weight=0.001, min_split_gain=0.0,
               n_estimators=100, n_jobs=-1, num_leaves=31, objective=None,
               random_state=42, reg_alpha=0.0, reg_lambda=0.0, subsample=1.0,
               subsample_for_bin=200000, subsample_freq=0)
2025-08-19 14:42:24,510:INFO:create_model() successfully completed......................................
2025-08-19 14:42:24,689:INFO:SubProcess create_model() end ==================================
2025-08-19 14:42:24,689:INFO:Creating metrics dataframe
2025-08-19 14:42:24,692:WARNING:/usr/local/lib/python3.11/site-packages/pycaret/internal/pycaret_experiment/supervised_experiment.py:339: FutureWarning: Styler.applymap has been deprecated. Use Styler.map instead.

2025-08-19 14:42:24,693:INFO:Initializing create_model()
2025-08-19 14:42:24,694:INFO:create_model(self=<pycaret.classification.oop.ClassificationExperiment object at 0x7bc725be2750>, estimator=RandomForestClassifier(bootstrap=True, ccp_alpha=0.0, class_weight=None,
                       criterion='gini', max_depth=None, max_features='sqrt',
                       max_leaf_nodes=None, max_samples=None,
                       min_impurity_decrease=0.0, min_samples_leaf=1,
                       min_samples_split=2, min_weight_fraction_leaf=0.0,
                       monotonic_cst=None, n_estimators=100, n_jobs=-1,
                       oob_score=False, random_state=42, verbose=0,
                       warm_start=False), fold=StratifiedKFold(n_splits=10, random_state=None, shuffle=False), round=4, cross_validation=False, predict=False, fit_kwargs={}, groups=None, refit=True, probability_threshold=None, experiment_custom_tags=None, verbose=False, system=False, add_to_model_list=True, metrics=None, display=None, model_only=True, return_train_score=False, error_score=0.0, kwargs={})
2025-08-19 14:42:24,694:INFO:Checking exceptions
2025-08-19 14:42:24,694:INFO:Importing libraries
2025-08-19 14:42:24,694:INFO:Copying training dataset
2025-08-19 14:42:24,698:INFO:Defining folds
2025-08-19 14:42:24,698:INFO:Declaring metric variables
2025-08-19 14:42:24,698:INFO:Importing untrained model
2025-08-19 14:42:24,698:INFO:Declaring custom model
2025-08-19 14:42:24,699:INFO:Random Forest Classifier Imported successfully
2025-08-19 14:42:24,699:INFO:Cross validation set to False
2025-08-19 14:42:24,699:INFO:Fitting Model
2025-08-19 14:42:24,872:INFO:RandomForestClassifier(bootstrap=True, ccp_alpha=0.0, class_weight=None,
                       criterion='gini', max_depth=None, max_features='sqrt',
                       max_leaf_nodes=None, max_samples=None,
                       min_impurity_decrease=0.0, min_samples_leaf=1,
                       min_samples_split=2, min_weight_fraction_leaf=0.0,
                       monotonic_cst=None, n_estimators=100, n_jobs=-1,
                       oob_score=False, random_state=42, verbose=0,
                       warm_start=False)
2025-08-19 14:42:24,872:INFO:create_model() successfully completed......................................
2025-08-19 14:42:25,056:INFO:_master_model_container: 3
2025-08-19 14:42:25,056:INFO:_display_container: 2
2025-08-19 14:42:25,057:INFO:RandomForestClassifier(bootstrap=True, ccp_alpha=0.0, class_weight=None,
                       criterion='gini', max_depth=None, max_features='sqrt',
                       max_leaf_nodes=None, max_samples=None,
                       min_impurity_decrease=0.0, min_samples_leaf=1,
                       min_samples_split=2, min_weight_fraction_leaf=0.0,
                       monotonic_cst=None, n_estimators=100, n_jobs=-1,
                       oob_score=False, random_state=42, verbose=0,
                       warm_start=False)
2025-08-19 14:42:25,057:INFO:compare_models() successfully completed......................................
2025-08-19 14:42:25,057:INFO:Initializing finalize_model()
2025-08-19 14:42:25,057:INFO:finalize_model(self=<pycaret.classification.oop.ClassificationExperiment object at 0x7bc725be2750>, estimator=RandomForestClassifier(bootstrap=True, ccp_alpha=0.0, class_weight=None,
                       criterion='gini', max_depth=None, max_features='sqrt',
                       max_leaf_nodes=None, max_samples=None,
                       min_impurity_decrease=0.0, min_samples_leaf=1,
                       min_samples_split=2, min_weight_fraction_leaf=0.0,
                       monotonic_cst=None, n_estimators=100, n_jobs=-1,
                       oob_score=False, random_state=42, verbose=0,
                       warm_start=False), fit_kwargs=None, groups=None, model_only=False, experiment_custom_tags=None)
2025-08-19 14:42:25,057:INFO:Finalizing RandomForestClassifier(bootstrap=True, ccp_alpha=0.0, class_weight=None,
                       criterion='gini', max_depth=None, max_features='sqrt',
                       max_leaf_nodes=None, max_samples=None,
                       min_impurity_decrease=0.0, min_samples_leaf=1,
                       min_samples_split=2, min_weight_fraction_leaf=0.0,
                       monotonic_cst=None, n_estimators=100, n_jobs=-1,
                       oob_score=False, random_state=42, verbose=0,
                       warm_start=False)
2025-08-19 14:42:25,060:INFO:Initializing create_model()
2025-08-19 14:42:25,060:INFO:create_model(self=<pycaret.classification.oop.ClassificationExperiment object at 0x7bc725be2750>, estimator=RandomForestClassifier(bootstrap=True, ccp_alpha=0.0, class_weight=None,
                       criterion='gini', max_depth=None, max_features='sqrt',
                       max_leaf_nodes=None, max_samples=None,
                       min_impurity_decrease=0.0, min_samples_leaf=1,
                       min_samples_split=2, min_weight_fraction_leaf=0.0,
                       monotonic_cst=None, n_estimators=100, n_jobs=-1,
                       oob_score=False, random_state=42, verbose=0,
                       warm_start=False), fold=None, round=4, cross_validation=False, predict=False, fit_kwargs={}, groups=None, refit=True, probability_threshold=None, experiment_custom_tags=None, verbose=False, system=False, add_to_model_list=False, metrics=None, display=None, model_only=False, return_train_score=False, error_score=0.0, kwargs={})
2025-08-19 14:42:25,060:INFO:Checking exceptions
2025-08-19 14:42:25,061:INFO:Importing libraries
2025-08-19 14:42:25,061:INFO:Copying training dataset
2025-08-19 14:42:25,061:INFO:Defining folds
2025-08-19 14:42:25,061:INFO:Declaring metric variables
2025-08-19 14:42:25,062:INFO:Importing untrained model
2025-08-19 14:42:25,062:INFO:Declaring custom model
2025-08-19 14:42:25,062:INFO:Random Forest Classifier Imported successfully
2025-08-19 14:42:25,063:INFO:Cross validation set to False
2025-08-19 14:42:25,063:INFO:Fitting Model
2025-08-19 14:42:25,219:INFO:Pipeline(memory=Memory(location=None),
         steps=[('numerical_imputer',
                 TransformerWrapper(exclude=None,
                                    include=['having_IP_Address', 'URL_Length',
                                             'Shortining_Service',
                                             'having_At_Symbol',
                                             'double_slash_redirecting',
                                             'Prefix_Suffix',
                                             'having_Sub_Domain',
                                             'SSLfinal_State', 'URL_of_Anchor',
                                             'Links_in_tags', 'SFH',
                                             'Abnormal_URL',
                                             'has_political_keyword'],
                                    transformer=...
                 RandomForestClassifier(bootstrap=True, ccp_alpha=0.0,
                                        class_weight=None, criterion='gini',
                                        max_depth=None, max_features='sqrt',
                                        max_leaf_nodes=None, max_samples=None,
                                        min_impurity_decrease=0.0,
                                        min_samples_leaf=1, min_samples_split=2,
                                        min_weight_fraction_leaf=0.0,
                                        monotonic_cst=None, n_estimators=100,
                                        n_jobs=-1, oob_score=False,
                                        random_state=42, verbose=0,
                                        warm_start=False))],
         verbose=False)
2025-08-19 14:42:25,219:INFO:create_model() successfully completed......................................
2025-08-19 14:42:25,399:INFO:_master_model_container: 3
2025-08-19 14:42:25,399:INFO:_display_container: 2
2025-08-19 14:42:25,403:INFO:Pipeline(memory=Memory(location=None),
         steps=[('numerical_imputer',
                 TransformerWrapper(exclude=None,
                                    include=['having_IP_Address', 'URL_Length',
                                             'Shortining_Service',
                                             'having_At_Symbol',
                                             'double_slash_redirecting',
                                             'Prefix_Suffix',
                                             'having_Sub_Domain',
                                             'SSLfinal_State', 'URL_of_Anchor',
                                             'Links_in_tags', 'SFH',
                                             'Abnormal_URL',
                                             'has_political_keyword'],
                                    transformer=...
                 RandomForestClassifier(bootstrap=True, ccp_alpha=0.0,
                                        class_weight=None, criterion='gini',
                                        max_depth=None, max_features='sqrt',
                                        max_leaf_nodes=None, max_samples=None,
                                        min_impurity_decrease=0.0,
                                        min_samples_leaf=1, min_samples_split=2,
                                        min_weight_fraction_leaf=0.0,
                                        monotonic_cst=None, n_estimators=100,
                                        n_jobs=-1, oob_score=False,
                                        random_state=42, verbose=0,
                                        warm_start=False))],
         verbose=False)
2025-08-19 14:42:25,403:INFO:finalize_model() successfully completed......................................
2025-08-19 14:42:25,585:INFO:Initializing plot_model()
2025-08-19 14:42:25,585:INFO:plot_model(self=<pycaret.classification.oop.ClassificationExperiment object at 0x7bc725be2750>, estimator=Pipeline(memory=Memory(location=None),
         steps=[('numerical_imputer',
                 TransformerWrapper(exclude=None,
                                    include=['having_IP_Address', 'URL_Length',
                                             'Shortining_Service',
                                             'having_At_Symbol',
                                             'double_slash_redirecting',
                                             'Prefix_Suffix',
                                             'having_Sub_Domain',
                                             'SSLfinal_State', 'URL_of_Anchor',
                                             'Links_in_tags', 'SFH',
                                             'Abnormal_URL',
                                             'has_political_keyword'],
                                    transformer=...
                 RandomForestClassifier(bootstrap=True, ccp_alpha=0.0,
                                        class_weight=None, criterion='gini',
                                        max_depth=None, max_features='sqrt',
                                        max_leaf_nodes=None, max_samples=None,
                                        min_impurity_decrease=0.0,
                                        min_samples_leaf=1, min_samples_split=2,
                                        min_weight_fraction_leaf=0.0,
                                        monotonic_cst=None, n_estimators=100,
                                        n_jobs=-1, oob_score=False,
                                        random_state=42, verbose=0,
                                        warm_start=False))],
         verbose=False), plot=feature, scale=1, save=True, fold=None, fit_kwargs=None, plot_kwargs=None, groups=None, feature_name=None, label=False, verbose=True, system=True, display=None, display_format=None)
2025-08-19 14:42:25,585:INFO:Checking exceptions
2025-08-19 14:42:25,599:INFO:Preloading libraries
2025-08-19 14:42:25,606:INFO:Copying training dataset
2025-08-19 14:42:25,606:INFO:Plot type: feature
2025-08-19 14:42:25,607:WARNING:No coef_ found. Trying feature_importances_
2025-08-19 14:42:25,679:INFO:Saving 'Feature Importance.png'
2025-08-19 14:42:25,683:WARNING:findfont: Generic family 'sans-serif' not found because none of the following families were found: Arial, Liberation Sans, Bitstream Vera Sans, sans-serif
2025-08-19 14:42:25,689:WARNING:findfont: Generic family 'sans-serif' not found because none of the following families were found: Arial, Liberation Sans, Bitstream Vera Sans, sans-serif
2025-08-19 14:42:25,690:WARNING:findfont: Generic family 'sans-serif' not found because none of the following families were found: Arial, Liberation Sans, Bitstream Vera Sans, sans-serif
2025-08-19 14:42:25,691:WARNING:findfont: Generic family 'sans-serif' not found because none of the following families were found: Arial, Liberation Sans, Bitstream Vera Sans, sans-serif
2025-08-19 14:42:25,692:WARNING:findfont: Generic family 'sans-serif' not found because none of the following families were found: Arial, Liberation Sans, Bitstream Vera Sans, sans-serif
2025-08-19 14:42:25,692:WARNING:findfont: Generic family 'sans-serif' not found because none of the following families were found: Arial, Liberation Sans, Bitstream Vera Sans, sans-serif
2025-08-19 14:42:25,693:WARNING:findfont: Generic family 'sans-serif' not found because none of the following families were found: Arial, Liberation Sans, Bitstream Vera Sans, sans-serif
2025-08-19 14:42:25,694:WARNING:findfont: Generic family 'sans-serif' not found because none of the following families were found: Arial, Liberation Sans, Bitstream Vera Sans, sans-serif
2025-08-19 14:42:25,694:WARNING:findfont: Generic family 'sans-serif' not found because none of the following families were found: Arial, Liberation Sans, Bitstream Vera Sans, sans-serif
2025-08-19 14:42:25,695:WARNING:findfont: Generic family 'sans-serif' not found because none of the following families were found: Arial, Liberation Sans, Bitstream Vera Sans, sans-serif
2025-08-19 14:42:25,695:WARNING:findfont: Generic family 'sans-serif' not found because none of the following families were found: Arial, Liberation Sans, Bitstream Vera Sans, sans-serif
2025-08-19 14:42:25,698:WARNING:findfont: Generic family 'sans-serif' not found because none of the following families were found: Arial, Liberation Sans, Bitstream Vera Sans, sans-serif
2025-08-19 14:42:25,699:WARNING:findfont: Generic family 'sans-serif' not found because none of the following families were found: Arial, Liberation Sans, Bitstream Vera Sans, sans-serif
2025-08-19 14:42:25,699:WARNING:findfont: Generic family 'sans-serif' not found because none of the following families were found: Arial, Liberation Sans, Bitstream Vera Sans, sans-serif
2025-08-19 14:42:25,700:WARNING:findfont: Generic family 'sans-serif' not found because none of the following families were found: Arial, Liberation Sans, Bitstream Vera Sans, sans-serif
2025-08-19 14:42:25,712:WARNING:findfont: Generic family 'sans-serif' not found because none of the following families were found: Arial, Liberation Sans, Bitstream Vera Sans, sans-serif
2025-08-19 14:42:25,713:WARNING:findfont: Generic family 'sans-serif' not found because none of the following families were found: Arial, Liberation Sans, Bitstream Vera Sans, sans-serif
2025-08-19 14:42:25,713:WARNING:findfont: Generic family 'sans-serif' not found because none of the following families were found: Arial, Liberation Sans, Bitstream Vera Sans, sans-serif
2025-08-19 14:42:25,714:WARNING:findfont: Generic family 'sans-serif' not found because none of the following families were found: Arial, Liberation Sans, Bitstream Vera Sans, sans-serif
2025-08-19 14:42:25,714:WARNING:findfont: Generic family 'sans-serif' not found because none of the following families were found: Arial, Liberation Sans, Bitstream Vera Sans, sans-serif
2025-08-19 14:42:25,714:WARNING:findfont: Generic family 'sans-serif' not found because none of the following families were found: Arial, Liberation Sans, Bitstream Vera Sans, sans-serif
2025-08-19 14:42:25,715:WARNING:findfont: Generic family 'sans-serif' not found because none of the following families were found: Arial, Liberation Sans, Bitstream Vera Sans, sans-serif
2025-08-19 14:42:25,715:WARNING:findfont: Generic family 'sans-serif' not found because none of the following families were found: Arial, Liberation Sans, Bitstream Vera Sans, sans-serif
2025-08-19 14:42:25,722:WARNING:findfont: Generic family 'sans-serif' not found because none of the following families were found: Arial, Liberation Sans, Bitstream Vera Sans, sans-serif
2025-08-19 14:42:25,771:WARNING:findfont: Generic family 'sans-serif' not found because none of the following families were found: Arial, Liberation Sans, Bitstream Vera Sans, sans-serif
2025-08-19 14:42:25,771:WARNING:findfont: Generic family 'sans-serif' not found because none of the following families were found: Arial, Liberation Sans, Bitstream Vera Sans, sans-serif
2025-08-19 14:42:25,771:WARNING:findfont: Generic family 'sans-serif' not found because none of the following families were found: Arial, Liberation Sans, Bitstream Vera Sans, sans-serif
2025-08-19 14:42:25,772:WARNING:findfont: Generic family 'sans-serif' not found because none of the following families were found: Arial, Liberation Sans, Bitstream Vera Sans, sans-serif
2025-08-19 14:42:25,773:WARNING:findfont: Generic family 'sans-serif' not found because none of the following families were found: Arial, Liberation Sans, Bitstream Vera Sans, sans-serif
2025-08-19 14:42:25,773:WARNING:findfont: Generic family 'sans-serif' not found because none of the following families were found: Arial, Liberation Sans, Bitstream Vera Sans, sans-serif
2025-08-19 14:42:25,774:WARNING:findfont: Generic family 'sans-serif' not found because none of the following families were found: Arial, Liberation Sans, Bitstream Vera Sans, sans-serif
2025-08-19 14:42:25,774:WARNING:findfont: Generic family 'sans-serif' not found because none of the following families were found: Arial, Liberation Sans, Bitstream Vera Sans, sans-serif
2025-08-19 14:42:25,775:WARNING:findfont: Generic family 'sans-serif' not found because none of the following families were found: Arial, Liberation Sans, Bitstream Vera Sans, sans-serif
2025-08-19 14:42:25,776:WARNING:findfont: Generic family 'sans-serif' not found because none of the following families were found: Arial, Liberation Sans, Bitstream Vera Sans, sans-serif
2025-08-19 14:42:25,776:WARNING:findfont: Generic family 'sans-serif' not found because none of the following families were found: Arial, Liberation Sans, Bitstream Vera Sans, sans-serif
2025-08-19 14:42:25,778:WARNING:findfont: Generic family 'sans-serif' not found because none of the following families were found: Arial, Liberation Sans, Bitstream Vera Sans, sans-serif
2025-08-19 14:42:25,779:WARNING:findfont: Generic family 'sans-serif' not found because none of the following families were found: Arial, Liberation Sans, Bitstream Vera Sans, sans-serif
2025-08-19 14:42:25,779:WARNING:findfont: Generic family 'sans-serif' not found because none of the following families were found: Arial, Liberation Sans, Bitstream Vera Sans, sans-serif
2025-08-19 14:42:25,780:WARNING:findfont: Generic family 'sans-serif' not found because none of the following families were found: Arial, Liberation Sans, Bitstream Vera Sans, sans-serif
2025-08-19 14:42:25,782:WARNING:findfont: Generic family 'sans-serif' not found because none of the following families were found: Arial, Liberation Sans, Bitstream Vera Sans, sans-serif
2025-08-19 14:42:25,782:WARNING:findfont: Generic family 'sans-serif' not found because none of the following families were found: Arial, Liberation Sans, Bitstream Vera Sans, sans-serif
2025-08-19 14:42:25,783:WARNING:findfont: Generic family 'sans-serif' not found because none of the following families were found: Arial, Liberation Sans, Bitstream Vera Sans, sans-serif
2025-08-19 14:42:25,783:WARNING:findfont: Generic family 'sans-serif' not found because none of the following families were found: Arial, Liberation Sans, Bitstream Vera Sans, sans-serif
2025-08-19 14:42:25,783:WARNING:findfont: Generic family 'sans-serif' not found because none of the following families were found: Arial, Liberation Sans, Bitstream Vera Sans, sans-serif
2025-08-19 14:42:25,784:WARNING:findfont: Generic family 'sans-serif' not found because none of the following families were found: Arial, Liberation Sans, Bitstream Vera Sans, sans-serif
2025-08-19 14:42:25,784:WARNING:findfont: Generic family 'sans-serif' not found because none of the following families were found: Arial, Liberation Sans, Bitstream Vera Sans, sans-serif
2025-08-19 14:42:25,784:WARNING:findfont: Generic family 'sans-serif' not found because none of the following families were found: Arial, Liberation Sans, Bitstream Vera Sans, sans-serif
2025-08-19 14:42:25,786:WARNING:findfont: Generic family 'sans-serif' not found because none of the following families were found: Arial, Liberation Sans, Bitstream Vera Sans, sans-serif
2025-08-19 14:42:25,787:WARNING:findfont: Generic family 'sans-serif' not found because none of the following families were found: Arial, Liberation Sans, Bitstream Vera Sans, sans-serif
2025-08-19 14:42:25,788:WARNING:findfont: Generic family 'sans-serif' not found because none of the following families were found: Arial, Liberation Sans, Bitstream Vera Sans, sans-serif
2025-08-19 14:42:25,789:WARNING:findfont: Generic family 'sans-serif' not found because none of the following families were found: Arial, Liberation Sans, Bitstream Vera Sans, sans-serif
2025-08-19 14:42:25,790:WARNING:findfont: Generic family 'sans-serif' not found because none of the following families were found: Arial, Liberation Sans, Bitstream Vera Sans, sans-serif
2025-08-19 14:42:25,790:WARNING:findfont: Generic family 'sans-serif' not found because none of the following families were found: Arial, Liberation Sans, Bitstream Vera Sans, sans-serif
2025-08-19 14:42:25,791:WARNING:findfont: Generic family 'sans-serif' not found because none of the following families were found: Arial, Liberation Sans, Bitstream Vera Sans, sans-serif
2025-08-19 14:42:25,792:WARNING:findfont: Generic family 'sans-serif' not found because none of the following families were found: Arial, Liberation Sans, Bitstream Vera Sans, sans-serif
2025-08-19 14:42:25,796:WARNING:findfont: Generic family 'sans-serif' not found because none of the following families were found: Arial, Liberation Sans, Bitstream Vera Sans, sans-serif
2025-08-19 14:42:25,796:WARNING:findfont: Generic family 'sans-serif' not found because none of the following families were found: Arial, Liberation Sans, Bitstream Vera Sans, sans-serif
2025-08-19 14:42:25,799:WARNING:findfont: Generic family 'sans-serif' not found because none of the following families were found: Arial, Liberation Sans, Bitstream Vera Sans, sans-serif
2025-08-19 14:42:25,801:WARNING:findfont: Generic family 'sans-serif' not found because none of the following families were found: Arial, Liberation Sans, Bitstream Vera Sans, sans-serif
2025-08-19 14:42:25,802:WARNING:findfont: Generic family 'sans-serif' not found because none of the following families were found: Arial, Liberation Sans, Bitstream Vera Sans, sans-serif
2025-08-19 14:42:25,803:WARNING:findfont: Generic family 'sans-serif' not found because none of the following families were found: Arial, Liberation Sans, Bitstream Vera Sans, sans-serif
2025-08-19 14:42:25,804:WARNING:findfont: Generic family 'sans-serif' not found because none of the following families were found: Arial, Liberation Sans, Bitstream Vera Sans, sans-serif
2025-08-19 14:42:25,805:WARNING:findfont: Generic family 'sans-serif' not found because none of the following families were found: Arial, Liberation Sans, Bitstream Vera Sans, sans-serif
2025-08-19 14:42:25,806:WARNING:findfont: Generic family 'sans-serif' not found because none of the following families were found: Arial, Liberation Sans, Bitstream Vera Sans, sans-serif
2025-08-19 14:42:25,807:WARNING:findfont: Generic family 'sans-serif' not found because none of the following families were found: Arial, Liberation Sans, Bitstream Vera Sans, sans-serif
2025-08-19 14:42:25,809:WARNING:findfont: Generic family 'sans-serif' not found because none of the following families were found: Arial, Liberation Sans, Bitstream Vera Sans, sans-serif
2025-08-19 14:42:25,809:WARNING:findfont: Generic family 'sans-serif' not found because none of the following families were found: Arial, Liberation Sans, Bitstream Vera Sans, sans-serif
2025-08-19 14:42:25,812:WARNING:findfont: Generic family 'sans-serif' not found because none of the following families were found: Arial, Liberation Sans, Bitstream Vera Sans, sans-serif
2025-08-19 14:42:25,814:WARNING:findfont: Generic family 'sans-serif' not found because none of the following families were found: Arial, Liberation Sans, Bitstream Vera Sans, sans-serif
2025-08-19 14:42:25,837:WARNING:findfont: Generic family 'sans-serif' not found because none of the following families were found: Arial, Liberation Sans, Bitstream Vera Sans, sans-serif
2025-08-19 14:42:25,838:WARNING:findfont: Generic family 'sans-serif' not found because none of the following families were found: Arial, Liberation Sans, Bitstream Vera Sans, sans-serif
2025-08-19 14:42:25,838:WARNING:findfont: Generic family 'sans-serif' not found because none of the following families were found: Arial, Liberation Sans, Bitstream Vera Sans, sans-serif
2025-08-19 14:42:25,839:WARNING:findfont: Generic family 'sans-serif' not found because none of the following families were found: Arial, Liberation Sans, Bitstream Vera Sans, sans-serif
2025-08-19 14:42:25,840:WARNING:findfont: Generic family 'sans-serif' not found because none of the following families were found: Arial, Liberation Sans, Bitstream Vera Sans, sans-serif
2025-08-19 14:42:25,840:WARNING:findfont: Generic family 'sans-serif' not found because none of the following families were found: Arial, Liberation Sans, Bitstream Vera Sans, sans-serif
2025-08-19 14:42:25,841:WARNING:findfont: Generic family 'sans-serif' not found because none of the following families were found: Arial, Liberation Sans, Bitstream Vera Sans, sans-serif
2025-08-19 14:42:25,841:WARNING:findfont: Generic family 'sans-serif' not found because none of the following families were found: Arial, Liberation Sans, Bitstream Vera Sans, sans-serif
2025-08-19 14:42:25,842:WARNING:findfont: Generic family 'sans-serif' not found because none of the following families were found: Arial, Liberation Sans, Bitstream Vera Sans, sans-serif
2025-08-19 14:42:25,843:WARNING:findfont: Generic family 'sans-serif' not found because none of the following families were found: Arial, Liberation Sans, Bitstream Vera Sans, sans-serif
2025-08-19 14:42:25,843:WARNING:findfont: Generic family 'sans-serif' not found because none of the following families were found: Arial, Liberation Sans, Bitstream Vera Sans, sans-serif
2025-08-19 14:42:25,845:WARNING:findfont: Generic family 'sans-serif' not found because none of the following families were found: Arial, Liberation Sans, Bitstream Vera Sans, sans-serif
2025-08-19 14:42:25,846:WARNING:findfont: Generic family 'sans-serif' not found because none of the following families were found: Arial, Liberation Sans, Bitstream Vera Sans, sans-serif
2025-08-19 14:42:25,846:WARNING:findfont: Generic family 'sans-serif' not found because none of the following families were found: Arial, Liberation Sans, Bitstream Vera Sans, sans-serif
2025-08-19 14:42:25,846:WARNING:findfont: Generic family 'sans-serif' not found because none of the following families were found: Arial, Liberation Sans, Bitstream Vera Sans, sans-serif
2025-08-19 14:42:25,849:WARNING:findfont: Generic family 'sans-serif' not found because none of the following families were found: Arial, Liberation Sans, Bitstream Vera Sans, sans-serif
2025-08-19 14:42:25,849:WARNING:findfont: Generic family 'sans-serif' not found because none of the following families were found: Arial, Liberation Sans, Bitstream Vera Sans, sans-serif
2025-08-19 14:42:25,850:WARNING:findfont: Generic family 'sans-serif' not found because none of the following families were found: Arial, Liberation Sans, Bitstream Vera Sans, sans-serif
2025-08-19 14:42:25,850:WARNING:findfont: Generic family 'sans-serif' not found because none of the following families were found: Arial, Liberation Sans, Bitstream Vera Sans, sans-serif
2025-08-19 14:42:25,850:WARNING:findfont: Generic family 'sans-serif' not found because none of the following families were found: Arial, Liberation Sans, Bitstream Vera Sans, sans-serif
2025-08-19 14:42:25,851:WARNING:findfont: Generic family 'sans-serif' not found because none of the following families were found: Arial, Liberation Sans, Bitstream Vera Sans, sans-serif
2025-08-19 14:42:25,851:WARNING:findfont: Generic family 'sans-serif' not found because none of the following families were found: Arial, Liberation Sans, Bitstream Vera Sans, sans-serif
2025-08-19 14:42:25,851:WARNING:findfont: Generic family 'sans-serif' not found because none of the following families were found: Arial, Liberation Sans, Bitstream Vera Sans, sans-serif
2025-08-19 14:42:25,852:WARNING:findfont: Generic family 'sans-serif' not found because none of the following families were found: Arial, Liberation Sans, Bitstream Vera Sans, sans-serif
2025-08-19 14:42:25,853:WARNING:findfont: Generic family 'sans-serif' not found because none of the following families were found: Arial, Liberation Sans, Bitstream Vera Sans, sans-serif
2025-08-19 14:42:25,854:WARNING:findfont: Generic family 'sans-serif' not found because none of the following families were found: Arial, Liberation Sans, Bitstream Vera Sans, sans-serif
2025-08-19 14:42:25,855:WARNING:findfont: Generic family 'sans-serif' not found because none of the following families were found: Arial, Liberation Sans, Bitstream Vera Sans, sans-serif
2025-08-19 14:42:25,855:WARNING:findfont: Generic family 'sans-serif' not found because none of the following families were found: Arial, Liberation Sans, Bitstream Vera Sans, sans-serif
2025-08-19 14:42:25,856:WARNING:findfont: Generic family 'sans-serif' not found because none of the following families were found: Arial, Liberation Sans, Bitstream Vera Sans, sans-serif
2025-08-19 14:42:25,857:WARNING:findfont: Generic family 'sans-serif' not found because none of the following families were found: Arial, Liberation Sans, Bitstream Vera Sans, sans-serif
2025-08-19 14:42:25,858:WARNING:findfont: Generic family 'sans-serif' not found because none of the following families were found: Arial, Liberation Sans, Bitstream Vera Sans, sans-serif
2025-08-19 14:42:25,861:WARNING:findfont: Generic family 'sans-serif' not found because none of the following families were found: Arial, Liberation Sans, Bitstream Vera Sans, sans-serif
2025-08-19 14:42:25,862:WARNING:findfont: Generic family 'sans-serif' not found because none of the following families were found: Arial, Liberation Sans, Bitstream Vera Sans, sans-serif
2025-08-19 14:42:25,865:WARNING:findfont: Generic family 'sans-serif' not found because none of the following families were found: Arial, Liberation Sans, Bitstream Vera Sans, sans-serif
2025-08-19 14:42:25,866:WARNING:findfont: Generic family 'sans-serif' not found because none of the following families were found: Arial, Liberation Sans, Bitstream Vera Sans, sans-serif
2025-08-19 14:42:25,867:WARNING:findfont: Generic family 'sans-serif' not found because none of the following families were found: Arial, Liberation Sans, Bitstream Vera Sans, sans-serif
2025-08-19 14:42:25,868:WARNING:findfont: Generic family 'sans-serif' not found because none of the following families were found: Arial, Liberation Sans, Bitstream Vera Sans, sans-serif
2025-08-19 14:42:25,869:WARNING:findfont: Generic family 'sans-serif' not found because none of the following families were found: Arial, Liberation Sans, Bitstream Vera Sans, sans-serif
2025-08-19 14:42:25,870:WARNING:findfont: Generic family 'sans-serif' not found because none of the following families were found: Arial, Liberation Sans, Bitstream Vera Sans, sans-serif
2025-08-19 14:42:25,871:WARNING:findfont: Generic family 'sans-serif' not found because none of the following families were found: Arial, Liberation Sans, Bitstream Vera Sans, sans-serif
2025-08-19 14:42:25,872:WARNING:findfont: Generic family 'sans-serif' not found because none of the following families were found: Arial, Liberation Sans, Bitstream Vera Sans, sans-serif
2025-08-19 14:42:25,873:WARNING:findfont: Generic family 'sans-serif' not found because none of the following families were found: Arial, Liberation Sans, Bitstream Vera Sans, sans-serif
2025-08-19 14:42:25,873:WARNING:findfont: Generic family 'sans-serif' not found because none of the following families were found: Arial, Liberation Sans, Bitstream Vera Sans, sans-serif
2025-08-19 14:42:25,876:WARNING:findfont: Generic family 'sans-serif' not found because none of the following families were found: Arial, Liberation Sans, Bitstream Vera Sans, sans-serif
2025-08-19 14:42:25,878:WARNING:findfont: Generic family 'sans-serif' not found because none of the following families were found: Arial, Liberation Sans, Bitstream Vera Sans, sans-serif
2025-08-19 14:42:25,879:INFO:Visual Rendered Successfully
2025-08-19 14:42:26,059:INFO:plot_model() successfully completed......................................
2025-08-19 14:42:26,066:INFO:Initializing save_model()
2025-08-19 14:42:26,067:INFO:save_model(model=Pipeline(memory=Memory(location=None),
         steps=[('numerical_imputer',
                 TransformerWrapper(exclude=None,
                                    include=['having_IP_Address', 'URL_Length',
                                             'Shortining_Service',
                                             'having_At_Symbol',
                                             'double_slash_redirecting',
                                             'Prefix_Suffix',
                                             'having_Sub_Domain',
                                             'SSLfinal_State', 'URL_of_Anchor',
                                             'Links_in_tags', 'SFH',
                                             'Abnormal_URL',
                                             'has_political_keyword'],
                                    transformer=...
                 RandomForestClassifier(bootstrap=True, ccp_alpha=0.0,
                                        class_weight=None, criterion='gini',
                                        max_depth=None, max_features='sqrt',
                                        max_leaf_nodes=None, max_samples=None,
                                        min_impurity_decrease=0.0,
                                        min_samples_leaf=1, min_samples_split=2,
                                        min_weight_fraction_leaf=0.0,
                                        monotonic_cst=None, n_estimators=100,
                                        n_jobs=-1, oob_score=False,
                                        random_state=42, verbose=0,
                                        warm_start=False))],
         verbose=False), model_name=models/phishing_url_detector, prep_pipe_=Pipeline(memory=FastMemory(location=/tmp/joblib),
         steps=[('numerical_imputer',
                 TransformerWrapper(exclude=None,
                                    include=['having_IP_Address', 'URL_Length',
                                             'Shortining_Service',
                                             'having_At_Symbol',
                                             'double_slash_redirecting',
                                             'Prefix_Suffix',
                                             'having_Sub_Domain',
                                             'SSLfinal_State', 'URL_of_Anchor',
                                             'Links_in_tags', 'SFH',
                                             'Abnormal_URL',
                                             'has_political_keyword'],
                                    t...SimpleImputer(add_indicator=False,
                                                              copy=True,
                                                              fill_value=None,
                                                              keep_empty_features=False,
                                                              missing_values=nan,
                                                              strategy='mean'))),
                ('categorical_imputer',
                 TransformerWrapper(exclude=None, include=[],
                                    transformer=SimpleImputer(add_indicator=False,
                                                              copy=True,
                                                              fill_value=None,
                                                              keep_empty_features=False,
                                                              missing_values=nan,
                                                              strategy='most_frequent')))],
         verbose=False), verbose=True, use_case=MLUsecase.CLASSIFICATION, kwargs={})
2025-08-19 14:42:26,067:INFO:Adding model into prep_pipe
2025-08-19 14:42:26,067:WARNING:Only Model saved as it was a pipeline.
2025-08-19 14:42:26,094:INFO:models/phishing_url_detector.pkl saved in current working directory
2025-08-19 14:42:26,097:INFO:Pipeline(memory=Memory(location=None),
         steps=[('numerical_imputer',
                 TransformerWrapper(exclude=None,
                                    include=['having_IP_Address', 'URL_Length',
                                             'Shortining_Service',
                                             'having_At_Symbol',
                                             'double_slash_redirecting',
                                             'Prefix_Suffix',
                                             'having_Sub_Domain',
                                             'SSLfinal_State', 'URL_of_Anchor',
                                             'Links_in_tags', 'SFH',
                                             'Abnormal_URL',
                                             'has_political_keyword'],
                                    transformer=...
                 RandomForestClassifier(bootstrap=True, ccp_alpha=0.0,
                                        class_weight=None, criterion='gini',
                                        max_depth=None, max_features='sqrt',
                                        max_leaf_nodes=None, max_samples=None,
                                        min_impurity_decrease=0.0,
                                        min_samples_leaf=1, min_samples_split=2,
                                        min_weight_fraction_leaf=0.0,
                                        monotonic_cst=None, n_estimators=100,
                                        n_jobs=-1, oob_score=False,
                                        random_state=42, verbose=0,
                                        warm_start=False))],
         verbose=False)
2025-08-19 14:42:26,097:INFO:save_model() successfully completed......................................
2025-08-19 14:42:26,293:INFO:PyCaret ClusteringExperiment
2025-08-19 14:42:26,293:INFO:Logging name: cluster-default-name
2025-08-19 14:42:26,293:INFO:ML Usecase: MLUsecase.CLUSTERING
2025-08-19 14:42:26,293:INFO:version 3.3.2
2025-08-19 14:42:26,293:INFO:Initializing setup()
2025-08-19 14:42:26,293:INFO:self.USI: eb87
2025-08-19 14:42:26,293:INFO:self._variable_keys: {'gpu_n_jobs_param', 'idx', 'seed', 'pipeline', 'exp_id', 'log_plots_param', 'exp_name_log', 'data', 'html_param', 'memory', 'gpu_param', 'X', '_ml_usecase', 'USI', '_available_plots', 'n_jobs_param', 'logging_param'}
2025-08-19 14:42:26,293:INFO:Checking environment
2025-08-19 14:42:26,293:INFO:python_version: 3.11.13
2025-08-19 14:42:26,293:INFO:python_build: ('main', 'Aug 12 2025 22:45:40')
2025-08-19 14:42:26,293:INFO:machine: x86_64
2025-08-19 14:42:26,293:INFO:platform: Linux-6.14.0-1011-aws-x86_64-with-glibc2.41
2025-08-19 14:42:26,293:INFO:Memory: svmem(total=2003546112, available=813162496, percent=59.4, used=1001254912, free=75960320, active=1405120512, inactive=324075520, buffers=26910720, cached=899420160, shared=2977792, slab=114925568)
2025-08-19 14:42:26,294:INFO:Physical Core: 1
2025-08-19 14:42:26,294:INFO:Logical Core: 2
2025-08-19 14:42:26,294:INFO:Checking libraries
2025-08-19 14:42:26,294:INFO:System:
2025-08-19 14:42:26,294:INFO:    python: 3.11.13 (main, Aug 12 2025, 22:45:40) [GCC 14.2.0]
2025-08-19 14:42:26,294:INFO:executable: /usr/local/bin/python
2025-08-19 14:42:26,294:INFO:   machine: Linux-6.14.0-1011-aws-x86_64-with-glibc2.41
2025-08-19 14:42:26,294:INFO:PyCaret required dependencies:
2025-08-19 14:42:26,294:INFO:                 pip: 24.0
2025-08-19 14:42:26,294:INFO:          setuptools: 80.9.0
2025-08-19 14:42:26,294:INFO:             pycaret: 3.3.2
2025-08-19 14:42:26,294:INFO:             IPython: 9.4.0
2025-08-19 14:42:26,294:INFO:          ipywidgets: 8.1.7
2025-08-19 14:42:26,294:INFO:                tqdm: 4.67.1
2025-08-19 14:42:26,294:INFO:               numpy: 1.26.4
2025-08-19 14:42:26,294:INFO:              pandas: 2.1.4
2025-08-19 14:42:26,294:INFO:              jinja2: 3.1.6
2025-08-19 14:42:26,294:INFO:               scipy: 1.11.4
2025-08-19 14:42:26,294:INFO:              joblib: 1.3.2
2025-08-19 14:42:26,294:INFO:             sklearn: 1.4.2
2025-08-19 14:42:26,294:INFO:                pyod: 2.0.5
2025-08-19 14:42:26,294:INFO:            imblearn: 0.14.0
2025-08-19 14:42:26,294:INFO:   category_encoders: 2.7.0
2025-08-19 14:42:26,294:INFO:            lightgbm: 4.6.0
2025-08-19 14:42:26,294:INFO:               numba: 0.61.0
2025-08-19 14:42:26,294:INFO:            requests: 2.32.4
2025-08-19 14:42:26,294:INFO:          matplotlib: 3.7.5
2025-08-19 14:42:26,294:INFO:          scikitplot: 0.3.7
2025-08-19 14:42:26,294:INFO:         yellowbrick: 1.5
2025-08-19 14:42:26,294:INFO:              plotly: 5.24.1
2025-08-19 14:42:26,294:INFO:    plotly-resampler: Not installed
2025-08-19 14:42:26,294:INFO:             kaleido: 1.0.0
2025-08-19 14:42:26,294:INFO:           schemdraw: 0.15
2025-08-19 14:42:26,294:INFO:         statsmodels: 0.14.5
2025-08-19 14:42:26,294:INFO:              sktime: 0.26.0
2025-08-19 14:42:26,294:INFO:               tbats: 1.1.3
2025-08-19 14:42:26,294:INFO:            pmdarima: 2.0.4
2025-08-19 14:42:26,294:INFO:              psutil: 7.0.0
2025-08-19 14:42:26,294:INFO:          markupsafe: 3.0.2
2025-08-19 14:42:26,294:INFO:             pickle5: Not installed
2025-08-19 14:42:26,294:INFO:         cloudpickle: 3.1.1
2025-08-19 14:42:26,295:INFO:         deprecation: 2.1.0
2025-08-19 14:42:26,295:INFO:              xxhash: 3.5.0
2025-08-19 14:42:26,295:INFO:           wurlitzer: 3.1.1
2025-08-19 14:42:26,295:INFO:PyCaret optional dependencies:
2025-08-19 14:42:26,295:INFO:                shap: 0.44.1
2025-08-19 14:42:26,295:INFO:           interpret: 0.7.2
2025-08-19 14:42:26,295:INFO:                umap: 0.5.7
2025-08-19 14:42:26,295:INFO:     ydata_profiling: 4.16.1
2025-08-19 14:42:26,295:INFO:  explainerdashboard: 0.5.1
2025-08-19 14:42:26,295:INFO:             autoviz: Not installed
2025-08-19 14:42:26,295:INFO:           fairlearn: 0.7.0
2025-08-19 14:42:26,295:INFO:          deepchecks: Not installed
2025-08-19 14:42:26,295:INFO:             xgboost: 3.0.4
2025-08-19 14:42:26,295:INFO:            catboost: 1.2.8
2025-08-19 14:42:26,295:INFO:              kmodes: 0.12.2
2025-08-19 14:42:26,295:INFO:             mlxtend: 0.23.4
2025-08-19 14:42:26,295:INFO:       statsforecast: 1.5.0
2025-08-19 14:42:26,295:INFO:        tune_sklearn: Not installed
2025-08-19 14:42:26,295:INFO:                 ray: Not installed
2025-08-19 14:42:26,295:INFO:            hyperopt: 0.2.7
2025-08-19 14:42:26,295:INFO:              optuna: 4.5.0
2025-08-19 14:42:26,295:INFO:               skopt: 0.10.2
2025-08-19 14:42:26,295:INFO:              mlflow: 3.2.0
2025-08-19 14:42:26,295:INFO:              gradio: 5.42.0
2025-08-19 14:42:26,295:INFO:             fastapi: 0.116.1
2025-08-19 14:42:26,295:INFO:             uvicorn: 0.35.0
2025-08-19 14:42:26,295:INFO:              m2cgen: 0.10.0
2025-08-19 14:42:26,295:INFO:           evidently: 0.4.40
2025-08-19 14:42:26,295:INFO:               fugue: 0.8.7
2025-08-19 14:42:26,295:INFO:           streamlit: 1.48.1
2025-08-19 14:42:26,295:INFO:             prophet: Not installed
2025-08-19 14:42:26,295:INFO:None
2025-08-19 14:42:26,295:INFO:Set up data.
2025-08-19 14:42:26,298:INFO:Set up index.
2025-08-19 14:42:26,298:INFO:Assigning column types.
2025-08-19 14:42:26,300:INFO:Engine successfully changes for model 'kmeans' to 'sklearn'.
2025-08-19 14:42:26,301:INFO:Engine for model 'dbscan' has not been set explicitly, hence returning None.
2025-08-19 14:42:26,301:INFO:Soft dependency imported: kmodes: 0.12.2
2025-08-19 14:42:26,308:INFO:Engine for model 'dbscan' has not been set explicitly, hence returning None.
2025-08-19 14:42:26,308:INFO:Soft dependency imported: kmodes: 0.12.2
2025-08-19 14:42:26,308:INFO:Engine successfully changes for model 'dbscan' to 'sklearn'.
2025-08-19 14:42:26,309:INFO:Soft dependency imported: kmodes: 0.12.2
2025-08-19 14:42:26,309:INFO:Soft dependency imported: kmodes: 0.12.2
2025-08-19 14:42:26,309:INFO:Preparing preprocessing pipeline...
2025-08-19 14:42:26,309:INFO:Set up simple imputation.
2025-08-19 14:42:26,309:INFO:Set up feature normalization.
2025-08-19 14:42:26,324:INFO:Finished creating preprocessing pipeline.
2025-08-19 14:42:26,328:INFO:Pipeline: Pipeline(memory=FastMemory(location=/tmp/joblib),
         steps=[('numerical_imputer',
                 TransformerWrapper(exclude=None,
                                    include=['having_IP_Address', 'URL_Length',
                                             'Shortining_Service',
                                             'having_At_Symbol',
                                             'double_slash_redirecting',
                                             'Prefix_Suffix',
                                             'having_Sub_Domain',
                                             'SSLfinal_State', 'URL_of_Anchor',
                                             'Links_in_tags', 'SFH',
                                             'Abnormal_URL',
                                             'has_political_keyword'],
                                    t...
                ('categorical_imputer',
                 TransformerWrapper(exclude=None, include=[],
                                    transformer=SimpleImputer(add_indicator=False,
                                                              copy=True,
                                                              fill_value=None,
                                                              keep_empty_features=False,
                                                              missing_values=nan,
                                                              strategy='most_frequent'))),
                ('normalize',
                 TransformerWrapper(exclude=None, include=None,
                                    transformer=StandardScaler(copy=True,
                                                               with_mean=True,
                                                               with_std=True)))],
         verbose=False)
2025-08-19 14:42:26,328:INFO:Creating final display dataframe.
2025-08-19 14:42:26,347:INFO:Setup _display_container:                Description                 Value
0               Session id                    42
1      Original data shape             (498, 13)
2   Transformed data shape             (498, 13)
3         Numeric features                    13
4               Preprocess                  True
5          Imputation type                simple
6       Numeric imputation                  mean
7   Categorical imputation                  mode
8                Normalize                  True
9         Normalize method                zscore
10                CPU Jobs                    -1
11                 Use GPU                 False
12          Log Experiment                 False
13         Experiment Name  cluster-default-name
14                     USI                  eb87
2025-08-19 14:42:26,347:INFO:Soft dependency imported: kmodes: 0.12.2
2025-08-19 14:42:26,347:INFO:Soft dependency imported: kmodes: 0.12.2
2025-08-19 14:42:26,348:INFO:setup() successfully completed in 0.06s...............
2025-08-19 14:42:26,348:INFO:Initializing create_model()
2025-08-19 14:42:26,348:INFO:create_model(self=<pycaret.clustering.oop.ClusteringExperiment object at 0x7bc6f98f18d0>, estimator=kmeans, num_clusters=3, fraction=0.05, ground_truth=None, round=4, fit_kwargs=None, experiment_custom_tags=None, verbose=True, system=True, add_to_model_list=True, raise_num_clusters=False, display=None, kwargs={})
2025-08-19 14:42:26,348:INFO:Checking exceptions
2025-08-19 14:42:26,363:INFO:Importing untrained model
2025-08-19 14:42:26,363:INFO:K-Means Clustering Imported successfully
2025-08-19 14:42:26,363:INFO:Fitting Model
2025-08-19 14:42:26,405:INFO:KMeans(algorithm='lloyd', copy_x=True, init='k-means++', max_iter=300,
       n_clusters=3, n_init='auto', random_state=42, tol=0.0001, verbose=0)
2025-08-19 14:42:26,405:INFO:create_models() successfully completed......................................
2025-08-19 14:42:26,405:INFO:Uploading results into container
2025-08-19 14:42:26,408:INFO:Uploading model into container now
2025-08-19 14:42:26,421:INFO:_master_model_container: 1
2025-08-19 14:42:26,421:INFO:_display_container: 2
2025-08-19 14:42:26,421:INFO:KMeans(algorithm='lloyd', copy_x=True, init='k-means++', max_iter=300,
       n_clusters=3, n_init='auto', random_state=42, tol=0.0001, verbose=0)
2025-08-19 14:42:26,422:INFO:create_model() successfully completed......................................
2025-08-19 14:42:26,636:INFO:Initializing plot_model()
2025-08-19 14:42:26,636:INFO:plot_model(self=<pycaret.clustering.oop.ClusteringExperiment object at 0x7bc6f98f18d0>, estimator=KMeans(algorithm='lloyd', copy_x=True, init='k-means++', max_iter=300,
       n_clusters=3, n_init='auto', random_state=42, tol=0.0001, verbose=0), plot=silhouette, scale=1, save=True, fold=None, fit_kwargs=None, plot_kwargs=None, groups=None, feature_name=None, label=False, verbose=True, system=True, display=None, display_format=None)
2025-08-19 14:42:26,636:INFO:Checking exceptions
2025-08-19 14:42:26,637:INFO:Preloading libraries
2025-08-19 14:42:26,637:INFO:Copying training dataset
2025-08-19 14:42:26,637:INFO:Plot type: silhouette
2025-08-19 14:42:26,687:INFO:Fitting Model
2025-08-19 14:42:26,687:WARNING:/usr/local/lib/python3.11/site-packages/sklearn/base.py:493: UserWarning: X does not have valid feature names, but KMeans was fitted with feature names

2025-08-19 14:42:26,715:INFO:Saving 'Silhouette Plot.png'
2025-08-19 14:42:26,722:WARNING:findfont: Generic family 'sans-serif' not found because none of the following families were found: Arial, Liberation Sans, Bitstream Vera Sans, sans-serif
2025-08-19 14:42:26,723:WARNING:findfont: Generic family 'sans-serif' not found because none of the following families were found: Arial, Liberation Sans, Bitstream Vera Sans, sans-serif
2025-08-19 14:42:26,723:WARNING:findfont: Generic family 'sans-serif' not found because none of the following families were found: Arial, Liberation Sans, Bitstream Vera Sans, sans-serif
2025-08-19 14:42:26,724:WARNING:findfont: Generic family 'sans-serif' not found because none of the following families were found: Arial, Liberation Sans, Bitstream Vera Sans, sans-serif
2025-08-19 14:42:26,726:WARNING:findfont: Generic family 'sans-serif' not found because none of the following families were found: Arial, Liberation Sans, Bitstream Vera Sans, sans-serif
2025-08-19 14:42:26,726:WARNING:findfont: Generic family 'sans-serif' not found because none of the following families were found: Arial, Liberation Sans, Bitstream Vera Sans, sans-serif
2025-08-19 14:42:26,728:WARNING:findfont: Generic family 'sans-serif' not found because none of the following families were found: Arial, Liberation Sans, Bitstream Vera Sans, sans-serif
2025-08-19 14:42:26,728:WARNING:findfont: Generic family 'sans-serif' not found because none of the following families were found: Arial, Liberation Sans, Bitstream Vera Sans, sans-serif
2025-08-19 14:42:26,744:WARNING:findfont: Generic family 'sans-serif' not found because none of the following families were found: Arial, Liberation Sans, Bitstream Vera Sans, sans-serif
2025-08-19 14:42:26,746:WARNING:findfont: Generic family 'sans-serif' not found because none of the following families were found: Arial, Liberation Sans, Bitstream Vera Sans, sans-serif
2025-08-19 14:42:26,747:WARNING:findfont: Generic family 'sans-serif' not found because none of the following families were found: Arial, Liberation Sans, Bitstream Vera Sans, sans-serif
2025-08-19 14:42:26,748:WARNING:findfont: Generic family 'sans-serif' not found because none of the following families were found: Arial, Liberation Sans, Bitstream Vera Sans, sans-serif
2025-08-19 14:42:26,748:WARNING:findfont: Generic family 'sans-serif' not found because none of the following families were found: Arial, Liberation Sans, Bitstream Vera Sans, sans-serif
2025-08-19 14:42:26,749:WARNING:findfont: Generic family 'sans-serif' not found because none of the following families were found: Arial, Liberation Sans, Bitstream Vera Sans, sans-serif
2025-08-19 14:42:26,749:WARNING:findfont: Generic family 'sans-serif' not found because none of the following families were found: Arial, Liberation Sans, Bitstream Vera Sans, sans-serif
2025-08-19 14:42:26,750:WARNING:findfont: Generic family 'sans-serif' not found because none of the following families were found: Arial, Liberation Sans, Bitstream Vera Sans, sans-serif
2025-08-19 14:42:26,760:WARNING:findfont: Generic family 'sans-serif' not found because none of the following families were found: Arial, Liberation Sans, Bitstream Vera Sans, sans-serif
2025-08-19 14:42:26,771:WARNING:findfont: Generic family 'sans-serif' not found because none of the following families were found: Arial, Liberation Sans, Bitstream Vera Sans, sans-serif
2025-08-19 14:42:26,771:WARNING:findfont: Generic family 'sans-serif' not found because none of the following families were found: Arial, Liberation Sans, Bitstream Vera Sans, sans-serif
2025-08-19 14:42:26,774:WARNING:findfont: Generic family 'sans-serif' not found because none of the following families were found: Arial, Liberation Sans, Bitstream Vera Sans, sans-serif
2025-08-19 14:42:26,776:WARNING:findfont: Generic family 'sans-serif' not found because none of the following families were found: Arial, Liberation Sans, Bitstream Vera Sans, sans-serif
2025-08-19 14:42:26,777:WARNING:findfont: Generic family 'sans-serif' not found because none of the following families were found: Arial, Liberation Sans, Bitstream Vera Sans, sans-serif
2025-08-19 14:42:26,777:WARNING:findfont: Generic family 'sans-serif' not found because none of the following families were found: Arial, Liberation Sans, Bitstream Vera Sans, sans-serif
2025-08-19 14:42:26,799:WARNING:findfont: Generic family 'sans-serif' not found because none of the following families were found: Arial, Liberation Sans, Bitstream Vera Sans, sans-serif
2025-08-19 14:42:26,806:WARNING:findfont: Generic family 'sans-serif' not found because none of the following families were found: Arial, Liberation Sans, Bitstream Vera Sans, sans-serif
2025-08-19 14:42:26,825:WARNING:findfont: Generic family 'sans-serif' not found because none of the following families were found: Arial, Liberation Sans, Bitstream Vera Sans, sans-serif
2025-08-19 14:42:26,831:WARNING:findfont: Generic family 'sans-serif' not found because none of the following families were found: Arial, Liberation Sans, Bitstream Vera Sans, sans-serif
2025-08-19 14:42:26,831:WARNING:findfont: Generic family 'sans-serif' not found because none of the following families were found: Arial, Liberation Sans, Bitstream Vera Sans, sans-serif
2025-08-19 14:42:26,832:WARNING:findfont: Generic family 'sans-serif' not found because none of the following families were found: Arial, Liberation Sans, Bitstream Vera Sans, sans-serif
2025-08-19 14:42:26,832:WARNING:findfont: Generic family 'sans-serif' not found because none of the following families were found: Arial, Liberation Sans, Bitstream Vera Sans, sans-serif
2025-08-19 14:42:26,834:WARNING:findfont: Generic family 'sans-serif' not found because none of the following families were found: Arial, Liberation Sans, Bitstream Vera Sans, sans-serif
2025-08-19 14:42:26,835:WARNING:findfont: Generic family 'sans-serif' not found because none of the following families were found: Arial, Liberation Sans, Bitstream Vera Sans, sans-serif
2025-08-19 14:42:26,836:WARNING:findfont: Generic family 'sans-serif' not found because none of the following families were found: Arial, Liberation Sans, Bitstream Vera Sans, sans-serif
2025-08-19 14:42:26,836:WARNING:findfont: Generic family 'sans-serif' not found because none of the following families were found: Arial, Liberation Sans, Bitstream Vera Sans, sans-serif
2025-08-19 14:42:26,841:WARNING:findfont: Generic family 'sans-serif' not found because none of the following families were found: Arial, Liberation Sans, Bitstream Vera Sans, sans-serif
2025-08-19 14:42:26,842:WARNING:findfont: Generic family 'sans-serif' not found because none of the following families were found: Arial, Liberation Sans, Bitstream Vera Sans, sans-serif
2025-08-19 14:42:26,842:WARNING:findfont: Generic family 'sans-serif' not found because none of the following families were found: Arial, Liberation Sans, Bitstream Vera Sans, sans-serif
2025-08-19 14:42:26,843:WARNING:findfont: Generic family 'sans-serif' not found because none of the following families were found: Arial, Liberation Sans, Bitstream Vera Sans, sans-serif
2025-08-19 14:42:26,844:WARNING:findfont: Generic family 'sans-serif' not found because none of the following families were found: Arial, Liberation Sans, Bitstream Vera Sans, sans-serif
2025-08-19 14:42:26,844:WARNING:findfont: Generic family 'sans-serif' not found because none of the following families were found: Arial, Liberation Sans, Bitstream Vera Sans, sans-serif
2025-08-19 14:42:26,845:WARNING:findfont: Generic family 'sans-serif' not found because none of the following families were found: Arial, Liberation Sans, Bitstream Vera Sans, sans-serif
2025-08-19 14:42:26,845:WARNING:findfont: Generic family 'sans-serif' not found because none of the following families were found: Arial, Liberation Sans, Bitstream Vera Sans, sans-serif
2025-08-19 14:42:26,847:WARNING:findfont: Generic family 'sans-serif' not found because none of the following families were found: Arial, Liberation Sans, Bitstream Vera Sans, sans-serif
2025-08-19 14:42:26,848:WARNING:findfont: Generic family 'sans-serif' not found because none of the following families were found: Arial, Liberation Sans, Bitstream Vera Sans, sans-serif
2025-08-19 14:42:26,850:WARNING:findfont: Generic family 'sans-serif' not found because none of the following families were found: Arial, Liberation Sans, Bitstream Vera Sans, sans-serif
2025-08-19 14:42:26,851:WARNING:findfont: Generic family 'sans-serif' not found because none of the following families were found: Arial, Liberation Sans, Bitstream Vera Sans, sans-serif
2025-08-19 14:42:26,852:WARNING:findfont: Generic family 'sans-serif' not found because none of the following families were found: Arial, Liberation Sans, Bitstream Vera Sans, sans-serif
2025-08-19 14:42:26,853:WARNING:findfont: Generic family 'sans-serif' not found because none of the following families were found: Arial, Liberation Sans, Bitstream Vera Sans, sans-serif
2025-08-19 14:42:26,855:WARNING:findfont: Generic family 'sans-serif' not found because none of the following families were found: Arial, Liberation Sans, Bitstream Vera Sans, sans-serif
2025-08-19 14:42:26,856:WARNING:findfont: Generic family 'sans-serif' not found because none of the following families were found: Arial, Liberation Sans, Bitstream Vera Sans, sans-serif
2025-08-19 14:42:26,861:WARNING:findfont: Generic family 'sans-serif' not found because none of the following families were found: Arial, Liberation Sans, Bitstream Vera Sans, sans-serif
2025-08-19 14:42:26,863:WARNING:findfont: Generic family 'sans-serif' not found because none of the following families were found: Arial, Liberation Sans, Bitstream Vera Sans, sans-serif
2025-08-19 14:42:26,866:WARNING:findfont: Generic family 'sans-serif' not found because none of the following families were found: Arial, Liberation Sans, Bitstream Vera Sans, sans-serif
2025-08-19 14:42:26,868:WARNING:findfont: Generic family 'sans-serif' not found because none of the following families were found: Arial, Liberation Sans, Bitstream Vera Sans, sans-serif
2025-08-19 14:42:26,869:WARNING:findfont: Generic family 'sans-serif' not found because none of the following families were found: Arial, Liberation Sans, Bitstream Vera Sans, sans-serif
2025-08-19 14:42:26,872:WARNING:findfont: Generic family 'sans-serif' not found because none of the following families were found: Arial, Liberation Sans, Bitstream Vera Sans, sans-serif
2025-08-19 14:42:26,879:WARNING:findfont: Generic family 'sans-serif' not found because none of the following families were found: Arial, Liberation Sans, Bitstream Vera Sans, sans-serif
2025-08-19 14:42:26,883:WARNING:findfont: Generic family 'sans-serif' not found because none of the following families were found: Arial, Liberation Sans, Bitstream Vera Sans, sans-serif
2025-08-19 14:42:26,883:WARNING:findfont: Generic family 'sans-serif' not found because none of the following families were found: Arial, Liberation Sans, Bitstream Vera Sans, sans-serif
2025-08-19 14:42:26,886:WARNING:findfont: Generic family 'sans-serif' not found because none of the following families were found: Arial, Liberation Sans, Bitstream Vera Sans, sans-serif
2025-08-19 14:42:26,887:WARNING:findfont: Generic family 'sans-serif' not found because none of the following families were found: Arial, Liberation Sans, Bitstream Vera Sans, sans-serif
2025-08-19 14:42:26,888:WARNING:findfont: Generic family 'sans-serif' not found because none of the following families were found: Arial, Liberation Sans, Bitstream Vera Sans, sans-serif
2025-08-19 14:42:26,889:WARNING:findfont: Generic family 'sans-serif' not found because none of the following families were found: Arial, Liberation Sans, Bitstream Vera Sans, sans-serif
2025-08-19 14:42:26,890:WARNING:findfont: Generic family 'sans-serif' not found because none of the following families were found: Arial, Liberation Sans, Bitstream Vera Sans, sans-serif
2025-08-19 14:42:26,937:WARNING:findfont: Generic family 'sans-serif' not found because none of the following families were found: Arial, Liberation Sans, Bitstream Vera Sans, sans-serif
2025-08-19 14:42:26,937:WARNING:findfont: Generic family 'sans-serif' not found because none of the following families were found: Arial, Liberation Sans, Bitstream Vera Sans, sans-serif
2025-08-19 14:42:26,938:WARNING:findfont: Generic family 'sans-serif' not found because none of the following families were found: Arial, Liberation Sans, Bitstream Vera Sans, sans-serif
2025-08-19 14:42:26,938:WARNING:findfont: Generic family 'sans-serif' not found because none of the following families were found: Arial, Liberation Sans, Bitstream Vera Sans, sans-serif
2025-08-19 14:42:26,939:WARNING:findfont: Generic family 'sans-serif' not found because none of the following families were found: Arial, Liberation Sans, Bitstream Vera Sans, sans-serif
2025-08-19 14:42:26,939:WARNING:findfont: Generic family 'sans-serif' not found because none of the following families were found: Arial, Liberation Sans, Bitstream Vera Sans, sans-serif
2025-08-19 14:42:26,940:WARNING:findfont: Generic family 'sans-serif' not found because none of the following families were found: Arial, Liberation Sans, Bitstream Vera Sans, sans-serif
2025-08-19 14:42:26,940:WARNING:findfont: Generic family 'sans-serif' not found because none of the following families were found: Arial, Liberation Sans, Bitstream Vera Sans, sans-serif
2025-08-19 14:42:26,943:WARNING:findfont: Generic family 'sans-serif' not found because none of the following families were found: Arial, Liberation Sans, Bitstream Vera Sans, sans-serif
2025-08-19 14:42:26,944:WARNING:findfont: Generic family 'sans-serif' not found because none of the following families were found: Arial, Liberation Sans, Bitstream Vera Sans, sans-serif
2025-08-19 14:42:26,944:WARNING:findfont: Generic family 'sans-serif' not found because none of the following families were found: Arial, Liberation Sans, Bitstream Vera Sans, sans-serif
2025-08-19 14:42:26,944:WARNING:findfont: Generic family 'sans-serif' not found because none of the following families were found: Arial, Liberation Sans, Bitstream Vera Sans, sans-serif
2025-08-19 14:42:26,945:WARNING:findfont: Generic family 'sans-serif' not found because none of the following families were found: Arial, Liberation Sans, Bitstream Vera Sans, sans-serif
2025-08-19 14:42:26,945:WARNING:findfont: Generic family 'sans-serif' not found because none of the following families were found: Arial, Liberation Sans, Bitstream Vera Sans, sans-serif
2025-08-19 14:42:26,945:WARNING:findfont: Generic family 'sans-serif' not found because none of the following families were found: Arial, Liberation Sans, Bitstream Vera Sans, sans-serif
2025-08-19 14:42:26,945:WARNING:findfont: Generic family 'sans-serif' not found because none of the following families were found: Arial, Liberation Sans, Bitstream Vera Sans, sans-serif
2025-08-19 14:42:26,946:WARNING:findfont: Generic family 'sans-serif' not found because none of the following families were found: Arial, Liberation Sans, Bitstream Vera Sans, sans-serif
2025-08-19 14:42:26,947:WARNING:findfont: Generic family 'sans-serif' not found because none of the following families were found: Arial, Liberation Sans, Bitstream Vera Sans, sans-serif
2025-08-19 14:42:26,948:WARNING:findfont: Generic family 'sans-serif' not found because none of the following families were found: Arial, Liberation Sans, Bitstream Vera Sans, sans-serif
2025-08-19 14:42:26,949:WARNING:findfont: Generic family 'sans-serif' not found because none of the following families were found: Arial, Liberation Sans, Bitstream Vera Sans, sans-serif
2025-08-19 14:42:26,950:WARNING:findfont: Generic family 'sans-serif' not found because none of the following families were found: Arial, Liberation Sans, Bitstream Vera Sans, sans-serif
2025-08-19 14:42:26,950:WARNING:findfont: Generic family 'sans-serif' not found because none of the following families were found: Arial, Liberation Sans, Bitstream Vera Sans, sans-serif
2025-08-19 14:42:26,951:WARNING:findfont: Generic family 'sans-serif' not found because none of the following families were found: Arial, Liberation Sans, Bitstream Vera Sans, sans-serif
2025-08-19 14:42:26,952:WARNING:findfont: Generic family 'sans-serif' not found because none of the following families were found: Arial, Liberation Sans, Bitstream Vera Sans, sans-serif
2025-08-19 14:42:26,955:WARNING:findfont: Generic family 'sans-serif' not found because none of the following families were found: Arial, Liberation Sans, Bitstream Vera Sans, sans-serif
2025-08-19 14:42:26,956:WARNING:findfont: Generic family 'sans-serif' not found because none of the following families were found: Arial, Liberation Sans, Bitstream Vera Sans, sans-serif
2025-08-19 14:42:26,958:WARNING:findfont: Generic family 'sans-serif' not found because none of the following families were found: Arial, Liberation Sans, Bitstream Vera Sans, sans-serif
2025-08-19 14:42:26,959:WARNING:findfont: Generic family 'sans-serif' not found because none of the following families were found: Arial, Liberation Sans, Bitstream Vera Sans, sans-serif
2025-08-19 14:42:26,959:WARNING:findfont: Generic family 'sans-serif' not found because none of the following families were found: Arial, Liberation Sans, Bitstream Vera Sans, sans-serif
2025-08-19 14:42:26,961:WARNING:findfont: Generic family 'sans-serif' not found because none of the following families were found: Arial, Liberation Sans, Bitstream Vera Sans, sans-serif
2025-08-19 14:42:26,965:WARNING:findfont: Generic family 'sans-serif' not found because none of the following families were found: Arial, Liberation Sans, Bitstream Vera Sans, sans-serif
2025-08-19 14:42:26,967:WARNING:findfont: Generic family 'sans-serif' not found because none of the following families were found: Arial, Liberation Sans, Bitstream Vera Sans, sans-serif
2025-08-19 14:42:26,967:WARNING:findfont: Generic family 'sans-serif' not found because none of the following families were found: Arial, Liberation Sans, Bitstream Vera Sans, sans-serif
2025-08-19 14:42:26,969:WARNING:findfont: Generic family 'sans-serif' not found because none of the following families were found: Arial, Liberation Sans, Bitstream Vera Sans, sans-serif
2025-08-19 14:42:26,970:WARNING:findfont: Generic family 'sans-serif' not found because none of the following families were found: Arial, Liberation Sans, Bitstream Vera Sans, sans-serif
2025-08-19 14:42:26,970:WARNING:findfont: Generic family 'sans-serif' not found because none of the following families were found: Arial, Liberation Sans, Bitstream Vera Sans, sans-serif
2025-08-19 14:42:26,971:WARNING:findfont: Generic family 'sans-serif' not found because none of the following families were found: Arial, Liberation Sans, Bitstream Vera Sans, sans-serif
2025-08-19 14:42:26,971:WARNING:findfont: Generic family 'sans-serif' not found because none of the following families were found: Arial, Liberation Sans, Bitstream Vera Sans, sans-serif
2025-08-19 14:42:26,989:INFO:Visual Rendered Successfully
2025-08-19 14:42:27,174:INFO:plot_model() successfully completed......................................
2025-08-19 14:42:27,175:INFO:Initializing assign_model()
2025-08-19 14:42:27,175:INFO:assign_model(self=<pycaret.clustering.oop.ClusteringExperiment object at 0x7bc6f98f18d0>, model=KMeans(algorithm='lloyd', copy_x=True, init='k-means++', max_iter=300,
       n_clusters=3, n_init='auto', random_state=42, tol=0.0001, verbose=0), transformation=False, score=True, verbose=True)
2025-08-19 14:42:27,175:INFO:Checking exceptions
2025-08-19 14:42:27,175:INFO:Determining Trained Model
2025-08-19 14:42:27,175:INFO:Trained Model : K-Means Clustering
2025-08-19 14:42:27,175:INFO:Copying data
2025-08-19 14:42:27,177:INFO:(498, 14)
2025-08-19 14:42:27,177:INFO:assign_model() successfully completed......................................
2025-08-19 15:08:22,115:WARNING:
'cuml' is a soft dependency and not included in the pycaret installation. Please run: `pip install cuml` to install.
2025-08-19 15:08:22,115:WARNING:
'cuml' is a soft dependency and not included in the pycaret installation. Please run: `pip install cuml` to install.
2025-08-19 15:08:22,115:WARNING:
'cuml' is a soft dependency and not included in the pycaret installation. Please run: `pip install cuml` to install.
2025-08-19 15:08:22,115:WARNING:
'cuml' is a soft dependency and not included in the pycaret installation. Please run: `pip install cuml` to install.
2025-08-19 15:08:24,540:INFO:PyCaret ClusteringExperiment
2025-08-19 15:08:24,540:INFO:Logging name: cluster-default-name
2025-08-19 15:08:24,540:INFO:ML Usecase: MLUsecase.CLUSTERING
2025-08-19 15:08:24,540:INFO:version 3.3.2
2025-08-19 15:08:24,540:INFO:Initializing setup()
2025-08-19 15:08:24,540:INFO:self.USI: b632
2025-08-19 15:08:24,540:INFO:self._variable_keys: {'exp_id', 'n_jobs_param', 'log_plots_param', 'logging_param', 'pipeline', 'gpu_n_jobs_param', 'exp_name_log', '_available_plots', 'seed', 'X', 'data', 'idx', 'USI', 'html_param', 'gpu_param', '_ml_usecase', 'memory'}
2025-08-19 15:08:24,540:INFO:Checking environment
2025-08-19 15:08:24,540:INFO:python_version: 3.11.13
2025-08-19 15:08:24,540:INFO:python_build: ('main', 'Aug 12 2025 22:45:40')
2025-08-19 15:08:24,540:INFO:machine: x86_64
2025-08-19 15:08:24,540:INFO:platform: Linux-6.14.0-1011-aws-x86_64-with-glibc2.41
2025-08-19 15:08:24,540:INFO:Memory: svmem(total=2003546112, available=1371213824, percent=31.6, used=444968960, free=550858752, active=865624064, inactive=391176192, buffers=28811264, cached=978907136, shared=2940928, slab=109174784)
2025-08-19 15:08:24,541:INFO:Physical Core: 1
2025-08-19 15:08:24,541:INFO:Logical Core: 2
2025-08-19 15:08:24,541:INFO:Checking libraries
2025-08-19 15:08:24,541:INFO:System:
2025-08-19 15:08:24,541:INFO:    python: 3.11.13 (main, Aug 12 2025, 22:45:40) [GCC 14.2.0]
2025-08-19 15:08:24,541:INFO:executable: /usr/local/bin/python
2025-08-19 15:08:24,541:INFO:   machine: Linux-6.14.0-1011-aws-x86_64-with-glibc2.41
2025-08-19 15:08:24,541:INFO:PyCaret required dependencies:
2025-08-19 15:08:25,304:INFO:                 pip: 24.0
2025-08-19 15:08:25,304:INFO:          setuptools: 80.9.0
2025-08-19 15:08:25,304:INFO:             pycaret: 3.3.2
2025-08-19 15:08:25,304:INFO:             IPython: 9.4.0
2025-08-19 15:08:25,304:INFO:          ipywidgets: 8.1.7
2025-08-19 15:08:25,304:INFO:                tqdm: 4.67.1
2025-08-19 15:08:25,304:INFO:               numpy: 1.26.4
2025-08-19 15:08:25,304:INFO:              pandas: 2.1.4
2025-08-19 15:08:25,304:INFO:              jinja2: 3.1.6
2025-08-19 15:08:25,304:INFO:               scipy: 1.11.4
2025-08-19 15:08:25,304:INFO:              joblib: 1.3.2
2025-08-19 15:08:25,304:INFO:             sklearn: 1.4.2
2025-08-19 15:08:25,304:INFO:                pyod: 2.0.5
2025-08-19 15:08:25,304:INFO:            imblearn: 0.14.0
2025-08-19 15:08:25,304:INFO:   category_encoders: 2.7.0
2025-08-19 15:08:25,304:INFO:            lightgbm: 4.6.0
2025-08-19 15:08:25,305:INFO:               numba: 0.61.0
2025-08-19 15:08:25,305:INFO:            requests: 2.32.4
2025-08-19 15:08:25,305:INFO:          matplotlib: 3.7.5
2025-08-19 15:08:25,305:INFO:          scikitplot: 0.3.7
2025-08-19 15:08:25,305:INFO:         yellowbrick: 1.5
2025-08-19 15:08:25,305:INFO:              plotly: 5.24.1
2025-08-19 15:08:25,305:INFO:    plotly-resampler: Not installed
2025-08-19 15:08:25,305:INFO:             kaleido: 1.0.0
2025-08-19 15:08:25,305:INFO:           schemdraw: 0.15
2025-08-19 15:08:25,305:INFO:         statsmodels: 0.14.5
2025-08-19 15:08:25,305:INFO:              sktime: 0.26.0
2025-08-19 15:08:25,305:INFO:               tbats: 1.1.3
2025-08-19 15:08:25,305:INFO:            pmdarima: 2.0.4
2025-08-19 15:08:25,305:INFO:              psutil: 7.0.0
2025-08-19 15:08:25,305:INFO:          markupsafe: 3.0.2
2025-08-19 15:08:25,305:INFO:             pickle5: Not installed
2025-08-19 15:08:25,305:INFO:         cloudpickle: 3.1.1
2025-08-19 15:08:25,305:INFO:         deprecation: 2.1.0
2025-08-19 15:08:25,305:INFO:              xxhash: 3.5.0
2025-08-19 15:08:25,305:INFO:           wurlitzer: 3.1.1
2025-08-19 15:08:25,305:INFO:PyCaret optional dependencies:
2025-08-19 15:08:27,972:INFO:                shap: 0.44.1
2025-08-19 15:08:27,972:INFO:           interpret: 0.7.2
2025-08-19 15:08:27,972:INFO:                umap: 0.5.7
2025-08-19 15:08:27,972:INFO:     ydata_profiling: 4.16.1
2025-08-19 15:08:27,972:INFO:  explainerdashboard: 0.5.1
2025-08-19 15:08:27,972:INFO:             autoviz: Not installed
2025-08-19 15:08:27,972:INFO:           fairlearn: 0.7.0
2025-08-19 15:08:27,972:INFO:          deepchecks: Not installed
2025-08-19 15:08:27,972:INFO:             xgboost: 3.0.4
2025-08-19 15:08:27,972:INFO:            catboost: 1.2.8
2025-08-19 15:08:27,972:INFO:              kmodes: 0.12.2
2025-08-19 15:08:27,972:INFO:             mlxtend: 0.23.4
2025-08-19 15:08:27,972:INFO:       statsforecast: 1.5.0
2025-08-19 15:08:27,972:INFO:        tune_sklearn: Not installed
2025-08-19 15:08:27,972:INFO:                 ray: Not installed
2025-08-19 15:08:27,972:INFO:            hyperopt: 0.2.7
2025-08-19 15:08:27,972:INFO:              optuna: 4.5.0
2025-08-19 15:08:27,972:INFO:               skopt: 0.10.2
2025-08-19 15:08:27,972:INFO:              mlflow: 3.2.0
2025-08-19 15:08:27,972:INFO:              gradio: 5.42.0
2025-08-19 15:08:27,972:INFO:             fastapi: 0.116.1
2025-08-19 15:08:27,972:INFO:             uvicorn: 0.35.0
2025-08-19 15:08:27,973:INFO:              m2cgen: 0.10.0
2025-08-19 15:08:27,973:INFO:           evidently: 0.4.40
2025-08-19 15:08:27,973:INFO:               fugue: 0.8.7
2025-08-19 15:08:27,973:INFO:           streamlit: 1.48.1
2025-08-19 15:08:27,973:INFO:             prophet: Not installed
2025-08-19 15:08:27,973:INFO:None
2025-08-19 15:08:27,973:INFO:Set up data.
2025-08-19 15:08:27,977:INFO:Set up index.
2025-08-19 15:08:27,977:INFO:Assigning column types.
2025-08-19 15:08:27,980:INFO:Engine successfully changes for model 'kmeans' to 'sklearn'.
2025-08-19 15:08:27,980:INFO:Engine for model 'dbscan' has not been set explicitly, hence returning None.
2025-08-19 15:08:27,981:INFO:Soft dependency imported: kmodes: 0.12.2
2025-08-19 15:08:27,982:INFO:Engine for model 'dbscan' has not been set explicitly, hence returning None.
2025-08-19 15:08:27,982:INFO:Soft dependency imported: kmodes: 0.12.2
2025-08-19 15:08:27,982:INFO:Engine successfully changes for model 'dbscan' to 'sklearn'.
2025-08-19 15:08:27,982:INFO:Soft dependency imported: kmodes: 0.12.2
2025-08-19 15:08:27,983:INFO:Soft dependency imported: kmodes: 0.12.2
2025-08-19 15:08:27,984:INFO:Preparing preprocessing pipeline...
2025-08-19 15:08:27,984:INFO:Set up simple imputation.
2025-08-19 15:08:27,984:INFO:Set up feature normalization.
2025-08-19 15:08:28,002:INFO:Finished creating preprocessing pipeline.
2025-08-19 15:08:28,006:INFO:Pipeline: Pipeline(memory=FastMemory(location=/tmp/joblib),
         steps=[('numerical_imputer',
                 TransformerWrapper(include=['having_IP_Address', 'URL_Length',
                                             'Shortining_Service',
                                             'having_At_Symbol',
                                             'double_slash_redirecting',
                                             'Prefix_Suffix',
                                             'having_Sub_Domain',
                                             'SSLfinal_State', 'URL_of_Anchor',
                                             'Links_in_tags', 'SFH',
                                             'Abnormal_URL',
                                             'has_political_keyword'],
                                    transformer=SimpleImputer())),
                ('categorical_imputer',
                 TransformerWrapper(include=[],
                                    transformer=SimpleImputer(strategy='most_frequent'))),
                ('normalize',
                 TransformerWrapper(transformer=StandardScaler()))])
2025-08-19 15:08:28,006:INFO:Creating final display dataframe.
2025-08-19 15:08:28,026:INFO:Setup _display_container:                Description                 Value
0               Session id                    42
1      Original data shape             (498, 13)
2   Transformed data shape             (498, 13)
3         Numeric features                    13
4               Preprocess                  True
5          Imputation type                simple
6       Numeric imputation                  mean
7   Categorical imputation                  mode
8                Normalize                  True
9         Normalize method                zscore
10                CPU Jobs                    -1
11                 Use GPU                 False
12          Log Experiment                 False
13         Experiment Name  cluster-default-name
14                     USI                  b632
2025-08-19 15:08:28,026:INFO:Soft dependency imported: kmodes: 0.12.2
2025-08-19 15:08:28,027:INFO:Soft dependency imported: kmodes: 0.12.2
2025-08-19 15:08:28,027:INFO:setup() successfully completed in 3.49s...............
2025-08-19 15:08:28,027:INFO:Initializing create_model()
2025-08-19 15:08:28,027:INFO:create_model(self=<pycaret.clustering.oop.ClusteringExperiment object at 0x75cdecb90610>, estimator=kmeans, num_clusters=3, fraction=0.05, ground_truth=None, round=4, fit_kwargs=None, experiment_custom_tags=None, verbose=True, system=True, add_to_model_list=True, raise_num_clusters=False, display=None, kwargs={})
2025-08-19 15:08:28,027:INFO:Checking exceptions
2025-08-19 15:08:28,043:INFO:Importing untrained model
2025-08-19 15:08:28,043:INFO:K-Means Clustering Imported successfully
2025-08-19 15:08:28,044:INFO:Fitting Model
2025-08-19 15:08:28,077:INFO:KMeans(n_clusters=3, random_state=42)
2025-08-19 15:08:28,077:INFO:create_models() successfully completed......................................
2025-08-19 15:08:28,077:INFO:Uploading results into container
2025-08-19 15:08:28,080:INFO:Uploading model into container now
2025-08-19 15:08:28,092:INFO:_master_model_container: 1
2025-08-19 15:08:28,092:INFO:_display_container: 2
2025-08-19 15:08:28,093:INFO:KMeans(n_clusters=3, random_state=42)
2025-08-19 15:08:28,093:INFO:create_model() successfully completed......................................
2025-08-19 15:08:28,301:INFO:Initializing plot_model()
2025-08-19 15:08:28,301:INFO:plot_model(self=<pycaret.clustering.oop.ClusteringExperiment object at 0x75cdecb90610>, estimator=KMeans(n_clusters=3, random_state=42), plot=silhouette, scale=1, save=True, fold=None, fit_kwargs=None, plot_kwargs=None, groups=None, feature_name=None, label=False, verbose=True, system=True, display=None, display_format=None)
2025-08-19 15:08:28,301:INFO:Checking exceptions
2025-08-19 15:08:28,302:INFO:Preloading libraries
2025-08-19 15:08:28,302:INFO:Copying training dataset
2025-08-19 15:08:28,302:INFO:Plot type: silhouette
2025-08-19 15:08:28,340:INFO:Fitting Model
2025-08-19 15:08:28,340:WARNING:/usr/local/lib/python3.11/site-packages/sklearn/base.py:493: UserWarning: X does not have valid feature names, but KMeans was fitted with feature names

2025-08-19 15:08:28,390:INFO:Saving 'Silhouette Plot.png'
2025-08-19 15:08:28,399:WARNING:findfont: Generic family 'sans-serif' not found because none of the following families were found: Arial, Liberation Sans, Bitstream Vera Sans, sans-serif
2025-08-19 15:08:28,402:WARNING:findfont: Generic family 'sans-serif' not found because none of the following families were found: Arial, Liberation Sans, Bitstream Vera Sans, sans-serif
2025-08-19 15:08:28,403:WARNING:findfont: Generic family 'sans-serif' not found because none of the following families were found: Arial, Liberation Sans, Bitstream Vera Sans, sans-serif
2025-08-19 15:08:28,404:WARNING:findfont: Generic family 'sans-serif' not found because none of the following families were found: Arial, Liberation Sans, Bitstream Vera Sans, sans-serif
2025-08-19 15:08:28,407:WARNING:findfont: Generic family 'sans-serif' not found because none of the following families were found: Arial, Liberation Sans, Bitstream Vera Sans, sans-serif
2025-08-19 15:08:28,408:WARNING:findfont: Generic family 'sans-serif' not found because none of the following families were found: Arial, Liberation Sans, Bitstream Vera Sans, sans-serif
2025-08-19 15:08:28,409:WARNING:findfont: Generic family 'sans-serif' not found because none of the following families were found: Arial, Liberation Sans, Bitstream Vera Sans, sans-serif
2025-08-19 15:08:28,410:WARNING:findfont: Generic family 'sans-serif' not found because none of the following families were found: Arial, Liberation Sans, Bitstream Vera Sans, sans-serif
2025-08-19 15:08:28,426:WARNING:findfont: Generic family 'sans-serif' not found because none of the following families were found: Arial, Liberation Sans, Bitstream Vera Sans, sans-serif
2025-08-19 15:08:28,427:WARNING:findfont: Generic family 'sans-serif' not found because none of the following families were found: Arial, Liberation Sans, Bitstream Vera Sans, sans-serif
2025-08-19 15:08:28,428:WARNING:findfont: Generic family 'sans-serif' not found because none of the following families were found: Arial, Liberation Sans, Bitstream Vera Sans, sans-serif
2025-08-19 15:08:28,429:WARNING:findfont: Generic family 'sans-serif' not found because none of the following families were found: Arial, Liberation Sans, Bitstream Vera Sans, sans-serif
2025-08-19 15:08:28,429:WARNING:findfont: Generic family 'sans-serif' not found because none of the following families were found: Arial, Liberation Sans, Bitstream Vera Sans, sans-serif
2025-08-19 15:08:28,430:WARNING:findfont: Generic family 'sans-serif' not found because none of the following families were found: Arial, Liberation Sans, Bitstream Vera Sans, sans-serif
2025-08-19 15:08:28,430:WARNING:findfont: Generic family 'sans-serif' not found because none of the following families were found: Arial, Liberation Sans, Bitstream Vera Sans, sans-serif
2025-08-19 15:08:28,431:WARNING:findfont: Generic family 'sans-serif' not found because none of the following families were found: Arial, Liberation Sans, Bitstream Vera Sans, sans-serif
2025-08-19 15:08:28,441:WARNING:findfont: Generic family 'sans-serif' not found because none of the following families were found: Arial, Liberation Sans, Bitstream Vera Sans, sans-serif
2025-08-19 15:08:28,452:WARNING:findfont: Generic family 'sans-serif' not found because none of the following families were found: Arial, Liberation Sans, Bitstream Vera Sans, sans-serif
2025-08-19 15:08:28,452:WARNING:findfont: Generic family 'sans-serif' not found because none of the following families were found: Arial, Liberation Sans, Bitstream Vera Sans, sans-serif
2025-08-19 15:08:28,455:WARNING:findfont: Generic family 'sans-serif' not found because none of the following families were found: Arial, Liberation Sans, Bitstream Vera Sans, sans-serif
2025-08-19 15:08:28,457:WARNING:findfont: Generic family 'sans-serif' not found because none of the following families were found: Arial, Liberation Sans, Bitstream Vera Sans, sans-serif
2025-08-19 15:08:28,458:WARNING:findfont: Generic family 'sans-serif' not found because none of the following families were found: Arial, Liberation Sans, Bitstream Vera Sans, sans-serif
2025-08-19 15:08:28,458:WARNING:findfont: Generic family 'sans-serif' not found because none of the following families were found: Arial, Liberation Sans, Bitstream Vera Sans, sans-serif
2025-08-19 15:08:28,480:WARNING:findfont: Generic family 'sans-serif' not found because none of the following families were found: Arial, Liberation Sans, Bitstream Vera Sans, sans-serif
2025-08-19 15:08:28,487:WARNING:findfont: Generic family 'sans-serif' not found because none of the following families were found: Arial, Liberation Sans, Bitstream Vera Sans, sans-serif
2025-08-19 15:08:28,503:WARNING:findfont: Generic family 'sans-serif' not found because none of the following families were found: Arial, Liberation Sans, Bitstream Vera Sans, sans-serif
2025-08-19 15:08:28,510:WARNING:findfont: Generic family 'sans-serif' not found because none of the following families were found: Arial, Liberation Sans, Bitstream Vera Sans, sans-serif
2025-08-19 15:08:28,510:WARNING:findfont: Generic family 'sans-serif' not found because none of the following families were found: Arial, Liberation Sans, Bitstream Vera Sans, sans-serif
2025-08-19 15:08:28,511:WARNING:findfont: Generic family 'sans-serif' not found because none of the following families were found: Arial, Liberation Sans, Bitstream Vera Sans, sans-serif
2025-08-19 15:08:28,511:WARNING:findfont: Generic family 'sans-serif' not found because none of the following families were found: Arial, Liberation Sans, Bitstream Vera Sans, sans-serif
2025-08-19 15:08:28,513:WARNING:findfont: Generic family 'sans-serif' not found because none of the following families were found: Arial, Liberation Sans, Bitstream Vera Sans, sans-serif
2025-08-19 15:08:28,514:WARNING:findfont: Generic family 'sans-serif' not found because none of the following families were found: Arial, Liberation Sans, Bitstream Vera Sans, sans-serif
2025-08-19 15:08:28,515:WARNING:findfont: Generic family 'sans-serif' not found because none of the following families were found: Arial, Liberation Sans, Bitstream Vera Sans, sans-serif
2025-08-19 15:08:28,515:WARNING:findfont: Generic family 'sans-serif' not found because none of the following families were found: Arial, Liberation Sans, Bitstream Vera Sans, sans-serif
2025-08-19 15:08:28,520:WARNING:findfont: Generic family 'sans-serif' not found because none of the following families were found: Arial, Liberation Sans, Bitstream Vera Sans, sans-serif
2025-08-19 15:08:28,521:WARNING:findfont: Generic family 'sans-serif' not found because none of the following families were found: Arial, Liberation Sans, Bitstream Vera Sans, sans-serif
2025-08-19 15:08:28,522:WARNING:findfont: Generic family 'sans-serif' not found because none of the following families were found: Arial, Liberation Sans, Bitstream Vera Sans, sans-serif
2025-08-19 15:08:28,522:WARNING:findfont: Generic family 'sans-serif' not found because none of the following families were found: Arial, Liberation Sans, Bitstream Vera Sans, sans-serif
2025-08-19 15:08:28,523:WARNING:findfont: Generic family 'sans-serif' not found because none of the following families were found: Arial, Liberation Sans, Bitstream Vera Sans, sans-serif
2025-08-19 15:08:28,523:WARNING:findfont: Generic family 'sans-serif' not found because none of the following families were found: Arial, Liberation Sans, Bitstream Vera Sans, sans-serif
2025-08-19 15:08:28,524:WARNING:findfont: Generic family 'sans-serif' not found because none of the following families were found: Arial, Liberation Sans, Bitstream Vera Sans, sans-serif
2025-08-19 15:08:28,524:WARNING:findfont: Generic family 'sans-serif' not found because none of the following families were found: Arial, Liberation Sans, Bitstream Vera Sans, sans-serif
2025-08-19 15:08:28,526:WARNING:findfont: Generic family 'sans-serif' not found because none of the following families were found: Arial, Liberation Sans, Bitstream Vera Sans, sans-serif
2025-08-19 15:08:28,528:WARNING:findfont: Generic family 'sans-serif' not found because none of the following families were found: Arial, Liberation Sans, Bitstream Vera Sans, sans-serif
2025-08-19 15:08:28,529:WARNING:findfont: Generic family 'sans-serif' not found because none of the following families were found: Arial, Liberation Sans, Bitstream Vera Sans, sans-serif
2025-08-19 15:08:28,530:WARNING:findfont: Generic family 'sans-serif' not found because none of the following families were found: Arial, Liberation Sans, Bitstream Vera Sans, sans-serif
2025-08-19 15:08:28,531:WARNING:findfont: Generic family 'sans-serif' not found because none of the following families were found: Arial, Liberation Sans, Bitstream Vera Sans, sans-serif
2025-08-19 15:08:28,533:WARNING:findfont: Generic family 'sans-serif' not found because none of the following families were found: Arial, Liberation Sans, Bitstream Vera Sans, sans-serif
2025-08-19 15:08:28,534:WARNING:findfont: Generic family 'sans-serif' not found because none of the following families were found: Arial, Liberation Sans, Bitstream Vera Sans, sans-serif
2025-08-19 15:08:28,535:WARNING:findfont: Generic family 'sans-serif' not found because none of the following families were found: Arial, Liberation Sans, Bitstream Vera Sans, sans-serif
2025-08-19 15:08:28,541:WARNING:findfont: Generic family 'sans-serif' not found because none of the following families were found: Arial, Liberation Sans, Bitstream Vera Sans, sans-serif
2025-08-19 15:08:28,542:WARNING:findfont: Generic family 'sans-serif' not found because none of the following families were found: Arial, Liberation Sans, Bitstream Vera Sans, sans-serif
2025-08-19 15:08:28,546:WARNING:findfont: Generic family 'sans-serif' not found because none of the following families were found: Arial, Liberation Sans, Bitstream Vera Sans, sans-serif
2025-08-19 15:08:28,547:WARNING:findfont: Generic family 'sans-serif' not found because none of the following families were found: Arial, Liberation Sans, Bitstream Vera Sans, sans-serif
2025-08-19 15:08:28,549:WARNING:findfont: Generic family 'sans-serif' not found because none of the following families were found: Arial, Liberation Sans, Bitstream Vera Sans, sans-serif
2025-08-19 15:08:28,551:WARNING:findfont: Generic family 'sans-serif' not found because none of the following families were found: Arial, Liberation Sans, Bitstream Vera Sans, sans-serif
2025-08-19 15:08:28,559:WARNING:findfont: Generic family 'sans-serif' not found because none of the following families were found: Arial, Liberation Sans, Bitstream Vera Sans, sans-serif
2025-08-19 15:08:28,563:WARNING:findfont: Generic family 'sans-serif' not found because none of the following families were found: Arial, Liberation Sans, Bitstream Vera Sans, sans-serif
2025-08-19 15:08:28,563:WARNING:findfont: Generic family 'sans-serif' not found because none of the following families were found: Arial, Liberation Sans, Bitstream Vera Sans, sans-serif
2025-08-19 15:08:28,566:WARNING:findfont: Generic family 'sans-serif' not found because none of the following families were found: Arial, Liberation Sans, Bitstream Vera Sans, sans-serif
2025-08-19 15:08:28,567:WARNING:findfont: Generic family 'sans-serif' not found because none of the following families were found: Arial, Liberation Sans, Bitstream Vera Sans, sans-serif
2025-08-19 15:08:28,568:WARNING:findfont: Generic family 'sans-serif' not found because none of the following families were found: Arial, Liberation Sans, Bitstream Vera Sans, sans-serif
2025-08-19 15:08:28,569:WARNING:findfont: Generic family 'sans-serif' not found because none of the following families were found: Arial, Liberation Sans, Bitstream Vera Sans, sans-serif
2025-08-19 15:08:28,570:WARNING:findfont: Generic family 'sans-serif' not found because none of the following families were found: Arial, Liberation Sans, Bitstream Vera Sans, sans-serif
2025-08-19 15:08:28,616:WARNING:findfont: Generic family 'sans-serif' not found because none of the following families were found: Arial, Liberation Sans, Bitstream Vera Sans, sans-serif
2025-08-19 15:08:28,616:WARNING:findfont: Generic family 'sans-serif' not found because none of the following families were found: Arial, Liberation Sans, Bitstream Vera Sans, sans-serif
2025-08-19 15:08:28,617:WARNING:findfont: Generic family 'sans-serif' not found because none of the following families were found: Arial, Liberation Sans, Bitstream Vera Sans, sans-serif
2025-08-19 15:08:28,617:WARNING:findfont: Generic family 'sans-serif' not found because none of the following families were found: Arial, Liberation Sans, Bitstream Vera Sans, sans-serif
2025-08-19 15:08:28,618:WARNING:findfont: Generic family 'sans-serif' not found because none of the following families were found: Arial, Liberation Sans, Bitstream Vera Sans, sans-serif
2025-08-19 15:08:28,618:WARNING:findfont: Generic family 'sans-serif' not found because none of the following families were found: Arial, Liberation Sans, Bitstream Vera Sans, sans-serif
2025-08-19 15:08:28,619:WARNING:findfont: Generic family 'sans-serif' not found because none of the following families were found: Arial, Liberation Sans, Bitstream Vera Sans, sans-serif
2025-08-19 15:08:28,619:WARNING:findfont: Generic family 'sans-serif' not found because none of the following families were found: Arial, Liberation Sans, Bitstream Vera Sans, sans-serif
2025-08-19 15:08:28,622:WARNING:findfont: Generic family 'sans-serif' not found because none of the following families were found: Arial, Liberation Sans, Bitstream Vera Sans, sans-serif
2025-08-19 15:08:28,623:WARNING:findfont: Generic family 'sans-serif' not found because none of the following families were found: Arial, Liberation Sans, Bitstream Vera Sans, sans-serif
2025-08-19 15:08:28,623:WARNING:findfont: Generic family 'sans-serif' not found because none of the following families were found: Arial, Liberation Sans, Bitstream Vera Sans, sans-serif
2025-08-19 15:08:28,623:WARNING:findfont: Generic family 'sans-serif' not found because none of the following families were found: Arial, Liberation Sans, Bitstream Vera Sans, sans-serif
2025-08-19 15:08:28,624:WARNING:findfont: Generic family 'sans-serif' not found because none of the following families were found: Arial, Liberation Sans, Bitstream Vera Sans, sans-serif
2025-08-19 15:08:28,624:WARNING:findfont: Generic family 'sans-serif' not found because none of the following families were found: Arial, Liberation Sans, Bitstream Vera Sans, sans-serif
2025-08-19 15:08:28,624:WARNING:findfont: Generic family 'sans-serif' not found because none of the following families were found: Arial, Liberation Sans, Bitstream Vera Sans, sans-serif
2025-08-19 15:08:28,625:WARNING:findfont: Generic family 'sans-serif' not found because none of the following families were found: Arial, Liberation Sans, Bitstream Vera Sans, sans-serif
2025-08-19 15:08:28,626:WARNING:findfont: Generic family 'sans-serif' not found because none of the following families were found: Arial, Liberation Sans, Bitstream Vera Sans, sans-serif
2025-08-19 15:08:28,627:WARNING:findfont: Generic family 'sans-serif' not found because none of the following families were found: Arial, Liberation Sans, Bitstream Vera Sans, sans-serif
2025-08-19 15:08:28,627:WARNING:findfont: Generic family 'sans-serif' not found because none of the following families were found: Arial, Liberation Sans, Bitstream Vera Sans, sans-serif
2025-08-19 15:08:28,628:WARNING:findfont: Generic family 'sans-serif' not found because none of the following families were found: Arial, Liberation Sans, Bitstream Vera Sans, sans-serif
2025-08-19 15:08:28,629:WARNING:findfont: Generic family 'sans-serif' not found because none of the following families were found: Arial, Liberation Sans, Bitstream Vera Sans, sans-serif
2025-08-19 15:08:28,630:WARNING:findfont: Generic family 'sans-serif' not found because none of the following families were found: Arial, Liberation Sans, Bitstream Vera Sans, sans-serif
2025-08-19 15:08:28,630:WARNING:findfont: Generic family 'sans-serif' not found because none of the following families were found: Arial, Liberation Sans, Bitstream Vera Sans, sans-serif
2025-08-19 15:08:28,631:WARNING:findfont: Generic family 'sans-serif' not found because none of the following families were found: Arial, Liberation Sans, Bitstream Vera Sans, sans-serif
2025-08-19 15:08:28,634:WARNING:findfont: Generic family 'sans-serif' not found because none of the following families were found: Arial, Liberation Sans, Bitstream Vera Sans, sans-serif
2025-08-19 15:08:28,635:WARNING:findfont: Generic family 'sans-serif' not found because none of the following families were found: Arial, Liberation Sans, Bitstream Vera Sans, sans-serif
2025-08-19 15:08:28,637:WARNING:findfont: Generic family 'sans-serif' not found because none of the following families were found: Arial, Liberation Sans, Bitstream Vera Sans, sans-serif
2025-08-19 15:08:28,638:WARNING:findfont: Generic family 'sans-serif' not found because none of the following families were found: Arial, Liberation Sans, Bitstream Vera Sans, sans-serif
2025-08-19 15:08:28,638:WARNING:findfont: Generic family 'sans-serif' not found because none of the following families were found: Arial, Liberation Sans, Bitstream Vera Sans, sans-serif
2025-08-19 15:08:28,640:WARNING:findfont: Generic family 'sans-serif' not found because none of the following families were found: Arial, Liberation Sans, Bitstream Vera Sans, sans-serif
2025-08-19 15:08:28,644:WARNING:findfont: Generic family 'sans-serif' not found because none of the following families were found: Arial, Liberation Sans, Bitstream Vera Sans, sans-serif
2025-08-19 15:08:28,646:WARNING:findfont: Generic family 'sans-serif' not found because none of the following families were found: Arial, Liberation Sans, Bitstream Vera Sans, sans-serif
2025-08-19 15:08:28,646:WARNING:findfont: Generic family 'sans-serif' not found because none of the following families were found: Arial, Liberation Sans, Bitstream Vera Sans, sans-serif
2025-08-19 15:08:28,648:WARNING:findfont: Generic family 'sans-serif' not found because none of the following families were found: Arial, Liberation Sans, Bitstream Vera Sans, sans-serif
2025-08-19 15:08:28,649:WARNING:findfont: Generic family 'sans-serif' not found because none of the following families were found: Arial, Liberation Sans, Bitstream Vera Sans, sans-serif
2025-08-19 15:08:28,649:WARNING:findfont: Generic family 'sans-serif' not found because none of the following families were found: Arial, Liberation Sans, Bitstream Vera Sans, sans-serif
2025-08-19 15:08:28,649:WARNING:findfont: Generic family 'sans-serif' not found because none of the following families were found: Arial, Liberation Sans, Bitstream Vera Sans, sans-serif
2025-08-19 15:08:28,650:WARNING:findfont: Generic family 'sans-serif' not found because none of the following families were found: Arial, Liberation Sans, Bitstream Vera Sans, sans-serif
2025-08-19 15:08:28,669:INFO:Visual Rendered Successfully
2025-08-19 15:08:28,850:INFO:plot_model() successfully completed......................................
2025-08-19 15:08:28,850:INFO:Initializing assign_model()
2025-08-19 15:08:28,850:INFO:assign_model(self=<pycaret.clustering.oop.ClusteringExperiment object at 0x75cdecb90610>, model=KMeans(n_clusters=3, random_state=42), transformation=False, score=True, verbose=True)
2025-08-19 15:08:28,850:INFO:Checking exceptions
2025-08-19 15:08:28,850:INFO:Determining Trained Model
2025-08-19 15:08:28,850:INFO:Trained Model : K-Means Clustering
2025-08-19 15:08:28,850:INFO:Copying data
2025-08-19 15:08:28,852:INFO:(498, 14)
2025-08-19 15:08:28,852:INFO:assign_model() successfully completed......................................
2025-08-19 15:08:28,867:INFO:Initializing save_model()
2025-08-19 15:08:28,868:INFO:save_model(model=KMeans(n_clusters=3, random_state=42), model_name=models/threat_actor_profiler, prep_pipe_=Pipeline(memory=FastMemory(location=/tmp/joblib),
         steps=[('numerical_imputer',
                 TransformerWrapper(include=['having_IP_Address', 'URL_Length',
                                             'Shortining_Service',
                                             'having_At_Symbol',
                                             'double_slash_redirecting',
                                             'Prefix_Suffix',
                                             'having_Sub_Domain',
                                             'SSLfinal_State', 'URL_of_Anchor',
                                             'Links_in_tags', 'SFH',
                                             'Abnormal_URL',
                                             'has_political_keyword'],
                                    transformer=SimpleImputer())),
                ('categorical_imputer',
                 TransformerWrapper(include=[],
                                    transformer=SimpleImputer(strategy='most_frequent'))),
                ('normalize',
                 TransformerWrapper(transformer=StandardScaler()))]), verbose=True, use_case=MLUsecase.CLUSTERING, kwargs={})
2025-08-19 15:08:28,868:INFO:Adding model into prep_pipe
2025-08-19 15:08:28,870:INFO:models/threat_actor_profiler.pkl saved in current working directory
2025-08-19 15:08:28,874:INFO:Pipeline(memory=Memory(location=None),
         steps=[('numerical_imputer',
                 TransformerWrapper(include=['having_IP_Address', 'URL_Length',
                                             'Shortining_Service',
                                             'having_At_Symbol',
                                             'double_slash_redirecting',
                                             'Prefix_Suffix',
                                             'having_Sub_Domain',
                                             'SSLfinal_State', 'URL_of_Anchor',
                                             'Links_in_tags', 'SFH',
                                             'Abnormal_URL',
                                             'has_political_keyword'],
                                    transformer=SimpleImputer())),
                ('categorical_imputer',
                 TransformerWrapper(include=[],
                                    transformer=SimpleImputer(strategy='most_frequent'))),
                ('normalize', TransformerWrapper(transformer=StandardScaler())),
                ('trained_model', KMeans(n_clusters=3, random_state=42))])
2025-08-19 15:08:28,874:INFO:save_model() successfully completed......................................
2025-08-19 15:17:03,197:WARNING:
'cuml' is a soft dependency and not included in the pycaret installation. Please run: `pip install cuml` to install.
2025-08-19 15:17:03,197:WARNING:
'cuml' is a soft dependency and not included in the pycaret installation. Please run: `pip install cuml` to install.
2025-08-19 15:17:03,197:WARNING:
'cuml' is a soft dependency and not included in the pycaret installation. Please run: `pip install cuml` to install.
2025-08-19 15:17:03,197:WARNING:
'cuml' is a soft dependency and not included in the pycaret installation. Please run: `pip install cuml` to install.
2025-08-19 15:17:04,588:INFO:PyCaret ClassificationExperiment
2025-08-19 15:17:04,588:INFO:Logging name: clf-default-name
2025-08-19 15:17:04,588:INFO:ML Usecase: MLUsecase.CLASSIFICATION
2025-08-19 15:17:04,588:INFO:version 3.3.2
2025-08-19 15:17:04,588:INFO:Initializing setup()
2025-08-19 15:17:04,588:INFO:self.USI: 26d5
2025-08-19 15:17:04,588:INFO:self._variable_keys: {'memory', 'n_jobs_param', 'gpu_param', 'fold_generator', 'idx', 'fix_imbalance', 'y_test', 'exp_name_log', 'log_plots_param', 'X_train', 'fold_shuffle_param', 'data', 'fold_groups_param', 'seed', 'html_param', '_available_plots', 'gpu_n_jobs_param', 'pipeline', 'target_param', 'exp_id', '_ml_usecase', 'logging_param', 'USI', 'X', 'y_train', 'X_test', 'y', 'is_multiclass'}
2025-08-19 15:17:04,588:INFO:Checking environment
2025-08-19 15:17:04,588:INFO:python_version: 3.11.13
2025-08-19 15:17:04,588:INFO:python_build: ('main', 'Aug 12 2025 22:45:40')
2025-08-19 15:17:04,588:INFO:machine: x86_64
2025-08-19 15:17:04,588:INFO:platform: Linux-6.14.0-1011-aws-x86_64-with-glibc2.41
2025-08-19 15:17:04,589:INFO:Memory: svmem(total=2003546112, available=1377243136, percent=31.3, used=438870016, free=546865152, active=866205696, inactive=400191488, buffers=29655040, cached=988155904, shared=2940928, slab=109535232)
2025-08-19 15:17:04,589:INFO:Physical Core: 1
2025-08-19 15:17:04,589:INFO:Logical Core: 2
2025-08-19 15:17:04,589:INFO:Checking libraries
2025-08-19 15:17:04,589:INFO:System:
2025-08-19 15:17:04,589:INFO:    python: 3.11.13 (main, Aug 12 2025, 22:45:40) [GCC 14.2.0]
2025-08-19 15:17:04,589:INFO:executable: /usr/local/bin/python
2025-08-19 15:17:04,589:INFO:   machine: Linux-6.14.0-1011-aws-x86_64-with-glibc2.41
2025-08-19 15:17:04,589:INFO:PyCaret required dependencies:
2025-08-19 15:17:05,280:INFO:                 pip: 24.0
2025-08-19 15:17:05,280:INFO:          setuptools: 80.9.0
2025-08-19 15:17:05,280:INFO:             pycaret: 3.3.2
2025-08-19 15:17:05,280:INFO:             IPython: 9.4.0
2025-08-19 15:17:05,280:INFO:          ipywidgets: 8.1.7
2025-08-19 15:17:05,280:INFO:                tqdm: 4.67.1
2025-08-19 15:17:05,280:INFO:               numpy: 1.26.4
2025-08-19 15:17:05,280:INFO:              pandas: 2.1.4
2025-08-19 15:17:05,280:INFO:              jinja2: 3.1.6
2025-08-19 15:17:05,280:INFO:               scipy: 1.11.4
2025-08-19 15:17:05,280:INFO:              joblib: 1.3.2
2025-08-19 15:17:05,280:INFO:             sklearn: 1.4.2
2025-08-19 15:17:05,280:INFO:                pyod: 2.0.5
2025-08-19 15:17:05,280:INFO:            imblearn: 0.14.0
2025-08-19 15:17:05,280:INFO:   category_encoders: 2.7.0
2025-08-19 15:17:05,280:INFO:            lightgbm: 4.6.0
2025-08-19 15:17:05,280:INFO:               numba: 0.61.0
2025-08-19 15:17:05,280:INFO:            requests: 2.32.4
2025-08-19 15:17:05,280:INFO:          matplotlib: 3.7.5
2025-08-19 15:17:05,280:INFO:          scikitplot: 0.3.7
2025-08-19 15:17:05,280:INFO:         yellowbrick: 1.5
2025-08-19 15:17:05,280:INFO:              plotly: 5.24.1
2025-08-19 15:17:05,280:INFO:    plotly-resampler: Not installed
2025-08-19 15:17:05,280:INFO:             kaleido: 1.0.0
2025-08-19 15:17:05,280:INFO:           schemdraw: 0.15
2025-08-19 15:17:05,280:INFO:         statsmodels: 0.14.5
2025-08-19 15:17:05,280:INFO:              sktime: 0.26.0
2025-08-19 15:17:05,280:INFO:               tbats: 1.1.3
2025-08-19 15:17:05,280:INFO:            pmdarima: 2.0.4
2025-08-19 15:17:05,280:INFO:              psutil: 7.0.0
2025-08-19 15:17:05,280:INFO:          markupsafe: 3.0.2
2025-08-19 15:17:05,280:INFO:             pickle5: Not installed
2025-08-19 15:17:05,280:INFO:         cloudpickle: 3.1.1
2025-08-19 15:17:05,280:INFO:         deprecation: 2.1.0
2025-08-19 15:17:05,280:INFO:              xxhash: 3.5.0
2025-08-19 15:17:05,280:INFO:           wurlitzer: 3.1.1
2025-08-19 15:17:05,280:INFO:PyCaret optional dependencies:
2025-08-19 15:17:07,904:INFO:                shap: 0.44.1
2025-08-19 15:17:07,904:INFO:           interpret: 0.7.2
2025-08-19 15:17:07,904:INFO:                umap: 0.5.7
2025-08-19 15:17:07,904:INFO:     ydata_profiling: 4.16.1
2025-08-19 15:17:07,904:INFO:  explainerdashboard: 0.5.1
2025-08-19 15:17:07,904:INFO:             autoviz: Not installed
2025-08-19 15:17:07,904:INFO:           fairlearn: 0.7.0
2025-08-19 15:17:07,904:INFO:          deepchecks: Not installed
2025-08-19 15:17:07,904:INFO:             xgboost: 3.0.4
2025-08-19 15:17:07,904:INFO:            catboost: 1.2.8
2025-08-19 15:17:07,904:INFO:              kmodes: 0.12.2
2025-08-19 15:17:07,904:INFO:             mlxtend: 0.23.4
2025-08-19 15:17:07,904:INFO:       statsforecast: 1.5.0
2025-08-19 15:17:07,904:INFO:        tune_sklearn: Not installed
2025-08-19 15:17:07,904:INFO:                 ray: Not installed
2025-08-19 15:17:07,905:INFO:            hyperopt: 0.2.7
2025-08-19 15:17:07,905:INFO:              optuna: 4.5.0
2025-08-19 15:17:07,905:INFO:               skopt: 0.10.2
2025-08-19 15:17:07,905:INFO:              mlflow: 3.2.0
2025-08-19 15:17:07,905:INFO:              gradio: 5.42.0
2025-08-19 15:17:07,905:INFO:             fastapi: 0.116.1
2025-08-19 15:17:07,905:INFO:             uvicorn: 0.35.0
2025-08-19 15:17:07,905:INFO:              m2cgen: 0.10.0
2025-08-19 15:17:07,905:INFO:           evidently: 0.4.40
2025-08-19 15:17:07,905:INFO:               fugue: 0.8.7
2025-08-19 15:17:07,905:INFO:           streamlit: 1.48.1
2025-08-19 15:17:07,905:INFO:             prophet: Not installed
2025-08-19 15:17:07,905:INFO:None
2025-08-19 15:17:07,905:INFO:Set up data.
2025-08-19 15:17:07,912:INFO:Set up folding strategy.
2025-08-19 15:17:07,912:INFO:Set up train/test split.
2025-08-19 15:17:07,917:INFO:Set up index.
2025-08-19 15:17:07,917:INFO:Assigning column types.
2025-08-19 15:17:07,920:INFO:Engine successfully changes for model 'lr' to 'sklearn'.
2025-08-19 15:17:07,961:INFO:Engine for model 'knn' has not been set explicitly, hence returning None.
2025-08-19 15:17:07,964:INFO:Engine for model 'rbfsvm' has not been set explicitly, hence returning None.
2025-08-19 15:17:07,994:INFO:Soft dependency imported: xgboost: 3.0.4
2025-08-19 15:17:07,996:INFO:Soft dependency imported: catboost: 1.2.8
2025-08-19 15:17:08,053:INFO:Engine for model 'knn' has not been set explicitly, hence returning None.
2025-08-19 15:17:08,054:INFO:Engine for model 'rbfsvm' has not been set explicitly, hence returning None.
2025-08-19 15:17:08,081:INFO:Soft dependency imported: xgboost: 3.0.4
2025-08-19 15:17:08,083:INFO:Soft dependency imported: catboost: 1.2.8
2025-08-19 15:17:08,084:INFO:Engine successfully changes for model 'knn' to 'sklearn'.
2025-08-19 15:17:08,125:INFO:Engine for model 'rbfsvm' has not been set explicitly, hence returning None.
2025-08-19 15:17:08,150:INFO:Soft dependency imported: xgboost: 3.0.4
2025-08-19 15:17:08,153:INFO:Soft dependency imported: catboost: 1.2.8
2025-08-19 15:17:08,195:INFO:Engine for model 'rbfsvm' has not been set explicitly, hence returning None.
2025-08-19 15:17:08,220:INFO:Soft dependency imported: xgboost: 3.0.4
2025-08-19 15:17:08,223:INFO:Soft dependency imported: catboost: 1.2.8
2025-08-19 15:17:08,223:INFO:Engine successfully changes for model 'rbfsvm' to 'sklearn'.
2025-08-19 15:17:08,289:INFO:Soft dependency imported: xgboost: 3.0.4
2025-08-19 15:17:08,292:INFO:Soft dependency imported: catboost: 1.2.8
2025-08-19 15:17:08,357:INFO:Soft dependency imported: xgboost: 3.0.4
2025-08-19 15:17:08,360:INFO:Soft dependency imported: catboost: 1.2.8
2025-08-19 15:17:08,361:INFO:Preparing preprocessing pipeline...
2025-08-19 15:17:08,363:INFO:Set up simple imputation.
2025-08-19 15:17:08,380:INFO:Finished creating preprocessing pipeline.
2025-08-19 15:17:08,384:INFO:Pipeline: Pipeline(memory=FastMemory(location=/tmp/joblib),
         steps=[('numerical_imputer',
                 TransformerWrapper(exclude=None,
                                    include=['having_IP_Address', 'URL_Length',
                                             'Shortining_Service',
                                             'having_At_Symbol',
                                             'double_slash_redirecting',
                                             'Prefix_Suffix',
                                             'having_Sub_Domain',
                                             'SSLfinal_State', 'URL_of_Anchor',
                                             'Links_in_tags', 'SFH',
                                             'Abnormal_URL',
                                             'has_political_keyword'],
                                    t...SimpleImputer(add_indicator=False,
                                                              copy=True,
                                                              fill_value=None,
                                                              keep_empty_features=False,
                                                              missing_values=nan,
                                                              strategy='mean'))),
                ('categorical_imputer',
                 TransformerWrapper(exclude=None, include=[],
                                    transformer=SimpleImputer(add_indicator=False,
                                                              copy=True,
                                                              fill_value=None,
                                                              keep_empty_features=False,
                                                              missing_values=nan,
                                                              strategy='most_frequent')))],
         verbose=False)
2025-08-19 15:17:08,384:INFO:Creating final display dataframe.
2025-08-19 15:17:08,444:INFO:Setup _display_container:                     Description             Value
0                    Session id                42
1                        Target             label
2                   Target type            Binary
3           Original data shape         (499, 14)
4        Transformed data shape         (499, 14)
5   Transformed train set shape         (349, 14)
6    Transformed test set shape         (150, 14)
7              Numeric features                13
8                    Preprocess              True
9               Imputation type            simple
10           Numeric imputation              mean
11       Categorical imputation              mode
12               Fold Generator   StratifiedKFold
13                  Fold Number                10
14                     CPU Jobs                -1
15                      Use GPU             False
16               Log Experiment             False
17              Experiment Name  clf-default-name
18                          USI              26d5
2025-08-19 15:17:08,510:INFO:Soft dependency imported: xgboost: 3.0.4
2025-08-19 15:17:08,512:INFO:Soft dependency imported: catboost: 1.2.8
2025-08-19 15:17:08,577:INFO:Soft dependency imported: xgboost: 3.0.4
2025-08-19 15:17:08,580:INFO:Soft dependency imported: catboost: 1.2.8
2025-08-19 15:17:08,581:INFO:setup() successfully completed in 4.0s...............
2025-08-19 15:17:08,582:INFO:Initializing compare_models()
2025-08-19 15:17:08,582:INFO:compare_models(self=<pycaret.classification.oop.ClassificationExperiment object at 0x7e27f672e210>, include=['rf', 'et', 'lightgbm'], exclude=None, fold=None, round=4, cross_validation=True, sort=Accuracy, n_select=1, budget_time=None, turbo=True, errors=ignore, fit_kwargs=None, groups=None, experiment_custom_tags=None, probability_threshold=None, verbose=True, parallel=None, caller_params={'self': <pycaret.classification.oop.ClassificationExperiment object at 0x7e27f672e210>, 'include': ['rf', 'et', 'lightgbm'], 'exclude': None, 'fold': None, 'round': 4, 'cross_validation': True, 'sort': 'Accuracy', 'n_select': 1, 'budget_time': None, 'turbo': True, 'errors': 'ignore', 'fit_kwargs': None, 'groups': None, 'experiment_custom_tags': None, 'probability_threshold': None, 'engine': None, 'verbose': True, 'parallel': None, '__class__': <class 'pycaret.classification.oop.ClassificationExperiment'>})
2025-08-19 15:17:08,582:INFO:Checking exceptions
2025-08-19 15:17:08,585:INFO:Preparing display monitor
2025-08-19 15:17:08,588:INFO:Initializing Random Forest Classifier
2025-08-19 15:17:08,588:INFO:Total runtime is 1.2199083964029947e-06 minutes
2025-08-19 15:17:08,588:INFO:SubProcess create_model() called ==================================
2025-08-19 15:17:08,588:INFO:Initializing create_model()
2025-08-19 15:17:08,588:INFO:create_model(self=<pycaret.classification.oop.ClassificationExperiment object at 0x7e27f672e210>, estimator=rf, fold=StratifiedKFold(n_splits=10, random_state=None, shuffle=False), round=4, cross_validation=True, predict=True, fit_kwargs={}, groups=None, refit=False, probability_threshold=None, experiment_custom_tags=None, verbose=False, system=False, add_to_model_list=True, metrics=None, display=<pycaret.internal.display.display.CommonDisplay object at 0x7e279f529390>, model_only=True, return_train_score=False, error_score=0.0, kwargs={})
2025-08-19 15:17:08,588:INFO:Checking exceptions
2025-08-19 15:17:08,588:INFO:Importing libraries
2025-08-19 15:17:08,588:INFO:Copying training dataset
2025-08-19 15:17:08,592:INFO:Defining folds
2025-08-19 15:17:08,592:INFO:Declaring metric variables
2025-08-19 15:17:08,592:INFO:Importing untrained model
2025-08-19 15:17:08,593:INFO:Random Forest Classifier Imported successfully
2025-08-19 15:17:08,593:INFO:Starting cross validation
2025-08-19 15:17:08,594:INFO:Cross validating with StratifiedKFold(n_splits=10, random_state=None, shuffle=False), n_jobs=-1
2025-08-19 15:17:14,516:INFO:Calculating mean and std
2025-08-19 15:17:14,517:INFO:Creating metrics dataframe
2025-08-19 15:17:14,520:INFO:Uploading results into container
2025-08-19 15:17:14,521:INFO:Uploading model into container now
2025-08-19 15:17:14,521:INFO:_master_model_container: 1
2025-08-19 15:17:14,521:INFO:_display_container: 2
2025-08-19 15:17:14,522:INFO:RandomForestClassifier(bootstrap=True, ccp_alpha=0.0, class_weight=None,
                       criterion='gini', max_depth=None, max_features='sqrt',
                       max_leaf_nodes=None, max_samples=None,
                       min_impurity_decrease=0.0, min_samples_leaf=1,
                       min_samples_split=2, min_weight_fraction_leaf=0.0,
                       monotonic_cst=None, n_estimators=100, n_jobs=-1,
                       oob_score=False, random_state=42, verbose=0,
                       warm_start=False)
2025-08-19 15:17:14,522:INFO:create_model() successfully completed......................................
2025-08-19 15:17:14,736:INFO:SubProcess create_model() end ==================================
2025-08-19 15:17:14,736:INFO:Creating metrics dataframe
2025-08-19 15:17:14,738:INFO:Initializing Extra Trees Classifier
2025-08-19 15:17:14,738:INFO:Total runtime is 0.1025079846382141 minutes
2025-08-19 15:17:14,739:INFO:SubProcess create_model() called ==================================
2025-08-19 15:17:14,739:INFO:Initializing create_model()
2025-08-19 15:17:14,739:INFO:create_model(self=<pycaret.classification.oop.ClassificationExperiment object at 0x7e27f672e210>, estimator=et, fold=StratifiedKFold(n_splits=10, random_state=None, shuffle=False), round=4, cross_validation=True, predict=True, fit_kwargs={}, groups=None, refit=False, probability_threshold=None, experiment_custom_tags=None, verbose=False, system=False, add_to_model_list=True, metrics=None, display=<pycaret.internal.display.display.CommonDisplay object at 0x7e279f529390>, model_only=True, return_train_score=False, error_score=0.0, kwargs={})
2025-08-19 15:17:14,739:INFO:Checking exceptions
2025-08-19 15:17:14,739:INFO:Importing libraries
2025-08-19 15:17:14,739:INFO:Copying training dataset
2025-08-19 15:17:14,743:INFO:Defining folds
2025-08-19 15:17:14,743:INFO:Declaring metric variables
2025-08-19 15:17:14,743:INFO:Importing untrained model
2025-08-19 15:17:14,744:INFO:Extra Trees Classifier Imported successfully
2025-08-19 15:17:14,744:INFO:Starting cross validation
2025-08-19 15:17:14,744:INFO:Cross validating with StratifiedKFold(n_splits=10, random_state=None, shuffle=False), n_jobs=-1
2025-08-19 15:17:16,116:INFO:Calculating mean and std
2025-08-19 15:17:16,116:INFO:Creating metrics dataframe
2025-08-19 15:17:16,118:INFO:Uploading results into container
2025-08-19 15:17:16,119:INFO:Uploading model into container now
2025-08-19 15:17:16,119:INFO:_master_model_container: 2
2025-08-19 15:17:16,119:INFO:_display_container: 2
2025-08-19 15:17:16,119:INFO:ExtraTreesClassifier(bootstrap=False, ccp_alpha=0.0, class_weight=None,
                     criterion='gini', max_depth=None, max_features='sqrt',
                     max_leaf_nodes=None, max_samples=None,
                     min_impurity_decrease=0.0, min_samples_leaf=1,
                     min_samples_split=2, min_weight_fraction_leaf=0.0,
                     monotonic_cst=None, n_estimators=100, n_jobs=-1,
                     oob_score=False, random_state=42, verbose=0,
                     warm_start=False)
2025-08-19 15:17:16,119:INFO:create_model() successfully completed......................................
2025-08-19 15:17:16,299:INFO:SubProcess create_model() end ==================================
2025-08-19 15:17:16,299:INFO:Creating metrics dataframe
2025-08-19 15:17:16,302:INFO:Initializing Light Gradient Boosting Machine
2025-08-19 15:17:16,302:INFO:Total runtime is 0.12856491406758624 minutes
2025-08-19 15:17:16,302:INFO:SubProcess create_model() called ==================================
2025-08-19 15:17:16,302:INFO:Initializing create_model()
2025-08-19 15:17:16,302:INFO:create_model(self=<pycaret.classification.oop.ClassificationExperiment object at 0x7e27f672e210>, estimator=lightgbm, fold=StratifiedKFold(n_splits=10, random_state=None, shuffle=False), round=4, cross_validation=True, predict=True, fit_kwargs={}, groups=None, refit=False, probability_threshold=None, experiment_custom_tags=None, verbose=False, system=False, add_to_model_list=True, metrics=None, display=<pycaret.internal.display.display.CommonDisplay object at 0x7e279f529390>, model_only=True, return_train_score=False, error_score=0.0, kwargs={})
2025-08-19 15:17:16,302:INFO:Checking exceptions
2025-08-19 15:17:16,302:INFO:Importing libraries
2025-08-19 15:17:16,302:INFO:Copying training dataset
2025-08-19 15:17:16,306:INFO:Defining folds
2025-08-19 15:17:16,306:INFO:Declaring metric variables
2025-08-19 15:17:16,307:INFO:Importing untrained model
2025-08-19 15:17:16,307:INFO:Light Gradient Boosting Machine Imported successfully
2025-08-19 15:17:16,307:INFO:Starting cross validation
2025-08-19 15:17:16,308:INFO:Cross validating with StratifiedKFold(n_splits=10, random_state=None, shuffle=False), n_jobs=-1
2025-08-19 15:18:55,472:INFO:Calculating mean and std
2025-08-19 15:18:55,473:INFO:Creating metrics dataframe
2025-08-19 15:18:55,474:INFO:Uploading results into container
2025-08-19 15:18:55,475:INFO:Uploading model into container now
2025-08-19 15:18:55,475:INFO:_master_model_container: 3
2025-08-19 15:18:55,475:INFO:_display_container: 2
2025-08-19 15:18:55,476:INFO:LGBMClassifier(boosting_type='gbdt', class_weight=None, colsample_bytree=1.0,
               importance_type='split', learning_rate=0.1, max_depth=-1,
               min_child_samples=20, min_child_weight=0.001, min_split_gain=0.0,
               n_estimators=100, n_jobs=-1, num_leaves=31, objective=None,
               random_state=42, reg_alpha=0.0, reg_lambda=0.0, subsample=1.0,
               subsample_for_bin=200000, subsample_freq=0)
2025-08-19 15:18:55,476:INFO:create_model() successfully completed......................................
2025-08-19 15:18:55,655:INFO:SubProcess create_model() end ==================================
2025-08-19 15:18:55,656:INFO:Creating metrics dataframe
2025-08-19 15:18:55,659:WARNING:/usr/local/lib/python3.11/site-packages/pycaret/internal/pycaret_experiment/supervised_experiment.py:339: FutureWarning: Styler.applymap has been deprecated. Use Styler.map instead.

2025-08-19 15:18:55,660:INFO:Initializing create_model()
2025-08-19 15:18:55,660:INFO:create_model(self=<pycaret.classification.oop.ClassificationExperiment object at 0x7e27f672e210>, estimator=ExtraTreesClassifier(bootstrap=False, ccp_alpha=0.0, class_weight=None,
                     criterion='gini', max_depth=None, max_features='sqrt',
                     max_leaf_nodes=None, max_samples=None,
                     min_impurity_decrease=0.0, min_samples_leaf=1,
                     min_samples_split=2, min_weight_fraction_leaf=0.0,
                     monotonic_cst=None, n_estimators=100, n_jobs=-1,
                     oob_score=False, random_state=42, verbose=0,
                     warm_start=False), fold=StratifiedKFold(n_splits=10, random_state=None, shuffle=False), round=4, cross_validation=False, predict=False, fit_kwargs={}, groups=None, refit=True, probability_threshold=None, experiment_custom_tags=None, verbose=False, system=False, add_to_model_list=True, metrics=None, display=None, model_only=True, return_train_score=False, error_score=0.0, kwargs={})
2025-08-19 15:18:55,660:INFO:Checking exceptions
2025-08-19 15:18:55,661:INFO:Importing libraries
2025-08-19 15:18:55,661:INFO:Copying training dataset
2025-08-19 15:18:55,665:INFO:Defining folds
2025-08-19 15:18:55,665:INFO:Declaring metric variables
2025-08-19 15:18:55,665:INFO:Importing untrained model
2025-08-19 15:18:55,665:INFO:Declaring custom model
2025-08-19 15:18:55,665:INFO:Extra Trees Classifier Imported successfully
2025-08-19 15:18:55,666:INFO:Cross validation set to False
2025-08-19 15:18:55,666:INFO:Fitting Model
2025-08-19 15:18:55,793:INFO:ExtraTreesClassifier(bootstrap=False, ccp_alpha=0.0, class_weight=None,
                     criterion='gini', max_depth=None, max_features='sqrt',
                     max_leaf_nodes=None, max_samples=None,
                     min_impurity_decrease=0.0, min_samples_leaf=1,
                     min_samples_split=2, min_weight_fraction_leaf=0.0,
                     monotonic_cst=None, n_estimators=100, n_jobs=-1,
                     oob_score=False, random_state=42, verbose=0,
                     warm_start=False)
2025-08-19 15:18:55,793:INFO:create_model() successfully completed......................................
2025-08-19 15:18:55,977:INFO:_master_model_container: 3
2025-08-19 15:18:55,978:INFO:_display_container: 2
2025-08-19 15:18:55,978:INFO:ExtraTreesClassifier(bootstrap=False, ccp_alpha=0.0, class_weight=None,
                     criterion='gini', max_depth=None, max_features='sqrt',
                     max_leaf_nodes=None, max_samples=None,
                     min_impurity_decrease=0.0, min_samples_leaf=1,
                     min_samples_split=2, min_weight_fraction_leaf=0.0,
                     monotonic_cst=None, n_estimators=100, n_jobs=-1,
                     oob_score=False, random_state=42, verbose=0,
                     warm_start=False)
2025-08-19 15:18:55,978:INFO:compare_models() successfully completed......................................
2025-08-19 15:18:55,978:INFO:Initializing finalize_model()
2025-08-19 15:18:55,978:INFO:finalize_model(self=<pycaret.classification.oop.ClassificationExperiment object at 0x7e27f672e210>, estimator=ExtraTreesClassifier(bootstrap=False, ccp_alpha=0.0, class_weight=None,
                     criterion='gini', max_depth=None, max_features='sqrt',
                     max_leaf_nodes=None, max_samples=None,
                     min_impurity_decrease=0.0, min_samples_leaf=1,
                     min_samples_split=2, min_weight_fraction_leaf=0.0,
                     monotonic_cst=None, n_estimators=100, n_jobs=-1,
                     oob_score=False, random_state=42, verbose=0,
                     warm_start=False), fit_kwargs=None, groups=None, model_only=False, experiment_custom_tags=None)
2025-08-19 15:18:55,979:INFO:Finalizing ExtraTreesClassifier(bootstrap=False, ccp_alpha=0.0, class_weight=None,
                     criterion='gini', max_depth=None, max_features='sqrt',
                     max_leaf_nodes=None, max_samples=None,
                     min_impurity_decrease=0.0, min_samples_leaf=1,
                     min_samples_split=2, min_weight_fraction_leaf=0.0,
                     monotonic_cst=None, n_estimators=100, n_jobs=-1,
                     oob_score=False, random_state=42, verbose=0,
                     warm_start=False)
2025-08-19 15:18:55,981:INFO:Initializing create_model()
2025-08-19 15:18:55,981:INFO:create_model(self=<pycaret.classification.oop.ClassificationExperiment object at 0x7e27f672e210>, estimator=ExtraTreesClassifier(bootstrap=False, ccp_alpha=0.0, class_weight=None,
                     criterion='gini', max_depth=None, max_features='sqrt',
                     max_leaf_nodes=None, max_samples=None,
                     min_impurity_decrease=0.0, min_samples_leaf=1,
                     min_samples_split=2, min_weight_fraction_leaf=0.0,
                     monotonic_cst=None, n_estimators=100, n_jobs=-1,
                     oob_score=False, random_state=42, verbose=0,
                     warm_start=False), fold=None, round=4, cross_validation=False, predict=False, fit_kwargs={}, groups=None, refit=True, probability_threshold=None, experiment_custom_tags=None, verbose=False, system=False, add_to_model_list=False, metrics=None, display=None, model_only=False, return_train_score=False, error_score=0.0, kwargs={})
2025-08-19 15:18:55,981:INFO:Checking exceptions
2025-08-19 15:18:55,982:INFO:Importing libraries
2025-08-19 15:18:55,982:INFO:Copying training dataset
2025-08-19 15:18:55,982:INFO:Defining folds
2025-08-19 15:18:55,982:INFO:Declaring metric variables
2025-08-19 15:18:55,982:INFO:Importing untrained model
2025-08-19 15:18:55,982:INFO:Declaring custom model
2025-08-19 15:18:55,983:INFO:Extra Trees Classifier Imported successfully
2025-08-19 15:18:55,984:INFO:Cross validation set to False
2025-08-19 15:18:55,984:INFO:Fitting Model
2025-08-19 15:18:56,115:INFO:Pipeline(memory=Memory(location=None),
         steps=[('numerical_imputer',
                 TransformerWrapper(exclude=None,
                                    include=['having_IP_Address', 'URL_Length',
                                             'Shortining_Service',
                                             'having_At_Symbol',
                                             'double_slash_redirecting',
                                             'Prefix_Suffix',
                                             'having_Sub_Domain',
                                             'SSLfinal_State', 'URL_of_Anchor',
                                             'Links_in_tags', 'SFH',
                                             'Abnormal_URL',
                                             'has_political_keyword'],
                                    transformer=...
                 ExtraTreesClassifier(bootstrap=False, ccp_alpha=0.0,
                                      class_weight=None, criterion='gini',
                                      max_depth=None, max_features='sqrt',
                                      max_leaf_nodes=None, max_samples=None,
                                      min_impurity_decrease=0.0,
                                      min_samples_leaf=1, min_samples_split=2,
                                      min_weight_fraction_leaf=0.0,
                                      monotonic_cst=None, n_estimators=100,
                                      n_jobs=-1, oob_score=False,
                                      random_state=42, verbose=0,
                                      warm_start=False))],
         verbose=False)
2025-08-19 15:18:56,115:INFO:create_model() successfully completed......................................
2025-08-19 15:18:56,294:INFO:_master_model_container: 3
2025-08-19 15:18:56,294:INFO:_display_container: 2
2025-08-19 15:18:56,298:INFO:Pipeline(memory=Memory(location=None),
         steps=[('numerical_imputer',
                 TransformerWrapper(exclude=None,
                                    include=['having_IP_Address', 'URL_Length',
                                             'Shortining_Service',
                                             'having_At_Symbol',
                                             'double_slash_redirecting',
                                             'Prefix_Suffix',
                                             'having_Sub_Domain',
                                             'SSLfinal_State', 'URL_of_Anchor',
                                             'Links_in_tags', 'SFH',
                                             'Abnormal_URL',
                                             'has_political_keyword'],
                                    transformer=...
                 ExtraTreesClassifier(bootstrap=False, ccp_alpha=0.0,
                                      class_weight=None, criterion='gini',
                                      max_depth=None, max_features='sqrt',
                                      max_leaf_nodes=None, max_samples=None,
                                      min_impurity_decrease=0.0,
                                      min_samples_leaf=1, min_samples_split=2,
                                      min_weight_fraction_leaf=0.0,
                                      monotonic_cst=None, n_estimators=100,
                                      n_jobs=-1, oob_score=False,
                                      random_state=42, verbose=0,
                                      warm_start=False))],
         verbose=False)
2025-08-19 15:18:56,298:INFO:finalize_model() successfully completed......................................
2025-08-19 15:18:56,481:INFO:Initializing plot_model()
2025-08-19 15:18:56,481:INFO:plot_model(self=<pycaret.classification.oop.ClassificationExperiment object at 0x7e27f672e210>, estimator=Pipeline(memory=Memory(location=None),
         steps=[('numerical_imputer',
                 TransformerWrapper(exclude=None,
                                    include=['having_IP_Address', 'URL_Length',
                                             'Shortining_Service',
                                             'having_At_Symbol',
                                             'double_slash_redirecting',
                                             'Prefix_Suffix',
                                             'having_Sub_Domain',
                                             'SSLfinal_State', 'URL_of_Anchor',
                                             'Links_in_tags', 'SFH',
                                             'Abnormal_URL',
                                             'has_political_keyword'],
                                    transformer=...
                 ExtraTreesClassifier(bootstrap=False, ccp_alpha=0.0,
                                      class_weight=None, criterion='gini',
                                      max_depth=None, max_features='sqrt',
                                      max_leaf_nodes=None, max_samples=None,
                                      min_impurity_decrease=0.0,
                                      min_samples_leaf=1, min_samples_split=2,
                                      min_weight_fraction_leaf=0.0,
                                      monotonic_cst=None, n_estimators=100,
                                      n_jobs=-1, oob_score=False,
                                      random_state=42, verbose=0,
                                      warm_start=False))],
         verbose=False), plot=feature, scale=1, save=True, fold=None, fit_kwargs=None, plot_kwargs=None, groups=None, feature_name=None, label=False, verbose=True, system=True, display=None, display_format=None)
2025-08-19 15:18:56,481:INFO:Checking exceptions
2025-08-19 15:18:56,506:INFO:Preloading libraries
2025-08-19 15:18:56,513:INFO:Copying training dataset
2025-08-19 15:18:56,513:INFO:Plot type: feature
2025-08-19 15:18:56,514:WARNING:No coef_ found. Trying feature_importances_
2025-08-19 15:18:56,581:INFO:Saving 'Feature Importance.png'
2025-08-19 15:18:56,584:WARNING:findfont: Generic family 'sans-serif' not found because none of the following families were found: Arial, Liberation Sans, Bitstream Vera Sans, sans-serif
2025-08-19 15:18:56,587:WARNING:findfont: Generic family 'sans-serif' not found because none of the following families were found: Arial, Liberation Sans, Bitstream Vera Sans, sans-serif
2025-08-19 15:18:56,588:WARNING:findfont: Generic family 'sans-serif' not found because none of the following families were found: Arial, Liberation Sans, Bitstream Vera Sans, sans-serif
2025-08-19 15:18:56,589:WARNING:findfont: Generic family 'sans-serif' not found because none of the following families were found: Arial, Liberation Sans, Bitstream Vera Sans, sans-serif
2025-08-19 15:18:56,589:WARNING:findfont: Generic family 'sans-serif' not found because none of the following families were found: Arial, Liberation Sans, Bitstream Vera Sans, sans-serif
2025-08-19 15:18:56,590:WARNING:findfont: Generic family 'sans-serif' not found because none of the following families were found: Arial, Liberation Sans, Bitstream Vera Sans, sans-serif
2025-08-19 15:18:56,591:WARNING:findfont: Generic family 'sans-serif' not found because none of the following families were found: Arial, Liberation Sans, Bitstream Vera Sans, sans-serif
2025-08-19 15:18:56,591:WARNING:findfont: Generic family 'sans-serif' not found because none of the following families were found: Arial, Liberation Sans, Bitstream Vera Sans, sans-serif
2025-08-19 15:18:56,592:WARNING:findfont: Generic family 'sans-serif' not found because none of the following families were found: Arial, Liberation Sans, Bitstream Vera Sans, sans-serif
2025-08-19 15:18:56,592:WARNING:findfont: Generic family 'sans-serif' not found because none of the following families were found: Arial, Liberation Sans, Bitstream Vera Sans, sans-serif
2025-08-19 15:18:56,593:WARNING:findfont: Generic family 'sans-serif' not found because none of the following families were found: Arial, Liberation Sans, Bitstream Vera Sans, sans-serif
2025-08-19 15:18:56,596:WARNING:findfont: Generic family 'sans-serif' not found because none of the following families were found: Arial, Liberation Sans, Bitstream Vera Sans, sans-serif
2025-08-19 15:18:56,596:WARNING:findfont: Generic family 'sans-serif' not found because none of the following families were found: Arial, Liberation Sans, Bitstream Vera Sans, sans-serif
2025-08-19 15:18:56,597:WARNING:findfont: Generic family 'sans-serif' not found because none of the following families were found: Arial, Liberation Sans, Bitstream Vera Sans, sans-serif
2025-08-19 15:18:56,597:WARNING:findfont: Generic family 'sans-serif' not found because none of the following families were found: Arial, Liberation Sans, Bitstream Vera Sans, sans-serif
2025-08-19 15:18:56,608:WARNING:findfont: Generic family 'sans-serif' not found because none of the following families were found: Arial, Liberation Sans, Bitstream Vera Sans, sans-serif
2025-08-19 15:18:56,609:WARNING:findfont: Generic family 'sans-serif' not found because none of the following families were found: Arial, Liberation Sans, Bitstream Vera Sans, sans-serif
2025-08-19 15:18:56,610:WARNING:findfont: Generic family 'sans-serif' not found because none of the following families were found: Arial, Liberation Sans, Bitstream Vera Sans, sans-serif
2025-08-19 15:18:56,610:WARNING:findfont: Generic family 'sans-serif' not found because none of the following families were found: Arial, Liberation Sans, Bitstream Vera Sans, sans-serif
2025-08-19 15:18:56,611:WARNING:findfont: Generic family 'sans-serif' not found because none of the following families were found: Arial, Liberation Sans, Bitstream Vera Sans, sans-serif
2025-08-19 15:18:56,620:WARNING:findfont: Generic family 'sans-serif' not found because none of the following families were found: Arial, Liberation Sans, Bitstream Vera Sans, sans-serif
2025-08-19 15:18:56,704:WARNING:findfont: Generic family 'sans-serif' not found because none of the following families were found: Arial, Liberation Sans, Bitstream Vera Sans, sans-serif
2025-08-19 15:18:56,705:WARNING:findfont: Generic family 'sans-serif' not found because none of the following families were found: Arial, Liberation Sans, Bitstream Vera Sans, sans-serif
2025-08-19 15:18:56,706:WARNING:findfont: Generic family 'sans-serif' not found because none of the following families were found: Arial, Liberation Sans, Bitstream Vera Sans, sans-serif
2025-08-19 15:18:56,707:WARNING:findfont: Generic family 'sans-serif' not found because none of the following families were found: Arial, Liberation Sans, Bitstream Vera Sans, sans-serif
2025-08-19 15:18:56,707:WARNING:findfont: Generic family 'sans-serif' not found because none of the following families were found: Arial, Liberation Sans, Bitstream Vera Sans, sans-serif
2025-08-19 15:18:56,708:WARNING:findfont: Generic family 'sans-serif' not found because none of the following families were found: Arial, Liberation Sans, Bitstream Vera Sans, sans-serif
2025-08-19 15:18:56,708:WARNING:findfont: Generic family 'sans-serif' not found because none of the following families were found: Arial, Liberation Sans, Bitstream Vera Sans, sans-serif
2025-08-19 15:18:56,709:WARNING:findfont: Generic family 'sans-serif' not found because none of the following families were found: Arial, Liberation Sans, Bitstream Vera Sans, sans-serif
2025-08-19 15:18:56,710:WARNING:findfont: Generic family 'sans-serif' not found because none of the following families were found: Arial, Liberation Sans, Bitstream Vera Sans, sans-serif
2025-08-19 15:18:56,710:WARNING:findfont: Generic family 'sans-serif' not found because none of the following families were found: Arial, Liberation Sans, Bitstream Vera Sans, sans-serif
2025-08-19 15:18:56,711:WARNING:findfont: Generic family 'sans-serif' not found because none of the following families were found: Arial, Liberation Sans, Bitstream Vera Sans, sans-serif
2025-08-19 15:18:56,713:WARNING:findfont: Generic family 'sans-serif' not found because none of the following families were found: Arial, Liberation Sans, Bitstream Vera Sans, sans-serif
2025-08-19 15:18:56,713:WARNING:findfont: Generic family 'sans-serif' not found because none of the following families were found: Arial, Liberation Sans, Bitstream Vera Sans, sans-serif
2025-08-19 15:18:56,714:WARNING:findfont: Generic family 'sans-serif' not found because none of the following families were found: Arial, Liberation Sans, Bitstream Vera Sans, sans-serif
2025-08-19 15:18:56,714:WARNING:findfont: Generic family 'sans-serif' not found because none of the following families were found: Arial, Liberation Sans, Bitstream Vera Sans, sans-serif
2025-08-19 15:18:56,717:WARNING:findfont: Generic family 'sans-serif' not found because none of the following families were found: Arial, Liberation Sans, Bitstream Vera Sans, sans-serif
2025-08-19 15:18:56,717:WARNING:findfont: Generic family 'sans-serif' not found because none of the following families were found: Arial, Liberation Sans, Bitstream Vera Sans, sans-serif
2025-08-19 15:18:56,717:WARNING:findfont: Generic family 'sans-serif' not found because none of the following families were found: Arial, Liberation Sans, Bitstream Vera Sans, sans-serif
2025-08-19 15:18:56,718:WARNING:findfont: Generic family 'sans-serif' not found because none of the following families were found: Arial, Liberation Sans, Bitstream Vera Sans, sans-serif
2025-08-19 15:18:56,718:WARNING:findfont: Generic family 'sans-serif' not found because none of the following families were found: Arial, Liberation Sans, Bitstream Vera Sans, sans-serif
2025-08-19 15:18:56,719:WARNING:findfont: Generic family 'sans-serif' not found because none of the following families were found: Arial, Liberation Sans, Bitstream Vera Sans, sans-serif
2025-08-19 15:18:56,720:WARNING:findfont: Generic family 'sans-serif' not found because none of the following families were found: Arial, Liberation Sans, Bitstream Vera Sans, sans-serif
2025-08-19 15:18:56,720:WARNING:findfont: Generic family 'sans-serif' not found because none of the following families were found: Arial, Liberation Sans, Bitstream Vera Sans, sans-serif
2025-08-19 15:18:56,721:WARNING:findfont: Generic family 'sans-serif' not found because none of the following families were found: Arial, Liberation Sans, Bitstream Vera Sans, sans-serif
2025-08-19 15:18:56,722:WARNING:findfont: Generic family 'sans-serif' not found because none of the following families were found: Arial, Liberation Sans, Bitstream Vera Sans, sans-serif
2025-08-19 15:18:56,725:WARNING:findfont: Generic family 'sans-serif' not found because none of the following families were found: Arial, Liberation Sans, Bitstream Vera Sans, sans-serif
2025-08-19 15:18:56,725:WARNING:findfont: Generic family 'sans-serif' not found because none of the following families were found: Arial, Liberation Sans, Bitstream Vera Sans, sans-serif
2025-08-19 15:18:56,728:WARNING:findfont: Generic family 'sans-serif' not found because none of the following families were found: Arial, Liberation Sans, Bitstream Vera Sans, sans-serif
2025-08-19 15:18:56,729:WARNING:findfont: Generic family 'sans-serif' not found because none of the following families were found: Arial, Liberation Sans, Bitstream Vera Sans, sans-serif
2025-08-19 15:18:56,730:WARNING:findfont: Generic family 'sans-serif' not found because none of the following families were found: Arial, Liberation Sans, Bitstream Vera Sans, sans-serif
2025-08-19 15:18:56,731:WARNING:findfont: Generic family 'sans-serif' not found because none of the following families were found: Arial, Liberation Sans, Bitstream Vera Sans, sans-serif
2025-08-19 15:18:56,732:WARNING:findfont: Generic family 'sans-serif' not found because none of the following families were found: Arial, Liberation Sans, Bitstream Vera Sans, sans-serif
2025-08-19 15:18:56,733:WARNING:findfont: Generic family 'sans-serif' not found because none of the following families were found: Arial, Liberation Sans, Bitstream Vera Sans, sans-serif
2025-08-19 15:18:56,734:WARNING:findfont: Generic family 'sans-serif' not found because none of the following families were found: Arial, Liberation Sans, Bitstream Vera Sans, sans-serif
2025-08-19 15:18:56,735:WARNING:findfont: Generic family 'sans-serif' not found because none of the following families were found: Arial, Liberation Sans, Bitstream Vera Sans, sans-serif
2025-08-19 15:18:56,736:WARNING:findfont: Generic family 'sans-serif' not found because none of the following families were found: Arial, Liberation Sans, Bitstream Vera Sans, sans-serif
2025-08-19 15:18:56,737:WARNING:findfont: Generic family 'sans-serif' not found because none of the following families were found: Arial, Liberation Sans, Bitstream Vera Sans, sans-serif
2025-08-19 15:18:56,740:WARNING:findfont: Generic family 'sans-serif' not found because none of the following families were found: Arial, Liberation Sans, Bitstream Vera Sans, sans-serif
2025-08-19 15:18:56,742:WARNING:findfont: Generic family 'sans-serif' not found because none of the following families were found: Arial, Liberation Sans, Bitstream Vera Sans, sans-serif
2025-08-19 15:18:56,764:WARNING:findfont: Generic family 'sans-serif' not found because none of the following families were found: Arial, Liberation Sans, Bitstream Vera Sans, sans-serif
2025-08-19 15:18:56,764:WARNING:findfont: Generic family 'sans-serif' not found because none of the following families were found: Arial, Liberation Sans, Bitstream Vera Sans, sans-serif
2025-08-19 15:18:56,765:WARNING:findfont: Generic family 'sans-serif' not found because none of the following families were found: Arial, Liberation Sans, Bitstream Vera Sans, sans-serif
2025-08-19 15:18:56,765:WARNING:findfont: Generic family 'sans-serif' not found because none of the following families were found: Arial, Liberation Sans, Bitstream Vera Sans, sans-serif
2025-08-19 15:18:56,766:WARNING:findfont: Generic family 'sans-serif' not found because none of the following families were found: Arial, Liberation Sans, Bitstream Vera Sans, sans-serif
2025-08-19 15:18:56,766:WARNING:findfont: Generic family 'sans-serif' not found because none of the following families were found: Arial, Liberation Sans, Bitstream Vera Sans, sans-serif
2025-08-19 15:18:56,767:WARNING:findfont: Generic family 'sans-serif' not found because none of the following families were found: Arial, Liberation Sans, Bitstream Vera Sans, sans-serif
2025-08-19 15:18:56,768:WARNING:findfont: Generic family 'sans-serif' not found because none of the following families were found: Arial, Liberation Sans, Bitstream Vera Sans, sans-serif
2025-08-19 15:18:56,768:WARNING:findfont: Generic family 'sans-serif' not found because none of the following families were found: Arial, Liberation Sans, Bitstream Vera Sans, sans-serif
2025-08-19 15:18:56,769:WARNING:findfont: Generic family 'sans-serif' not found because none of the following families were found: Arial, Liberation Sans, Bitstream Vera Sans, sans-serif
2025-08-19 15:18:56,769:WARNING:findfont: Generic family 'sans-serif' not found because none of the following families were found: Arial, Liberation Sans, Bitstream Vera Sans, sans-serif
2025-08-19 15:18:56,772:WARNING:findfont: Generic family 'sans-serif' not found because none of the following families were found: Arial, Liberation Sans, Bitstream Vera Sans, sans-serif
2025-08-19 15:18:56,772:WARNING:findfont: Generic family 'sans-serif' not found because none of the following families were found: Arial, Liberation Sans, Bitstream Vera Sans, sans-serif
2025-08-19 15:18:56,772:WARNING:findfont: Generic family 'sans-serif' not found because none of the following families were found: Arial, Liberation Sans, Bitstream Vera Sans, sans-serif
2025-08-19 15:18:56,773:WARNING:findfont: Generic family 'sans-serif' not found because none of the following families were found: Arial, Liberation Sans, Bitstream Vera Sans, sans-serif
2025-08-19 15:18:56,775:WARNING:findfont: Generic family 'sans-serif' not found because none of the following families were found: Arial, Liberation Sans, Bitstream Vera Sans, sans-serif
2025-08-19 15:18:56,775:WARNING:findfont: Generic family 'sans-serif' not found because none of the following families were found: Arial, Liberation Sans, Bitstream Vera Sans, sans-serif
2025-08-19 15:18:56,776:WARNING:findfont: Generic family 'sans-serif' not found because none of the following families were found: Arial, Liberation Sans, Bitstream Vera Sans, sans-serif
2025-08-19 15:18:56,776:WARNING:findfont: Generic family 'sans-serif' not found because none of the following families were found: Arial, Liberation Sans, Bitstream Vera Sans, sans-serif
2025-08-19 15:18:56,776:WARNING:findfont: Generic family 'sans-serif' not found because none of the following families were found: Arial, Liberation Sans, Bitstream Vera Sans, sans-serif
2025-08-19 15:18:56,777:WARNING:findfont: Generic family 'sans-serif' not found because none of the following families were found: Arial, Liberation Sans, Bitstream Vera Sans, sans-serif
2025-08-19 15:18:56,778:WARNING:findfont: Generic family 'sans-serif' not found because none of the following families were found: Arial, Liberation Sans, Bitstream Vera Sans, sans-serif
2025-08-19 15:18:56,779:WARNING:findfont: Generic family 'sans-serif' not found because none of the following families were found: Arial, Liberation Sans, Bitstream Vera Sans, sans-serif
2025-08-19 15:18:56,779:WARNING:findfont: Generic family 'sans-serif' not found because none of the following families were found: Arial, Liberation Sans, Bitstream Vera Sans, sans-serif
2025-08-19 15:18:56,780:WARNING:findfont: Generic family 'sans-serif' not found because none of the following families were found: Arial, Liberation Sans, Bitstream Vera Sans, sans-serif
2025-08-19 15:18:56,783:WARNING:findfont: Generic family 'sans-serif' not found because none of the following families were found: Arial, Liberation Sans, Bitstream Vera Sans, sans-serif
2025-08-19 15:18:56,784:WARNING:findfont: Generic family 'sans-serif' not found because none of the following families were found: Arial, Liberation Sans, Bitstream Vera Sans, sans-serif
2025-08-19 15:18:56,786:WARNING:findfont: Generic family 'sans-serif' not found because none of the following families were found: Arial, Liberation Sans, Bitstream Vera Sans, sans-serif
2025-08-19 15:18:56,788:WARNING:findfont: Generic family 'sans-serif' not found because none of the following families were found: Arial, Liberation Sans, Bitstream Vera Sans, sans-serif
2025-08-19 15:18:56,789:WARNING:findfont: Generic family 'sans-serif' not found because none of the following families were found: Arial, Liberation Sans, Bitstream Vera Sans, sans-serif
2025-08-19 15:18:56,789:WARNING:findfont: Generic family 'sans-serif' not found because none of the following families were found: Arial, Liberation Sans, Bitstream Vera Sans, sans-serif
2025-08-19 15:18:56,790:WARNING:findfont: Generic family 'sans-serif' not found because none of the following families were found: Arial, Liberation Sans, Bitstream Vera Sans, sans-serif
2025-08-19 15:18:56,792:WARNING:findfont: Generic family 'sans-serif' not found because none of the following families were found: Arial, Liberation Sans, Bitstream Vera Sans, sans-serif
2025-08-19 15:18:56,793:WARNING:findfont: Generic family 'sans-serif' not found because none of the following families were found: Arial, Liberation Sans, Bitstream Vera Sans, sans-serif
2025-08-19 15:18:56,794:WARNING:findfont: Generic family 'sans-serif' not found because none of the following families were found: Arial, Liberation Sans, Bitstream Vera Sans, sans-serif
2025-08-19 15:18:56,794:WARNING:findfont: Generic family 'sans-serif' not found because none of the following families were found: Arial, Liberation Sans, Bitstream Vera Sans, sans-serif
2025-08-19 15:18:56,795:WARNING:findfont: Generic family 'sans-serif' not found because none of the following families were found: Arial, Liberation Sans, Bitstream Vera Sans, sans-serif
2025-08-19 15:18:56,798:WARNING:findfont: Generic family 'sans-serif' not found because none of the following families were found: Arial, Liberation Sans, Bitstream Vera Sans, sans-serif
2025-08-19 15:18:56,799:WARNING:findfont: Generic family 'sans-serif' not found because none of the following families were found: Arial, Liberation Sans, Bitstream Vera Sans, sans-serif
2025-08-19 15:18:56,800:INFO:Visual Rendered Successfully
2025-08-19 15:18:56,980:INFO:plot_model() successfully completed......................................
2025-08-19 15:18:56,986:INFO:Initializing save_model()
2025-08-19 15:18:56,986:INFO:save_model(model=Pipeline(memory=Memory(location=None),
         steps=[('numerical_imputer',
                 TransformerWrapper(exclude=None,
                                    include=['having_IP_Address', 'URL_Length',
                                             'Shortining_Service',
                                             'having_At_Symbol',
                                             'double_slash_redirecting',
                                             'Prefix_Suffix',
                                             'having_Sub_Domain',
                                             'SSLfinal_State', 'URL_of_Anchor',
                                             'Links_in_tags', 'SFH',
                                             'Abnormal_URL',
                                             'has_political_keyword'],
                                    transformer=...
                 ExtraTreesClassifier(bootstrap=False, ccp_alpha=0.0,
                                      class_weight=None, criterion='gini',
                                      max_depth=None, max_features='sqrt',
                                      max_leaf_nodes=None, max_samples=None,
                                      min_impurity_decrease=0.0,
                                      min_samples_leaf=1, min_samples_split=2,
                                      min_weight_fraction_leaf=0.0,
                                      monotonic_cst=None, n_estimators=100,
                                      n_jobs=-1, oob_score=False,
                                      random_state=42, verbose=0,
                                      warm_start=False))],
         verbose=False), model_name=models/phishing_url_detector, prep_pipe_=Pipeline(memory=FastMemory(location=/tmp/joblib),
         steps=[('numerical_imputer',
                 TransformerWrapper(exclude=None,
                                    include=['having_IP_Address', 'URL_Length',
                                             'Shortining_Service',
                                             'having_At_Symbol',
                                             'double_slash_redirecting',
                                             'Prefix_Suffix',
                                             'having_Sub_Domain',
                                             'SSLfinal_State', 'URL_of_Anchor',
                                             'Links_in_tags', 'SFH',
                                             'Abnormal_URL',
                                             'has_political_keyword'],
                                    t...SimpleImputer(add_indicator=False,
                                                              copy=True,
                                                              fill_value=None,
                                                              keep_empty_features=False,
                                                              missing_values=nan,
                                                              strategy='mean'))),
                ('categorical_imputer',
                 TransformerWrapper(exclude=None, include=[],
                                    transformer=SimpleImputer(add_indicator=False,
                                                              copy=True,
                                                              fill_value=None,
                                                              keep_empty_features=False,
                                                              missing_values=nan,
                                                              strategy='most_frequent')))],
         verbose=False), verbose=True, use_case=MLUsecase.CLASSIFICATION, kwargs={})
2025-08-19 15:18:56,987:INFO:Adding model into prep_pipe
2025-08-19 15:18:56,987:WARNING:Only Model saved as it was a pipeline.
2025-08-19 15:18:57,014:INFO:models/phishing_url_detector.pkl saved in current working directory
2025-08-19 15:18:57,018:INFO:Pipeline(memory=Memory(location=None),
         steps=[('numerical_imputer',
                 TransformerWrapper(exclude=None,
                                    include=['having_IP_Address', 'URL_Length',
                                             'Shortining_Service',
                                             'having_At_Symbol',
                                             'double_slash_redirecting',
                                             'Prefix_Suffix',
                                             'having_Sub_Domain',
                                             'SSLfinal_State', 'URL_of_Anchor',
                                             'Links_in_tags', 'SFH',
                                             'Abnormal_URL',
                                             'has_political_keyword'],
                                    transformer=...
                 ExtraTreesClassifier(bootstrap=False, ccp_alpha=0.0,
                                      class_weight=None, criterion='gini',
                                      max_depth=None, max_features='sqrt',
                                      max_leaf_nodes=None, max_samples=None,
                                      min_impurity_decrease=0.0,
                                      min_samples_leaf=1, min_samples_split=2,
                                      min_weight_fraction_leaf=0.0,
                                      monotonic_cst=None, n_estimators=100,
                                      n_jobs=-1, oob_score=False,
                                      random_state=42, verbose=0,
                                      warm_start=False))],
         verbose=False)
2025-08-19 15:18:57,018:INFO:save_model() successfully completed......................................
2025-08-19 15:18:57,213:INFO:PyCaret ClusteringExperiment
2025-08-19 15:18:57,213:INFO:Logging name: cluster-default-name
2025-08-19 15:18:57,213:INFO:ML Usecase: MLUsecase.CLUSTERING
2025-08-19 15:18:57,213:INFO:version 3.3.2
2025-08-19 15:18:57,213:INFO:Initializing setup()
2025-08-19 15:18:57,213:INFO:self.USI: 4b93
2025-08-19 15:18:57,213:INFO:self._variable_keys: {'memory', 'n_jobs_param', 'gpu_param', 'idx', 'exp_name_log', 'log_plots_param', 'data', 'seed', 'html_param', '_available_plots', 'gpu_n_jobs_param', 'pipeline', 'exp_id', '_ml_usecase', 'logging_param', 'USI', 'X'}
2025-08-19 15:18:57,213:INFO:Checking environment
2025-08-19 15:18:57,213:INFO:python_version: 3.11.13
2025-08-19 15:18:57,213:INFO:python_build: ('main', 'Aug 12 2025 22:45:40')
2025-08-19 15:18:57,213:INFO:machine: x86_64
2025-08-19 15:18:57,213:INFO:platform: Linux-6.14.0-1011-aws-x86_64-with-glibc2.41
2025-08-19 15:18:57,213:INFO:Memory: svmem(total=2003546112, available=812179456, percent=59.5, used=1002225664, free=115974144, active=1298878464, inactive=386662400, buffers=26226688, cached=859119616, shared=2977792, slab=115113984)
2025-08-19 15:18:57,214:INFO:Physical Core: 1
2025-08-19 15:18:57,214:INFO:Logical Core: 2
2025-08-19 15:18:57,214:INFO:Checking libraries
2025-08-19 15:18:57,214:INFO:System:
2025-08-19 15:18:57,214:INFO:    python: 3.11.13 (main, Aug 12 2025, 22:45:40) [GCC 14.2.0]
2025-08-19 15:18:57,214:INFO:executable: /usr/local/bin/python
2025-08-19 15:18:57,214:INFO:   machine: Linux-6.14.0-1011-aws-x86_64-with-glibc2.41
2025-08-19 15:18:57,214:INFO:PyCaret required dependencies:
2025-08-19 15:18:57,214:INFO:                 pip: 24.0
2025-08-19 15:18:57,214:INFO:          setuptools: 80.9.0
2025-08-19 15:18:57,214:INFO:             pycaret: 3.3.2
2025-08-19 15:18:57,214:INFO:             IPython: 9.4.0
2025-08-19 15:18:57,214:INFO:          ipywidgets: 8.1.7
2025-08-19 15:18:57,214:INFO:                tqdm: 4.67.1
2025-08-19 15:18:57,214:INFO:               numpy: 1.26.4
2025-08-19 15:18:57,214:INFO:              pandas: 2.1.4
2025-08-19 15:18:57,214:INFO:              jinja2: 3.1.6
2025-08-19 15:18:57,214:INFO:               scipy: 1.11.4
2025-08-19 15:18:57,214:INFO:              joblib: 1.3.2
2025-08-19 15:18:57,214:INFO:             sklearn: 1.4.2
2025-08-19 15:18:57,214:INFO:                pyod: 2.0.5
2025-08-19 15:18:57,214:INFO:            imblearn: 0.14.0
2025-08-19 15:18:57,214:INFO:   category_encoders: 2.7.0
2025-08-19 15:18:57,214:INFO:            lightgbm: 4.6.0
2025-08-19 15:18:57,214:INFO:               numba: 0.61.0
2025-08-19 15:18:57,214:INFO:            requests: 2.32.4
2025-08-19 15:18:57,214:INFO:          matplotlib: 3.7.5
2025-08-19 15:18:57,214:INFO:          scikitplot: 0.3.7
2025-08-19 15:18:57,214:INFO:         yellowbrick: 1.5
2025-08-19 15:18:57,214:INFO:              plotly: 5.24.1
2025-08-19 15:18:57,214:INFO:    plotly-resampler: Not installed
2025-08-19 15:18:57,214:INFO:             kaleido: 1.0.0
2025-08-19 15:18:57,214:INFO:           schemdraw: 0.15
2025-08-19 15:18:57,214:INFO:         statsmodels: 0.14.5
2025-08-19 15:18:57,214:INFO:              sktime: 0.26.0
2025-08-19 15:18:57,214:INFO:               tbats: 1.1.3
2025-08-19 15:18:57,214:INFO:            pmdarima: 2.0.4
2025-08-19 15:18:57,214:INFO:              psutil: 7.0.0
2025-08-19 15:18:57,214:INFO:          markupsafe: 3.0.2
2025-08-19 15:18:57,215:INFO:             pickle5: Not installed
2025-08-19 15:18:57,215:INFO:         cloudpickle: 3.1.1
2025-08-19 15:18:57,215:INFO:         deprecation: 2.1.0
2025-08-19 15:18:57,215:INFO:              xxhash: 3.5.0
2025-08-19 15:18:57,215:INFO:           wurlitzer: 3.1.1
2025-08-19 15:18:57,215:INFO:PyCaret optional dependencies:
2025-08-19 15:18:57,215:INFO:                shap: 0.44.1
2025-08-19 15:18:57,215:INFO:           interpret: 0.7.2
2025-08-19 15:18:57,215:INFO:                umap: 0.5.7
2025-08-19 15:18:57,215:INFO:     ydata_profiling: 4.16.1
2025-08-19 15:18:57,215:INFO:  explainerdashboard: 0.5.1
2025-08-19 15:18:57,215:INFO:             autoviz: Not installed
2025-08-19 15:18:57,215:INFO:           fairlearn: 0.7.0
2025-08-19 15:18:57,215:INFO:          deepchecks: Not installed
2025-08-19 15:18:57,215:INFO:             xgboost: 3.0.4
2025-08-19 15:18:57,215:INFO:            catboost: 1.2.8
2025-08-19 15:18:57,215:INFO:              kmodes: 0.12.2
2025-08-19 15:18:57,215:INFO:             mlxtend: 0.23.4
2025-08-19 15:18:57,215:INFO:       statsforecast: 1.5.0
2025-08-19 15:18:57,215:INFO:        tune_sklearn: Not installed
2025-08-19 15:18:57,215:INFO:                 ray: Not installed
2025-08-19 15:18:57,215:INFO:            hyperopt: 0.2.7
2025-08-19 15:18:57,215:INFO:              optuna: 4.5.0
2025-08-19 15:18:57,215:INFO:               skopt: 0.10.2
2025-08-19 15:18:57,215:INFO:              mlflow: 3.2.0
2025-08-19 15:18:57,215:INFO:              gradio: 5.42.0
2025-08-19 15:18:57,215:INFO:             fastapi: 0.116.1
2025-08-19 15:18:57,215:INFO:             uvicorn: 0.35.0
2025-08-19 15:18:57,215:INFO:              m2cgen: 0.10.0
2025-08-19 15:18:57,215:INFO:           evidently: 0.4.40
2025-08-19 15:18:57,215:INFO:               fugue: 0.8.7
2025-08-19 15:18:57,215:INFO:           streamlit: 1.48.1
2025-08-19 15:18:57,215:INFO:             prophet: Not installed
2025-08-19 15:18:57,215:INFO:None
2025-08-19 15:18:57,215:INFO:Set up data.
2025-08-19 15:18:57,218:INFO:Set up index.
2025-08-19 15:18:57,218:INFO:Assigning column types.
2025-08-19 15:18:57,220:INFO:Engine successfully changes for model 'kmeans' to 'sklearn'.
2025-08-19 15:18:57,221:INFO:Engine for model 'dbscan' has not been set explicitly, hence returning None.
2025-08-19 15:18:57,221:INFO:Soft dependency imported: kmodes: 0.12.2
2025-08-19 15:18:57,226:INFO:Engine for model 'dbscan' has not been set explicitly, hence returning None.
2025-08-19 15:18:57,226:INFO:Soft dependency imported: kmodes: 0.12.2
2025-08-19 15:18:57,226:INFO:Engine successfully changes for model 'dbscan' to 'sklearn'.
2025-08-19 15:18:57,226:INFO:Soft dependency imported: kmodes: 0.12.2
2025-08-19 15:18:57,226:INFO:Soft dependency imported: kmodes: 0.12.2
2025-08-19 15:18:57,227:INFO:Preparing preprocessing pipeline...
2025-08-19 15:18:57,227:INFO:Set up simple imputation.
2025-08-19 15:18:57,227:INFO:Set up feature normalization.
2025-08-19 15:18:57,242:INFO:Finished creating preprocessing pipeline.
2025-08-19 15:18:57,245:INFO:Pipeline: Pipeline(memory=FastMemory(location=/tmp/joblib),
         steps=[('numerical_imputer',
                 TransformerWrapper(exclude=None,
                                    include=['having_IP_Address', 'URL_Length',
                                             'Shortining_Service',
                                             'having_At_Symbol',
                                             'double_slash_redirecting',
                                             'Prefix_Suffix',
                                             'having_Sub_Domain',
                                             'SSLfinal_State', 'URL_of_Anchor',
                                             'Links_in_tags', 'SFH',
                                             'Abnormal_URL',
                                             'has_political_keyword'],
                                    t...
                ('categorical_imputer',
                 TransformerWrapper(exclude=None, include=[],
                                    transformer=SimpleImputer(add_indicator=False,
                                                              copy=True,
                                                              fill_value=None,
                                                              keep_empty_features=False,
                                                              missing_values=nan,
                                                              strategy='most_frequent'))),
                ('normalize',
                 TransformerWrapper(exclude=None, include=None,
                                    transformer=StandardScaler(copy=True,
                                                               with_mean=True,
                                                               with_std=True)))],
         verbose=False)
2025-08-19 15:18:57,245:INFO:Creating final display dataframe.
2025-08-19 15:18:57,265:INFO:Setup _display_container:                Description                 Value
0               Session id                    42
1      Original data shape             (498, 13)
2   Transformed data shape             (498, 13)
3         Numeric features                    13
4               Preprocess                  True
5          Imputation type                simple
6       Numeric imputation                  mean
7   Categorical imputation                  mode
8                Normalize                  True
9         Normalize method                zscore
10                CPU Jobs                    -1
11                 Use GPU                 False
12          Log Experiment                 False
13         Experiment Name  cluster-default-name
14                     USI                  4b93
2025-08-19 15:18:57,266:INFO:Soft dependency imported: kmodes: 0.12.2
2025-08-19 15:18:57,266:INFO:Soft dependency imported: kmodes: 0.12.2
2025-08-19 15:18:57,266:INFO:setup() successfully completed in 0.05s...............
2025-08-19 15:18:57,266:INFO:Initializing create_model()
2025-08-19 15:18:57,266:INFO:create_model(self=<pycaret.clustering.oop.ClusteringExperiment object at 0x7e279f4a79d0>, estimator=kmeans, num_clusters=3, fraction=0.05, ground_truth=None, round=4, fit_kwargs=None, experiment_custom_tags=None, verbose=True, system=True, add_to_model_list=True, raise_num_clusters=False, display=None, kwargs={})
2025-08-19 15:18:57,266:INFO:Checking exceptions
2025-08-19 15:18:57,280:INFO:Importing untrained model
2025-08-19 15:18:57,280:INFO:K-Means Clustering Imported successfully
2025-08-19 15:18:57,281:INFO:Fitting Model
2025-08-19 15:18:57,311:INFO:KMeans(algorithm='lloyd', copy_x=True, init='k-means++', max_iter=300,
       n_clusters=3, n_init='auto', random_state=42, tol=0.0001, verbose=0)
2025-08-19 15:18:57,311:INFO:create_models() successfully completed......................................
2025-08-19 15:18:57,311:INFO:Uploading results into container
2025-08-19 15:18:57,312:INFO:Uploading model into container now
2025-08-19 15:18:57,324:INFO:_master_model_container: 1
2025-08-19 15:18:57,324:INFO:_display_container: 2
2025-08-19 15:18:57,327:INFO:KMeans(algorithm='lloyd', copy_x=True, init='k-means++', max_iter=300,
       n_clusters=3, n_init='auto', random_state=42, tol=0.0001, verbose=0)
2025-08-19 15:18:57,327:INFO:create_model() successfully completed......................................
2025-08-19 15:18:57,548:INFO:Initializing plot_model()
2025-08-19 15:18:57,548:INFO:plot_model(self=<pycaret.clustering.oop.ClusteringExperiment object at 0x7e279f4a79d0>, estimator=KMeans(algorithm='lloyd', copy_x=True, init='k-means++', max_iter=300,
       n_clusters=3, n_init='auto', random_state=42, tol=0.0001, verbose=0), plot=silhouette, scale=1, save=True, fold=None, fit_kwargs=None, plot_kwargs=None, groups=None, feature_name=None, label=False, verbose=True, system=True, display=None, display_format=None)
2025-08-19 15:18:57,548:INFO:Checking exceptions
2025-08-19 15:18:57,549:INFO:Preloading libraries
2025-08-19 15:18:57,549:INFO:Copying training dataset
2025-08-19 15:18:57,549:INFO:Plot type: silhouette
2025-08-19 15:18:57,595:INFO:Fitting Model
2025-08-19 15:18:57,595:WARNING:/usr/local/lib/python3.11/site-packages/sklearn/base.py:493: UserWarning: X does not have valid feature names, but KMeans was fitted with feature names

2025-08-19 15:18:57,621:INFO:Saving 'Silhouette Plot.png'
2025-08-19 15:18:57,625:WARNING:findfont: Generic family 'sans-serif' not found because none of the following families were found: Arial, Liberation Sans, Bitstream Vera Sans, sans-serif
2025-08-19 15:18:57,625:WARNING:findfont: Generic family 'sans-serif' not found because none of the following families were found: Arial, Liberation Sans, Bitstream Vera Sans, sans-serif
2025-08-19 15:18:57,626:WARNING:findfont: Generic family 'sans-serif' not found because none of the following families were found: Arial, Liberation Sans, Bitstream Vera Sans, sans-serif
2025-08-19 15:18:57,626:WARNING:findfont: Generic family 'sans-serif' not found because none of the following families were found: Arial, Liberation Sans, Bitstream Vera Sans, sans-serif
2025-08-19 15:18:57,627:WARNING:findfont: Generic family 'sans-serif' not found because none of the following families were found: Arial, Liberation Sans, Bitstream Vera Sans, sans-serif
2025-08-19 15:18:57,627:WARNING:findfont: Generic family 'sans-serif' not found because none of the following families were found: Arial, Liberation Sans, Bitstream Vera Sans, sans-serif
2025-08-19 15:18:57,628:WARNING:findfont: Generic family 'sans-serif' not found because none of the following families were found: Arial, Liberation Sans, Bitstream Vera Sans, sans-serif
2025-08-19 15:18:57,628:WARNING:findfont: Generic family 'sans-serif' not found because none of the following families were found: Arial, Liberation Sans, Bitstream Vera Sans, sans-serif
2025-08-19 15:18:57,637:WARNING:findfont: Generic family 'sans-serif' not found because none of the following families were found: Arial, Liberation Sans, Bitstream Vera Sans, sans-serif
2025-08-19 15:18:57,637:WARNING:findfont: Generic family 'sans-serif' not found because none of the following families were found: Arial, Liberation Sans, Bitstream Vera Sans, sans-serif
2025-08-19 15:18:57,638:WARNING:findfont: Generic family 'sans-serif' not found because none of the following families were found: Arial, Liberation Sans, Bitstream Vera Sans, sans-serif
2025-08-19 15:18:57,638:WARNING:findfont: Generic family 'sans-serif' not found because none of the following families were found: Arial, Liberation Sans, Bitstream Vera Sans, sans-serif
2025-08-19 15:18:57,638:WARNING:findfont: Generic family 'sans-serif' not found because none of the following families were found: Arial, Liberation Sans, Bitstream Vera Sans, sans-serif
2025-08-19 15:18:57,639:WARNING:findfont: Generic family 'sans-serif' not found because none of the following families were found: Arial, Liberation Sans, Bitstream Vera Sans, sans-serif
2025-08-19 15:18:57,639:WARNING:findfont: Generic family 'sans-serif' not found because none of the following families were found: Arial, Liberation Sans, Bitstream Vera Sans, sans-serif
2025-08-19 15:18:57,639:WARNING:findfont: Generic family 'sans-serif' not found because none of the following families were found: Arial, Liberation Sans, Bitstream Vera Sans, sans-serif
2025-08-19 15:18:57,645:WARNING:findfont: Generic family 'sans-serif' not found because none of the following families were found: Arial, Liberation Sans, Bitstream Vera Sans, sans-serif
2025-08-19 15:18:57,650:WARNING:findfont: Generic family 'sans-serif' not found because none of the following families were found: Arial, Liberation Sans, Bitstream Vera Sans, sans-serif
2025-08-19 15:18:57,650:WARNING:findfont: Generic family 'sans-serif' not found because none of the following families were found: Arial, Liberation Sans, Bitstream Vera Sans, sans-serif
2025-08-19 15:18:57,652:WARNING:findfont: Generic family 'sans-serif' not found because none of the following families were found: Arial, Liberation Sans, Bitstream Vera Sans, sans-serif
2025-08-19 15:18:57,653:WARNING:findfont: Generic family 'sans-serif' not found because none of the following families were found: Arial, Liberation Sans, Bitstream Vera Sans, sans-serif
2025-08-19 15:18:57,653:WARNING:findfont: Generic family 'sans-serif' not found because none of the following families were found: Arial, Liberation Sans, Bitstream Vera Sans, sans-serif
2025-08-19 15:18:57,654:WARNING:findfont: Generic family 'sans-serif' not found because none of the following families were found: Arial, Liberation Sans, Bitstream Vera Sans, sans-serif
2025-08-19 15:18:57,665:WARNING:findfont: Generic family 'sans-serif' not found because none of the following families were found: Arial, Liberation Sans, Bitstream Vera Sans, sans-serif
2025-08-19 15:18:57,669:WARNING:findfont: Generic family 'sans-serif' not found because none of the following families were found: Arial, Liberation Sans, Bitstream Vera Sans, sans-serif
2025-08-19 15:18:57,680:WARNING:findfont: Generic family 'sans-serif' not found because none of the following families were found: Arial, Liberation Sans, Bitstream Vera Sans, sans-serif
2025-08-19 15:18:57,683:WARNING:findfont: Generic family 'sans-serif' not found because none of the following families were found: Arial, Liberation Sans, Bitstream Vera Sans, sans-serif
2025-08-19 15:18:57,684:WARNING:findfont: Generic family 'sans-serif' not found because none of the following families were found: Arial, Liberation Sans, Bitstream Vera Sans, sans-serif
2025-08-19 15:18:57,684:WARNING:findfont: Generic family 'sans-serif' not found because none of the following families were found: Arial, Liberation Sans, Bitstream Vera Sans, sans-serif
2025-08-19 15:18:57,684:WARNING:findfont: Generic family 'sans-serif' not found because none of the following families were found: Arial, Liberation Sans, Bitstream Vera Sans, sans-serif
2025-08-19 15:18:57,685:WARNING:findfont: Generic family 'sans-serif' not found because none of the following families were found: Arial, Liberation Sans, Bitstream Vera Sans, sans-serif
2025-08-19 15:18:57,685:WARNING:findfont: Generic family 'sans-serif' not found because none of the following families were found: Arial, Liberation Sans, Bitstream Vera Sans, sans-serif
2025-08-19 15:18:57,686:WARNING:findfont: Generic family 'sans-serif' not found because none of the following families were found: Arial, Liberation Sans, Bitstream Vera Sans, sans-serif
2025-08-19 15:18:57,686:WARNING:findfont: Generic family 'sans-serif' not found because none of the following families were found: Arial, Liberation Sans, Bitstream Vera Sans, sans-serif
2025-08-19 15:18:57,689:WARNING:findfont: Generic family 'sans-serif' not found because none of the following families were found: Arial, Liberation Sans, Bitstream Vera Sans, sans-serif
2025-08-19 15:18:57,689:WARNING:findfont: Generic family 'sans-serif' not found because none of the following families were found: Arial, Liberation Sans, Bitstream Vera Sans, sans-serif
2025-08-19 15:18:57,690:WARNING:findfont: Generic family 'sans-serif' not found because none of the following families were found: Arial, Liberation Sans, Bitstream Vera Sans, sans-serif
2025-08-19 15:18:57,690:WARNING:findfont: Generic family 'sans-serif' not found because none of the following families were found: Arial, Liberation Sans, Bitstream Vera Sans, sans-serif
2025-08-19 15:18:57,690:WARNING:findfont: Generic family 'sans-serif' not found because none of the following families were found: Arial, Liberation Sans, Bitstream Vera Sans, sans-serif
2025-08-19 15:18:57,691:WARNING:findfont: Generic family 'sans-serif' not found because none of the following families were found: Arial, Liberation Sans, Bitstream Vera Sans, sans-serif
2025-08-19 15:18:57,691:WARNING:findfont: Generic family 'sans-serif' not found because none of the following families were found: Arial, Liberation Sans, Bitstream Vera Sans, sans-serif
2025-08-19 15:18:57,691:WARNING:findfont: Generic family 'sans-serif' not found because none of the following families were found: Arial, Liberation Sans, Bitstream Vera Sans, sans-serif
2025-08-19 15:18:57,692:WARNING:findfont: Generic family 'sans-serif' not found because none of the following families were found: Arial, Liberation Sans, Bitstream Vera Sans, sans-serif
2025-08-19 15:18:57,693:WARNING:findfont: Generic family 'sans-serif' not found because none of the following families were found: Arial, Liberation Sans, Bitstream Vera Sans, sans-serif
2025-08-19 15:18:57,694:WARNING:findfont: Generic family 'sans-serif' not found because none of the following families were found: Arial, Liberation Sans, Bitstream Vera Sans, sans-serif
2025-08-19 15:18:57,695:WARNING:findfont: Generic family 'sans-serif' not found because none of the following families were found: Arial, Liberation Sans, Bitstream Vera Sans, sans-serif
2025-08-19 15:18:57,695:WARNING:findfont: Generic family 'sans-serif' not found because none of the following families were found: Arial, Liberation Sans, Bitstream Vera Sans, sans-serif
2025-08-19 15:18:57,696:WARNING:findfont: Generic family 'sans-serif' not found because none of the following families were found: Arial, Liberation Sans, Bitstream Vera Sans, sans-serif
2025-08-19 15:18:57,697:WARNING:findfont: Generic family 'sans-serif' not found because none of the following families were found: Arial, Liberation Sans, Bitstream Vera Sans, sans-serif
2025-08-19 15:18:57,697:WARNING:findfont: Generic family 'sans-serif' not found because none of the following families were found: Arial, Liberation Sans, Bitstream Vera Sans, sans-serif
2025-08-19 15:18:57,700:WARNING:findfont: Generic family 'sans-serif' not found because none of the following families were found: Arial, Liberation Sans, Bitstream Vera Sans, sans-serif
2025-08-19 15:18:57,701:WARNING:findfont: Generic family 'sans-serif' not found because none of the following families were found: Arial, Liberation Sans, Bitstream Vera Sans, sans-serif
2025-08-19 15:18:57,703:WARNING:findfont: Generic family 'sans-serif' not found because none of the following families were found: Arial, Liberation Sans, Bitstream Vera Sans, sans-serif
2025-08-19 15:18:57,704:WARNING:findfont: Generic family 'sans-serif' not found because none of the following families were found: Arial, Liberation Sans, Bitstream Vera Sans, sans-serif
2025-08-19 15:18:57,704:WARNING:findfont: Generic family 'sans-serif' not found because none of the following families were found: Arial, Liberation Sans, Bitstream Vera Sans, sans-serif
2025-08-19 15:18:57,706:WARNING:findfont: Generic family 'sans-serif' not found because none of the following families were found: Arial, Liberation Sans, Bitstream Vera Sans, sans-serif
2025-08-19 15:18:57,710:WARNING:findfont: Generic family 'sans-serif' not found because none of the following families were found: Arial, Liberation Sans, Bitstream Vera Sans, sans-serif
2025-08-19 15:18:57,712:WARNING:findfont: Generic family 'sans-serif' not found because none of the following families were found: Arial, Liberation Sans, Bitstream Vera Sans, sans-serif
2025-08-19 15:18:57,712:WARNING:findfont: Generic family 'sans-serif' not found because none of the following families were found: Arial, Liberation Sans, Bitstream Vera Sans, sans-serif
2025-08-19 15:18:57,713:WARNING:findfont: Generic family 'sans-serif' not found because none of the following families were found: Arial, Liberation Sans, Bitstream Vera Sans, sans-serif
2025-08-19 15:18:57,714:WARNING:findfont: Generic family 'sans-serif' not found because none of the following families were found: Arial, Liberation Sans, Bitstream Vera Sans, sans-serif
2025-08-19 15:18:57,715:WARNING:findfont: Generic family 'sans-serif' not found because none of the following families were found: Arial, Liberation Sans, Bitstream Vera Sans, sans-serif
2025-08-19 15:18:57,715:WARNING:findfont: Generic family 'sans-serif' not found because none of the following families were found: Arial, Liberation Sans, Bitstream Vera Sans, sans-serif
2025-08-19 15:18:57,716:WARNING:findfont: Generic family 'sans-serif' not found because none of the following families were found: Arial, Liberation Sans, Bitstream Vera Sans, sans-serif
2025-08-19 15:18:57,740:WARNING:findfont: Generic family 'sans-serif' not found because none of the following families were found: Arial, Liberation Sans, Bitstream Vera Sans, sans-serif
2025-08-19 15:18:57,740:WARNING:findfont: Generic family 'sans-serif' not found because none of the following families were found: Arial, Liberation Sans, Bitstream Vera Sans, sans-serif
2025-08-19 15:18:57,741:WARNING:findfont: Generic family 'sans-serif' not found because none of the following families were found: Arial, Liberation Sans, Bitstream Vera Sans, sans-serif
2025-08-19 15:18:57,741:WARNING:findfont: Generic family 'sans-serif' not found because none of the following families were found: Arial, Liberation Sans, Bitstream Vera Sans, sans-serif
2025-08-19 15:18:57,742:WARNING:findfont: Generic family 'sans-serif' not found because none of the following families were found: Arial, Liberation Sans, Bitstream Vera Sans, sans-serif
2025-08-19 15:18:57,742:WARNING:findfont: Generic family 'sans-serif' not found because none of the following families were found: Arial, Liberation Sans, Bitstream Vera Sans, sans-serif
2025-08-19 15:18:57,743:WARNING:findfont: Generic family 'sans-serif' not found because none of the following families were found: Arial, Liberation Sans, Bitstream Vera Sans, sans-serif
2025-08-19 15:18:57,743:WARNING:findfont: Generic family 'sans-serif' not found because none of the following families were found: Arial, Liberation Sans, Bitstream Vera Sans, sans-serif
2025-08-19 15:18:57,746:WARNING:findfont: Generic family 'sans-serif' not found because none of the following families were found: Arial, Liberation Sans, Bitstream Vera Sans, sans-serif
2025-08-19 15:18:57,746:WARNING:findfont: Generic family 'sans-serif' not found because none of the following families were found: Arial, Liberation Sans, Bitstream Vera Sans, sans-serif
2025-08-19 15:18:57,747:WARNING:findfont: Generic family 'sans-serif' not found because none of the following families were found: Arial, Liberation Sans, Bitstream Vera Sans, sans-serif
2025-08-19 15:18:57,747:WARNING:findfont: Generic family 'sans-serif' not found because none of the following families were found: Arial, Liberation Sans, Bitstream Vera Sans, sans-serif
2025-08-19 15:18:57,747:WARNING:findfont: Generic family 'sans-serif' not found because none of the following families were found: Arial, Liberation Sans, Bitstream Vera Sans, sans-serif
2025-08-19 15:18:57,748:WARNING:findfont: Generic family 'sans-serif' not found because none of the following families were found: Arial, Liberation Sans, Bitstream Vera Sans, sans-serif
2025-08-19 15:18:57,748:WARNING:findfont: Generic family 'sans-serif' not found because none of the following families were found: Arial, Liberation Sans, Bitstream Vera Sans, sans-serif
2025-08-19 15:18:57,748:WARNING:findfont: Generic family 'sans-serif' not found because none of the following families were found: Arial, Liberation Sans, Bitstream Vera Sans, sans-serif
2025-08-19 15:18:57,749:WARNING:findfont: Generic family 'sans-serif' not found because none of the following families were found: Arial, Liberation Sans, Bitstream Vera Sans, sans-serif
2025-08-19 15:18:57,750:WARNING:findfont: Generic family 'sans-serif' not found because none of the following families were found: Arial, Liberation Sans, Bitstream Vera Sans, sans-serif
2025-08-19 15:18:57,751:WARNING:findfont: Generic family 'sans-serif' not found because none of the following families were found: Arial, Liberation Sans, Bitstream Vera Sans, sans-serif
2025-08-19 15:18:57,752:WARNING:findfont: Generic family 'sans-serif' not found because none of the following families were found: Arial, Liberation Sans, Bitstream Vera Sans, sans-serif
2025-08-19 15:18:57,752:WARNING:findfont: Generic family 'sans-serif' not found because none of the following families were found: Arial, Liberation Sans, Bitstream Vera Sans, sans-serif
2025-08-19 15:18:57,753:WARNING:findfont: Generic family 'sans-serif' not found because none of the following families were found: Arial, Liberation Sans, Bitstream Vera Sans, sans-serif
2025-08-19 15:18:57,754:WARNING:findfont: Generic family 'sans-serif' not found because none of the following families were found: Arial, Liberation Sans, Bitstream Vera Sans, sans-serif
2025-08-19 15:18:57,755:WARNING:findfont: Generic family 'sans-serif' not found because none of the following families were found: Arial, Liberation Sans, Bitstream Vera Sans, sans-serif
2025-08-19 15:18:57,757:WARNING:findfont: Generic family 'sans-serif' not found because none of the following families were found: Arial, Liberation Sans, Bitstream Vera Sans, sans-serif
2025-08-19 15:18:57,758:WARNING:findfont: Generic family 'sans-serif' not found because none of the following families were found: Arial, Liberation Sans, Bitstream Vera Sans, sans-serif
2025-08-19 15:18:57,760:WARNING:findfont: Generic family 'sans-serif' not found because none of the following families were found: Arial, Liberation Sans, Bitstream Vera Sans, sans-serif
2025-08-19 15:18:57,761:WARNING:findfont: Generic family 'sans-serif' not found because none of the following families were found: Arial, Liberation Sans, Bitstream Vera Sans, sans-serif
2025-08-19 15:18:57,762:WARNING:findfont: Generic family 'sans-serif' not found because none of the following families were found: Arial, Liberation Sans, Bitstream Vera Sans, sans-serif
2025-08-19 15:18:57,763:WARNING:findfont: Generic family 'sans-serif' not found because none of the following families were found: Arial, Liberation Sans, Bitstream Vera Sans, sans-serif
2025-08-19 15:18:57,768:WARNING:findfont: Generic family 'sans-serif' not found because none of the following families were found: Arial, Liberation Sans, Bitstream Vera Sans, sans-serif
2025-08-19 15:18:57,769:WARNING:findfont: Generic family 'sans-serif' not found because none of the following families were found: Arial, Liberation Sans, Bitstream Vera Sans, sans-serif
2025-08-19 15:18:57,769:WARNING:findfont: Generic family 'sans-serif' not found because none of the following families were found: Arial, Liberation Sans, Bitstream Vera Sans, sans-serif
2025-08-19 15:18:57,771:WARNING:findfont: Generic family 'sans-serif' not found because none of the following families were found: Arial, Liberation Sans, Bitstream Vera Sans, sans-serif
2025-08-19 15:18:57,772:WARNING:findfont: Generic family 'sans-serif' not found because none of the following families were found: Arial, Liberation Sans, Bitstream Vera Sans, sans-serif
2025-08-19 15:18:57,772:WARNING:findfont: Generic family 'sans-serif' not found because none of the following families were found: Arial, Liberation Sans, Bitstream Vera Sans, sans-serif
2025-08-19 15:18:57,773:WARNING:findfont: Generic family 'sans-serif' not found because none of the following families were found: Arial, Liberation Sans, Bitstream Vera Sans, sans-serif
2025-08-19 15:18:57,773:WARNING:findfont: Generic family 'sans-serif' not found because none of the following families were found: Arial, Liberation Sans, Bitstream Vera Sans, sans-serif
2025-08-19 15:18:57,791:INFO:Visual Rendered Successfully
2025-08-19 15:18:57,973:INFO:plot_model() successfully completed......................................
2025-08-19 15:18:57,973:INFO:Initializing assign_model()
2025-08-19 15:18:57,973:INFO:assign_model(self=<pycaret.clustering.oop.ClusteringExperiment object at 0x7e279f4a79d0>, model=KMeans(algorithm='lloyd', copy_x=True, init='k-means++', max_iter=300,
       n_clusters=3, n_init='auto', random_state=42, tol=0.0001, verbose=0), transformation=False, score=True, verbose=True)
2025-08-19 15:18:57,973:INFO:Checking exceptions
2025-08-19 15:18:57,973:INFO:Determining Trained Model
2025-08-19 15:18:57,973:INFO:Trained Model : K-Means Clustering
2025-08-19 15:18:57,973:INFO:Copying data
2025-08-19 15:18:57,975:INFO:(498, 14)
2025-08-19 15:18:57,975:INFO:assign_model() successfully completed......................................
2025-08-19 15:18:57,989:INFO:Initializing save_model()
2025-08-19 15:18:57,989:INFO:save_model(model=KMeans(algorithm='lloyd', copy_x=True, init='k-means++', max_iter=300,
       n_clusters=3, n_init='auto', random_state=42, tol=0.0001, verbose=0), model_name=models/threat_actor_profiler, prep_pipe_=Pipeline(memory=FastMemory(location=/tmp/joblib),
         steps=[('numerical_imputer',
                 TransformerWrapper(exclude=None,
                                    include=['having_IP_Address', 'URL_Length',
                                             'Shortining_Service',
                                             'having_At_Symbol',
                                             'double_slash_redirecting',
                                             'Prefix_Suffix',
                                             'having_Sub_Domain',
                                             'SSLfinal_State', 'URL_of_Anchor',
                                             'Links_in_tags', 'SFH',
                                             'Abnormal_URL',
                                             'has_political_keyword'],
                                    t...
                ('categorical_imputer',
                 TransformerWrapper(exclude=None, include=[],
                                    transformer=SimpleImputer(add_indicator=False,
                                                              copy=True,
                                                              fill_value=None,
                                                              keep_empty_features=False,
                                                              missing_values=nan,
                                                              strategy='most_frequent'))),
                ('normalize',
                 TransformerWrapper(exclude=None, include=None,
                                    transformer=StandardScaler(copy=True,
                                                               with_mean=True,
                                                               with_std=True)))],
         verbose=False), verbose=True, use_case=MLUsecase.CLUSTERING, kwargs={})
2025-08-19 15:18:57,989:INFO:Adding model into prep_pipe
2025-08-19 15:18:57,991:INFO:models/threat_actor_profiler.pkl saved in current working directory
2025-08-19 15:18:57,995:INFO:Pipeline(memory=Memory(location=None),
         steps=[('numerical_imputer',
                 TransformerWrapper(exclude=None,
                                    include=['having_IP_Address', 'URL_Length',
                                             'Shortining_Service',
                                             'having_At_Symbol',
                                             'double_slash_redirecting',
                                             'Prefix_Suffix',
                                             'having_Sub_Domain',
                                             'SSLfinal_State', 'URL_of_Anchor',
                                             'Links_in_tags', 'SFH',
                                             'Abnormal_URL',
                                             'has_political_keyword'],
                                    transformer=...
                                                              keep_empty_features=False,
                                                              missing_values=nan,
                                                              strategy='most_frequent'))),
                ('normalize',
                 TransformerWrapper(exclude=None, include=None,
                                    transformer=StandardScaler(copy=True,
                                                               with_mean=True,
                                                               with_std=True))),
                ('trained_model',
                 KMeans(algorithm='lloyd', copy_x=True, init='k-means++',
                        max_iter=300, n_clusters=3, n_init='auto',
                        random_state=42, tol=0.0001, verbose=0))],
         verbose=False)
2025-08-19 15:18:57,995:INFO:save_model() successfully completed......................................
2025-08-19 15:39:32,052:WARNING:
'cuml' is a soft dependency and not included in the pycaret installation. Please run: `pip install cuml` to install.
2025-08-19 15:39:32,052:WARNING:
'cuml' is a soft dependency and not included in the pycaret installation. Please run: `pip install cuml` to install.
2025-08-19 15:39:32,052:WARNING:
'cuml' is a soft dependency and not included in the pycaret installation. Please run: `pip install cuml` to install.
2025-08-19 15:39:32,052:WARNING:
'cuml' is a soft dependency and not included in the pycaret installation. Please run: `pip install cuml` to install.
2025-08-19 15:39:35,746:INFO:Initializing load_model()
2025-08-19 15:39:35,746:INFO:load_model(model_name=models/phishing_url_detector, platform=None, authentication=None, verbose=True)
2025-08-19 15:39:36,480:INFO:Initializing load_model()
2025-08-19 15:39:36,480:INFO:load_model(model_name=models/threat_actor_profiler, platform=None, authentication=None, verbose=True)
2025-08-19 15:55:51,195:INFO:Initializing predict_model()
2025-08-19 15:55:51,195:INFO:predict_model(self=<pycaret.classification.oop.ClassificationExperiment object at 0x7fa7a0d9a710>, estimator=Pipeline(memory=Memory(location=None),
         steps=[('numerical_imputer',
                 TransformerWrapper(include=['having_IP_Address', 'URL_Length',
                                             'Shortining_Service',
                                             'having_At_Symbol',
                                             'double_slash_redirecting',
                                             'Prefix_Suffix',
                                             'having_Sub_Domain',
                                             'SSLfinal_State', 'URL_of_Anchor',
                                             'Links_in_tags', 'SFH',
                                             'Abnormal_URL',
                                             'has_political_keyword'],
                                    transformer=SimpleImputer())),
                ('categorical_imputer',
                 TransformerWrapper(include=[],
                                    transformer=SimpleImputer(strategy='most_frequent'))),
                ('actual_estimator',
                 ExtraTreesClassifier(n_jobs=-1, random_state=42))]), probability_threshold=None, encoded_labels=False, raw_score=False, round=4, verbose=True, ml_usecase=None, preprocess=True, encode_labels=<function _SupervisedExperiment.predict_model.<locals>.encode_labels at 0x7fa7d7326de0>)
2025-08-19 15:55:51,195:INFO:Checking exceptions
2025-08-19 15:55:51,195:INFO:Preloading libraries
2025-08-19 15:55:51,196:INFO:Set up data.
2025-08-19 15:55:51,200:INFO:Set up index.
2025-08-19 15:55:53,442:INFO:Initializing predict_model()
2025-08-19 15:55:53,442:INFO:predict_model(self=<pycaret.classification.oop.ClassificationExperiment object at 0x7fa7a0948910>, estimator=Pipeline(memory=Memory(location=None),
         steps=[('numerical_imputer',
                 TransformerWrapper(include=['having_IP_Address', 'URL_Length',
                                             'Shortining_Service',
                                             'having_At_Symbol',
                                             'double_slash_redirecting',
                                             'Prefix_Suffix',
                                             'having_Sub_Domain',
                                             'SSLfinal_State', 'URL_of_Anchor',
                                             'Links_in_tags', 'SFH',
                                             'Abnormal_URL',
                                             'has_political_keyword'],
                                    transformer=SimpleImputer())),
                ('categorical_imputer',
                 TransformerWrapper(include=[],
                                    transformer=SimpleImputer(strategy='most_frequent'))),
                ('normalize', TransformerWrapper(transformer=StandardScaler())),
                ('trained_model', KMeans(n_clusters=3, random_state=42))]), probability_threshold=None, encoded_labels=False, raw_score=False, round=4, verbose=True, ml_usecase=None, preprocess=True, encode_labels=<function _SupervisedExperiment.predict_model.<locals>.encode_labels at 0x7fa7a09a7b00>)
2025-08-19 15:55:53,442:INFO:Checking exceptions
2025-08-19 15:55:53,442:INFO:Preloading libraries
2025-08-19 15:55:53,442:INFO:Set up data.
2025-08-19 15:55:53,447:INFO:Set up index.
2025-08-19 16:11:52,220:INFO:Initializing predict_model()
2025-08-19 16:11:52,220:INFO:predict_model(self=<pycaret.classification.oop.ClassificationExperiment object at 0x7fa7d6783890>, estimator=Pipeline(memory=Memory(location=None),
         steps=[('numerical_imputer',
                 TransformerWrapper(include=['having_IP_Address', 'URL_Length',
                                             'Shortining_Service',
                                             'having_At_Symbol',
                                             'double_slash_redirecting',
                                             'Prefix_Suffix',
                                             'having_Sub_Domain',
                                             'SSLfinal_State', 'URL_of_Anchor',
                                             'Links_in_tags', 'SFH',
                                             'Abnormal_URL',
                                             'has_political_keyword'],
                                    transformer=SimpleImputer())),
                ('categorical_imputer',
                 TransformerWrapper(include=[],
                                    transformer=SimpleImputer(strategy='most_frequent'))),
                ('actual_estimator',
                 ExtraTreesClassifier(n_jobs=-1, random_state=42))]), probability_threshold=None, encoded_labels=False, raw_score=False, round=4, verbose=True, ml_usecase=None, preprocess=True, encode_labels=<function _SupervisedExperiment.predict_model.<locals>.encode_labels at 0x7fa7a09a7b00>)
2025-08-19 16:11:52,220:INFO:Checking exceptions
2025-08-19 16:11:52,220:INFO:Preloading libraries
2025-08-19 16:11:52,220:INFO:Set up data.
2025-08-19 16:11:52,223:INFO:Set up index.
2025-08-19 16:11:54,452:INFO:Initializing predict_model()
2025-08-19 16:11:54,452:INFO:predict_model(self=<pycaret.classification.oop.ClassificationExperiment object at 0x7fa7d5a842d0>, estimator=Pipeline(memory=Memory(location=None),
         steps=[('numerical_imputer',
                 TransformerWrapper(include=['having_IP_Address', 'URL_Length',
                                             'Shortining_Service',
                                             'having_At_Symbol',
                                             'double_slash_redirecting',
                                             'Prefix_Suffix',
                                             'having_Sub_Domain',
                                             'SSLfinal_State', 'URL_of_Anchor',
                                             'Links_in_tags', 'SFH',
                                             'Abnormal_URL',
                                             'has_political_keyword'],
                                    transformer=SimpleImputer())),
                ('categorical_imputer',
                 TransformerWrapper(include=[],
                                    transformer=SimpleImputer(strategy='most_frequent'))),
                ('normalize', TransformerWrapper(transformer=StandardScaler())),
                ('trained_model', KMeans(n_clusters=3, random_state=42))]), probability_threshold=None, encoded_labels=False, raw_score=False, round=4, verbose=True, ml_usecase=None, preprocess=True, encode_labels=<function _SupervisedExperiment.predict_model.<locals>.encode_labels at 0x7fa79631a480>)
2025-08-19 16:11:54,452:INFO:Checking exceptions
2025-08-19 16:11:54,452:INFO:Preloading libraries
2025-08-19 16:11:54,452:INFO:Set up data.
2025-08-19 16:11:54,456:INFO:Set up index.
2025-08-19 16:14:51,042:WARNING:
'cuml' is a soft dependency and not included in the pycaret installation. Please run: `pip install cuml` to install.
2025-08-19 16:14:51,042:WARNING:
'cuml' is a soft dependency and not included in the pycaret installation. Please run: `pip install cuml` to install.
2025-08-19 16:14:51,042:WARNING:
'cuml' is a soft dependency and not included in the pycaret installation. Please run: `pip install cuml` to install.
2025-08-19 16:14:51,042:WARNING:
'cuml' is a soft dependency and not included in the pycaret installation. Please run: `pip install cuml` to install.
2025-08-19 16:14:52,450:INFO:PyCaret ClassificationExperiment
2025-08-19 16:14:52,450:INFO:Logging name: clf-default-name
2025-08-19 16:14:52,450:INFO:ML Usecase: MLUsecase.CLASSIFICATION
2025-08-19 16:14:52,450:INFO:version 3.3.2
2025-08-19 16:14:52,451:INFO:Initializing setup()
2025-08-19 16:14:52,451:INFO:self.USI: 278b
2025-08-19 16:14:52,451:INFO:self._variable_keys: {'exp_id', 'fold_shuffle_param', 'fix_imbalance', 'USI', 'n_jobs_param', 'y_train', 'fold_generator', 'exp_name_log', 'seed', 'idx', '_ml_usecase', 'fold_groups_param', 'X_test', 'logging_param', 'log_plots_param', 'gpu_param', 'X_train', 'y_test', '_available_plots', 'html_param', 'data', 'gpu_n_jobs_param', 'pipeline', 'y', 'target_param', 'is_multiclass', 'X', 'memory'}
2025-08-19 16:14:52,451:INFO:Checking environment
2025-08-19 16:14:52,451:INFO:python_version: 3.11.13
2025-08-19 16:14:52,451:INFO:python_build: ('main', 'Aug 12 2025 22:45:40')
2025-08-19 16:14:52,451:INFO:machine: x86_64
2025-08-19 16:14:52,451:INFO:platform: Linux-6.14.0-1011-aws-x86_64-with-glibc2.41
2025-08-19 16:14:52,451:INFO:Memory: svmem(total=2003546112, available=1367826432, percent=31.7, used=446545920, free=571887616, active=788602880, inactive=442093568, buffers=32632832, cached=952479744, shared=2940928, slab=113487872)
2025-08-19 16:14:52,451:INFO:Physical Core: 1
2025-08-19 16:14:52,451:INFO:Logical Core: 2
2025-08-19 16:14:52,451:INFO:Checking libraries
2025-08-19 16:14:52,451:INFO:System:
2025-08-19 16:14:52,451:INFO:    python: 3.11.13 (main, Aug 12 2025, 22:45:40) [GCC 14.2.0]
2025-08-19 16:14:52,451:INFO:executable: /usr/local/bin/python
2025-08-19 16:14:52,451:INFO:   machine: Linux-6.14.0-1011-aws-x86_64-with-glibc2.41
2025-08-19 16:14:52,451:INFO:PyCaret required dependencies:
2025-08-19 16:14:53,157:INFO:                 pip: 24.0
2025-08-19 16:14:53,157:INFO:          setuptools: 80.9.0
2025-08-19 16:14:53,157:INFO:             pycaret: 3.3.2
2025-08-19 16:14:53,157:INFO:             IPython: 9.4.0
2025-08-19 16:14:53,157:INFO:          ipywidgets: 8.1.7
2025-08-19 16:14:53,157:INFO:                tqdm: 4.67.1
2025-08-19 16:14:53,157:INFO:               numpy: 1.26.4
2025-08-19 16:14:53,157:INFO:              pandas: 2.1.4
2025-08-19 16:14:53,157:INFO:              jinja2: 3.1.6
2025-08-19 16:14:53,157:INFO:               scipy: 1.11.4
2025-08-19 16:14:53,157:INFO:              joblib: 1.3.2
2025-08-19 16:14:53,157:INFO:             sklearn: 1.4.2
2025-08-19 16:14:53,157:INFO:                pyod: 2.0.5
2025-08-19 16:14:53,157:INFO:            imblearn: 0.14.0
2025-08-19 16:14:53,157:INFO:   category_encoders: 2.7.0
2025-08-19 16:14:53,157:INFO:            lightgbm: 4.6.0
2025-08-19 16:14:53,157:INFO:               numba: 0.61.0
2025-08-19 16:14:53,157:INFO:            requests: 2.32.4
2025-08-19 16:14:53,157:INFO:          matplotlib: 3.7.5
2025-08-19 16:14:53,157:INFO:          scikitplot: 0.3.7
2025-08-19 16:14:53,157:INFO:         yellowbrick: 1.5
2025-08-19 16:14:53,157:INFO:              plotly: 5.24.1
2025-08-19 16:14:53,157:INFO:    plotly-resampler: Not installed
2025-08-19 16:14:53,157:INFO:             kaleido: 1.0.0
2025-08-19 16:14:53,157:INFO:           schemdraw: 0.15
2025-08-19 16:14:53,157:INFO:         statsmodels: 0.14.5
2025-08-19 16:14:53,157:INFO:              sktime: 0.26.0
2025-08-19 16:14:53,157:INFO:               tbats: 1.1.3
2025-08-19 16:14:53,157:INFO:            pmdarima: 2.0.4
2025-08-19 16:14:53,157:INFO:              psutil: 7.0.0
2025-08-19 16:14:53,157:INFO:          markupsafe: 3.0.2
2025-08-19 16:14:53,157:INFO:             pickle5: Not installed
2025-08-19 16:14:53,157:INFO:         cloudpickle: 3.1.1
2025-08-19 16:14:53,157:INFO:         deprecation: 2.1.0
2025-08-19 16:14:53,157:INFO:              xxhash: 3.5.0
2025-08-19 16:14:53,157:INFO:           wurlitzer: 3.1.1
2025-08-19 16:14:53,157:INFO:PyCaret optional dependencies:
2025-08-19 16:14:57,002:INFO:                shap: 0.44.1
2025-08-19 16:14:57,002:INFO:           interpret: 0.7.2
2025-08-19 16:14:57,002:INFO:                umap: 0.5.7
2025-08-19 16:14:57,002:INFO:     ydata_profiling: 4.16.1
2025-08-19 16:14:57,002:INFO:  explainerdashboard: 0.5.1
2025-08-19 16:14:57,002:INFO:             autoviz: Not installed
2025-08-19 16:14:57,002:INFO:           fairlearn: 0.7.0
2025-08-19 16:14:57,002:INFO:          deepchecks: Not installed
2025-08-19 16:14:57,002:INFO:             xgboost: 3.0.4
2025-08-19 16:14:57,002:INFO:            catboost: 1.2.8
2025-08-19 16:14:57,002:INFO:              kmodes: 0.12.2
2025-08-19 16:14:57,002:INFO:             mlxtend: 0.23.4
2025-08-19 16:14:57,002:INFO:       statsforecast: 1.5.0
2025-08-19 16:14:57,002:INFO:        tune_sklearn: Not installed
2025-08-19 16:14:57,002:INFO:                 ray: Not installed
2025-08-19 16:14:57,002:INFO:            hyperopt: 0.2.7
2025-08-19 16:14:57,002:INFO:              optuna: 4.5.0
2025-08-19 16:14:57,002:INFO:               skopt: 0.10.2
2025-08-19 16:14:57,002:INFO:              mlflow: 3.2.0
2025-08-19 16:14:57,002:INFO:              gradio: 5.42.0
2025-08-19 16:14:57,002:INFO:             fastapi: 0.116.1
2025-08-19 16:14:57,003:INFO:             uvicorn: 0.35.0
2025-08-19 16:14:57,003:INFO:              m2cgen: 0.10.0
2025-08-19 16:14:57,003:INFO:           evidently: 0.4.40
2025-08-19 16:14:57,003:INFO:               fugue: 0.8.7
2025-08-19 16:14:57,003:INFO:           streamlit: 1.48.1
2025-08-19 16:14:57,003:INFO:             prophet: Not installed
2025-08-19 16:14:57,003:INFO:None
2025-08-19 16:14:57,003:INFO:Set up data.
2025-08-19 16:14:57,009:INFO:Set up folding strategy.
2025-08-19 16:14:57,009:INFO:Set up train/test split.
2025-08-19 16:14:57,014:INFO:Set up index.
2025-08-19 16:14:57,014:INFO:Assigning column types.
2025-08-19 16:14:57,018:INFO:Engine successfully changes for model 'lr' to 'sklearn'.
2025-08-19 16:14:57,067:INFO:Engine for model 'knn' has not been set explicitly, hence returning None.
2025-08-19 16:14:57,070:INFO:Engine for model 'rbfsvm' has not been set explicitly, hence returning None.
2025-08-19 16:14:57,109:INFO:Soft dependency imported: xgboost: 3.0.4
2025-08-19 16:14:57,112:INFO:Soft dependency imported: catboost: 1.2.8
2025-08-19 16:14:57,187:INFO:Engine for model 'knn' has not been set explicitly, hence returning None.
2025-08-19 16:14:57,188:INFO:Engine for model 'rbfsvm' has not been set explicitly, hence returning None.
2025-08-19 16:14:57,218:INFO:Soft dependency imported: xgboost: 3.0.4
2025-08-19 16:14:57,221:INFO:Soft dependency imported: catboost: 1.2.8
2025-08-19 16:14:57,222:INFO:Engine successfully changes for model 'knn' to 'sklearn'.
2025-08-19 16:14:57,271:INFO:Engine for model 'rbfsvm' has not been set explicitly, hence returning None.
2025-08-19 16:14:57,301:INFO:Soft dependency imported: xgboost: 3.0.4
2025-08-19 16:14:57,304:INFO:Soft dependency imported: catboost: 1.2.8
2025-08-19 16:14:57,354:INFO:Engine for model 'rbfsvm' has not been set explicitly, hence returning None.
2025-08-19 16:14:57,384:INFO:Soft dependency imported: xgboost: 3.0.4
2025-08-19 16:14:57,387:INFO:Soft dependency imported: catboost: 1.2.8
2025-08-19 16:14:57,387:INFO:Engine successfully changes for model 'rbfsvm' to 'sklearn'.
2025-08-19 16:14:57,465:INFO:Soft dependency imported: xgboost: 3.0.4
2025-08-19 16:14:57,468:INFO:Soft dependency imported: catboost: 1.2.8
2025-08-19 16:14:57,547:INFO:Soft dependency imported: xgboost: 3.0.4
2025-08-19 16:14:57,550:INFO:Soft dependency imported: catboost: 1.2.8
2025-08-19 16:14:57,552:INFO:Preparing preprocessing pipeline...
2025-08-19 16:14:57,553:INFO:Set up simple imputation.
2025-08-19 16:14:57,572:INFO:Finished creating preprocessing pipeline.
2025-08-19 16:14:57,575:INFO:Pipeline: Pipeline(memory=FastMemory(location=/tmp/joblib),
         steps=[('numerical_imputer',
                 TransformerWrapper(exclude=None,
                                    include=['having_IP_Address', 'URL_Length',
                                             'Shortining_Service',
                                             'having_At_Symbol',
                                             'double_slash_redirecting',
                                             'Prefix_Suffix',
                                             'having_Sub_Domain',
                                             'SSLfinal_State', 'URL_of_Anchor',
                                             'Links_in_tags', 'SFH',
                                             'Abnormal_URL',
                                             'has_political_keyword'],
                                    t...SimpleImputer(add_indicator=False,
                                                              copy=True,
                                                              fill_value=None,
                                                              keep_empty_features=False,
                                                              missing_values=nan,
                                                              strategy='mean'))),
                ('categorical_imputer',
                 TransformerWrapper(exclude=None, include=[],
                                    transformer=SimpleImputer(add_indicator=False,
                                                              copy=True,
                                                              fill_value=None,
                                                              keep_empty_features=False,
                                                              missing_values=nan,
                                                              strategy='most_frequent')))],
         verbose=False)
2025-08-19 16:14:57,575:INFO:Creating final display dataframe.
2025-08-19 16:14:57,638:INFO:Setup _display_container:                     Description             Value
0                    Session id                42
1                        Target             label
2                   Target type            Binary
3           Original data shape         (499, 14)
4        Transformed data shape         (499, 14)
5   Transformed train set shape         (349, 14)
6    Transformed test set shape         (150, 14)
7              Numeric features                13
8                    Preprocess              True
9               Imputation type            simple
10           Numeric imputation              mean
11       Categorical imputation              mode
12               Fold Generator   StratifiedKFold
13                  Fold Number                10
14                     CPU Jobs                -1
15                      Use GPU             False
16               Log Experiment             False
17              Experiment Name  clf-default-name
18                          USI              278b
2025-08-19 16:14:57,717:INFO:Soft dependency imported: xgboost: 3.0.4
2025-08-19 16:14:57,720:INFO:Soft dependency imported: catboost: 1.2.8
2025-08-19 16:14:57,798:INFO:Soft dependency imported: xgboost: 3.0.4
2025-08-19 16:14:57,801:INFO:Soft dependency imported: catboost: 1.2.8
2025-08-19 16:14:57,803:INFO:setup() successfully completed in 5.36s...............
2025-08-19 16:14:57,803:INFO:Initializing compare_models()
2025-08-19 16:14:57,803:INFO:compare_models(self=<pycaret.classification.oop.ClassificationExperiment object at 0x7bbeecf84e90>, include=['rf', 'et', 'lightgbm'], exclude=None, fold=None, round=4, cross_validation=True, sort=Accuracy, n_select=1, budget_time=None, turbo=True, errors=ignore, fit_kwargs=None, groups=None, experiment_custom_tags=None, probability_threshold=None, verbose=True, parallel=None, caller_params={'self': <pycaret.classification.oop.ClassificationExperiment object at 0x7bbeecf84e90>, 'include': ['rf', 'et', 'lightgbm'], 'exclude': None, 'fold': None, 'round': 4, 'cross_validation': True, 'sort': 'Accuracy', 'n_select': 1, 'budget_time': None, 'turbo': True, 'errors': 'ignore', 'fit_kwargs': None, 'groups': None, 'experiment_custom_tags': None, 'probability_threshold': None, 'engine': None, 'verbose': True, 'parallel': None, '__class__': <class 'pycaret.classification.oop.ClassificationExperiment'>})
2025-08-19 16:14:57,803:INFO:Checking exceptions
2025-08-19 16:14:57,807:INFO:Preparing display monitor
2025-08-19 16:14:57,810:INFO:Initializing Random Forest Classifier
2025-08-19 16:14:57,810:INFO:Total runtime is 1.7404556274414062e-06 minutes
2025-08-19 16:14:57,810:INFO:SubProcess create_model() called ==================================
2025-08-19 16:14:57,811:INFO:Initializing create_model()
2025-08-19 16:14:57,811:INFO:create_model(self=<pycaret.classification.oop.ClassificationExperiment object at 0x7bbeecf84e90>, estimator=rf, fold=StratifiedKFold(n_splits=10, random_state=None, shuffle=False), round=4, cross_validation=True, predict=True, fit_kwargs={}, groups=None, refit=False, probability_threshold=None, experiment_custom_tags=None, verbose=False, system=False, add_to_model_list=True, metrics=None, display=<pycaret.internal.display.display.CommonDisplay object at 0x7bbec0ade690>, model_only=True, return_train_score=False, error_score=0.0, kwargs={})
2025-08-19 16:14:57,811:INFO:Checking exceptions
2025-08-19 16:14:57,811:INFO:Importing libraries
2025-08-19 16:14:57,811:INFO:Copying training dataset
2025-08-19 16:14:57,815:INFO:Defining folds
2025-08-19 16:14:57,815:INFO:Declaring metric variables
2025-08-19 16:14:57,815:INFO:Importing untrained model
2025-08-19 16:14:57,815:INFO:Random Forest Classifier Imported successfully
2025-08-19 16:14:57,816:INFO:Starting cross validation
2025-08-19 16:14:57,816:INFO:Cross validating with StratifiedKFold(n_splits=10, random_state=None, shuffle=False), n_jobs=-1
2025-08-19 16:15:03,991:INFO:Calculating mean and std
2025-08-19 16:15:03,992:INFO:Creating metrics dataframe
2025-08-19 16:15:03,995:INFO:Uploading results into container
2025-08-19 16:15:03,995:INFO:Uploading model into container now
2025-08-19 16:15:03,996:INFO:_master_model_container: 1
2025-08-19 16:15:03,996:INFO:_display_container: 2
2025-08-19 16:15:03,996:INFO:RandomForestClassifier(bootstrap=True, ccp_alpha=0.0, class_weight=None,
                       criterion='gini', max_depth=None, max_features='sqrt',
                       max_leaf_nodes=None, max_samples=None,
                       min_impurity_decrease=0.0, min_samples_leaf=1,
                       min_samples_split=2, min_weight_fraction_leaf=0.0,
                       monotonic_cst=None, n_estimators=100, n_jobs=-1,
                       oob_score=False, random_state=42, verbose=0,
                       warm_start=False)
2025-08-19 16:15:03,996:INFO:create_model() successfully completed......................................
2025-08-19 16:15:04,222:INFO:SubProcess create_model() end ==================================
2025-08-19 16:15:04,223:INFO:Creating metrics dataframe
2025-08-19 16:15:04,225:INFO:Initializing Extra Trees Classifier
2025-08-19 16:15:04,225:INFO:Total runtime is 0.106920059521993 minutes
2025-08-19 16:15:04,225:INFO:SubProcess create_model() called ==================================
2025-08-19 16:15:04,226:INFO:Initializing create_model()
2025-08-19 16:15:04,226:INFO:create_model(self=<pycaret.classification.oop.ClassificationExperiment object at 0x7bbeecf84e90>, estimator=et, fold=StratifiedKFold(n_splits=10, random_state=None, shuffle=False), round=4, cross_validation=True, predict=True, fit_kwargs={}, groups=None, refit=False, probability_threshold=None, experiment_custom_tags=None, verbose=False, system=False, add_to_model_list=True, metrics=None, display=<pycaret.internal.display.display.CommonDisplay object at 0x7bbec0ade690>, model_only=True, return_train_score=False, error_score=0.0, kwargs={})
2025-08-19 16:15:04,226:INFO:Checking exceptions
2025-08-19 16:15:04,226:INFO:Importing libraries
2025-08-19 16:15:04,226:INFO:Copying training dataset
2025-08-19 16:15:04,230:INFO:Defining folds
2025-08-19 16:15:04,230:INFO:Declaring metric variables
2025-08-19 16:15:04,230:INFO:Importing untrained model
2025-08-19 16:15:04,231:INFO:Extra Trees Classifier Imported successfully
2025-08-19 16:15:04,231:INFO:Starting cross validation
2025-08-19 16:15:04,232:INFO:Cross validating with StratifiedKFold(n_splits=10, random_state=None, shuffle=False), n_jobs=-1
2025-08-19 16:15:05,502:INFO:Calculating mean and std
2025-08-19 16:15:05,503:INFO:Creating metrics dataframe
2025-08-19 16:15:05,505:INFO:Uploading results into container
2025-08-19 16:15:05,505:INFO:Uploading model into container now
2025-08-19 16:15:05,506:INFO:_master_model_container: 2
2025-08-19 16:15:05,506:INFO:_display_container: 2
2025-08-19 16:15:05,506:INFO:ExtraTreesClassifier(bootstrap=False, ccp_alpha=0.0, class_weight=None,
                     criterion='gini', max_depth=None, max_features='sqrt',
                     max_leaf_nodes=None, max_samples=None,
                     min_impurity_decrease=0.0, min_samples_leaf=1,
                     min_samples_split=2, min_weight_fraction_leaf=0.0,
                     monotonic_cst=None, n_estimators=100, n_jobs=-1,
                     oob_score=False, random_state=42, verbose=0,
                     warm_start=False)
2025-08-19 16:15:05,506:INFO:create_model() successfully completed......................................
2025-08-19 16:15:05,690:INFO:SubProcess create_model() end ==================================
2025-08-19 16:15:05,690:INFO:Creating metrics dataframe
2025-08-19 16:15:05,693:INFO:Initializing Light Gradient Boosting Machine
2025-08-19 16:15:05,693:INFO:Total runtime is 0.13137882947921753 minutes
2025-08-19 16:15:05,693:INFO:SubProcess create_model() called ==================================
2025-08-19 16:15:05,693:INFO:Initializing create_model()
2025-08-19 16:15:05,693:INFO:create_model(self=<pycaret.classification.oop.ClassificationExperiment object at 0x7bbeecf84e90>, estimator=lightgbm, fold=StratifiedKFold(n_splits=10, random_state=None, shuffle=False), round=4, cross_validation=True, predict=True, fit_kwargs={}, groups=None, refit=False, probability_threshold=None, experiment_custom_tags=None, verbose=False, system=False, add_to_model_list=True, metrics=None, display=<pycaret.internal.display.display.CommonDisplay object at 0x7bbec0ade690>, model_only=True, return_train_score=False, error_score=0.0, kwargs={})
2025-08-19 16:15:05,693:INFO:Checking exceptions
2025-08-19 16:15:05,693:INFO:Importing libraries
2025-08-19 16:15:05,693:INFO:Copying training dataset
2025-08-19 16:15:05,697:INFO:Defining folds
2025-08-19 16:15:05,697:INFO:Declaring metric variables
2025-08-19 16:15:05,697:INFO:Importing untrained model
2025-08-19 16:15:05,698:INFO:Light Gradient Boosting Machine Imported successfully
2025-08-19 16:15:05,698:INFO:Starting cross validation
2025-08-19 16:15:05,699:INFO:Cross validating with StratifiedKFold(n_splits=10, random_state=None, shuffle=False), n_jobs=-1
2025-08-19 16:16:15,500:INFO:Calculating mean and std
2025-08-19 16:16:15,500:INFO:Creating metrics dataframe
2025-08-19 16:16:15,502:INFO:Uploading results into container
2025-08-19 16:16:15,503:INFO:Uploading model into container now
2025-08-19 16:16:15,503:INFO:_master_model_container: 3
2025-08-19 16:16:15,503:INFO:_display_container: 2
2025-08-19 16:16:15,504:INFO:LGBMClassifier(boosting_type='gbdt', class_weight=None, colsample_bytree=1.0,
               importance_type='split', learning_rate=0.1, max_depth=-1,
               min_child_samples=20, min_child_weight=0.001, min_split_gain=0.0,
               n_estimators=100, n_jobs=-1, num_leaves=31, objective=None,
               random_state=42, reg_alpha=0.0, reg_lambda=0.0, subsample=1.0,
               subsample_for_bin=200000, subsample_freq=0)
2025-08-19 16:16:15,504:INFO:create_model() successfully completed......................................
2025-08-19 16:16:15,685:INFO:SubProcess create_model() end ==================================
2025-08-19 16:16:15,685:INFO:Creating metrics dataframe
2025-08-19 16:16:15,688:WARNING:/usr/local/lib/python3.11/site-packages/pycaret/internal/pycaret_experiment/supervised_experiment.py:339: FutureWarning: Styler.applymap has been deprecated. Use Styler.map instead.

2025-08-19 16:16:15,690:INFO:Initializing create_model()
2025-08-19 16:16:15,690:INFO:create_model(self=<pycaret.classification.oop.ClassificationExperiment object at 0x7bbeecf84e90>, estimator=RandomForestClassifier(bootstrap=True, ccp_alpha=0.0, class_weight=None,
                       criterion='gini', max_depth=None, max_features='sqrt',
                       max_leaf_nodes=None, max_samples=None,
                       min_impurity_decrease=0.0, min_samples_leaf=1,
                       min_samples_split=2, min_weight_fraction_leaf=0.0,
                       monotonic_cst=None, n_estimators=100, n_jobs=-1,
                       oob_score=False, random_state=42, verbose=0,
                       warm_start=False), fold=StratifiedKFold(n_splits=10, random_state=None, shuffle=False), round=4, cross_validation=False, predict=False, fit_kwargs={}, groups=None, refit=True, probability_threshold=None, experiment_custom_tags=None, verbose=False, system=False, add_to_model_list=True, metrics=None, display=None, model_only=True, return_train_score=False, error_score=0.0, kwargs={})
2025-08-19 16:16:15,690:INFO:Checking exceptions
2025-08-19 16:16:15,690:INFO:Importing libraries
2025-08-19 16:16:15,691:INFO:Copying training dataset
2025-08-19 16:16:15,695:INFO:Defining folds
2025-08-19 16:16:15,695:INFO:Declaring metric variables
2025-08-19 16:16:15,695:INFO:Importing untrained model
2025-08-19 16:16:15,695:INFO:Declaring custom model
2025-08-19 16:16:15,695:INFO:Random Forest Classifier Imported successfully
2025-08-19 16:16:15,696:INFO:Cross validation set to False
2025-08-19 16:16:15,696:INFO:Fitting Model
2025-08-19 16:16:15,872:INFO:RandomForestClassifier(bootstrap=True, ccp_alpha=0.0, class_weight=None,
                       criterion='gini', max_depth=None, max_features='sqrt',
                       max_leaf_nodes=None, max_samples=None,
                       min_impurity_decrease=0.0, min_samples_leaf=1,
                       min_samples_split=2, min_weight_fraction_leaf=0.0,
                       monotonic_cst=None, n_estimators=100, n_jobs=-1,
                       oob_score=False, random_state=42, verbose=0,
                       warm_start=False)
2025-08-19 16:16:15,872:INFO:create_model() successfully completed......................................
2025-08-19 16:16:16,061:INFO:_master_model_container: 3
2025-08-19 16:16:16,061:INFO:_display_container: 2
2025-08-19 16:16:16,061:INFO:RandomForestClassifier(bootstrap=True, ccp_alpha=0.0, class_weight=None,
                       criterion='gini', max_depth=None, max_features='sqrt',
                       max_leaf_nodes=None, max_samples=None,
                       min_impurity_decrease=0.0, min_samples_leaf=1,
                       min_samples_split=2, min_weight_fraction_leaf=0.0,
                       monotonic_cst=None, n_estimators=100, n_jobs=-1,
                       oob_score=False, random_state=42, verbose=0,
                       warm_start=False)
2025-08-19 16:16:16,061:INFO:compare_models() successfully completed......................................
2025-08-19 16:16:16,062:INFO:Initializing finalize_model()
2025-08-19 16:16:16,062:INFO:finalize_model(self=<pycaret.classification.oop.ClassificationExperiment object at 0x7bbeecf84e90>, estimator=RandomForestClassifier(bootstrap=True, ccp_alpha=0.0, class_weight=None,
                       criterion='gini', max_depth=None, max_features='sqrt',
                       max_leaf_nodes=None, max_samples=None,
                       min_impurity_decrease=0.0, min_samples_leaf=1,
                       min_samples_split=2, min_weight_fraction_leaf=0.0,
                       monotonic_cst=None, n_estimators=100, n_jobs=-1,
                       oob_score=False, random_state=42, verbose=0,
                       warm_start=False), fit_kwargs=None, groups=None, model_only=False, experiment_custom_tags=None)
2025-08-19 16:16:16,062:INFO:Finalizing RandomForestClassifier(bootstrap=True, ccp_alpha=0.0, class_weight=None,
                       criterion='gini', max_depth=None, max_features='sqrt',
                       max_leaf_nodes=None, max_samples=None,
                       min_impurity_decrease=0.0, min_samples_leaf=1,
                       min_samples_split=2, min_weight_fraction_leaf=0.0,
                       monotonic_cst=None, n_estimators=100, n_jobs=-1,
                       oob_score=False, random_state=42, verbose=0,
                       warm_start=False)
2025-08-19 16:16:16,065:INFO:Initializing create_model()
2025-08-19 16:16:16,065:INFO:create_model(self=<pycaret.classification.oop.ClassificationExperiment object at 0x7bbeecf84e90>, estimator=RandomForestClassifier(bootstrap=True, ccp_alpha=0.0, class_weight=None,
                       criterion='gini', max_depth=None, max_features='sqrt',
                       max_leaf_nodes=None, max_samples=None,
                       min_impurity_decrease=0.0, min_samples_leaf=1,
                       min_samples_split=2, min_weight_fraction_leaf=0.0,
                       monotonic_cst=None, n_estimators=100, n_jobs=-1,
                       oob_score=False, random_state=42, verbose=0,
                       warm_start=False), fold=None, round=4, cross_validation=False, predict=False, fit_kwargs={}, groups=None, refit=True, probability_threshold=None, experiment_custom_tags=None, verbose=False, system=False, add_to_model_list=False, metrics=None, display=None, model_only=False, return_train_score=False, error_score=0.0, kwargs={})
2025-08-19 16:16:16,065:INFO:Checking exceptions
2025-08-19 16:16:16,066:INFO:Importing libraries
2025-08-19 16:16:16,066:INFO:Copying training dataset
2025-08-19 16:16:16,066:INFO:Defining folds
2025-08-19 16:16:16,066:INFO:Declaring metric variables
2025-08-19 16:16:16,066:INFO:Importing untrained model
2025-08-19 16:16:16,067:INFO:Declaring custom model
2025-08-19 16:16:16,067:INFO:Random Forest Classifier Imported successfully
2025-08-19 16:16:16,068:INFO:Cross validation set to False
2025-08-19 16:16:16,068:INFO:Fitting Model
2025-08-19 16:16:16,242:INFO:Pipeline(memory=Memory(location=None),
         steps=[('numerical_imputer',
                 TransformerWrapper(exclude=None,
                                    include=['having_IP_Address', 'URL_Length',
                                             'Shortining_Service',
                                             'having_At_Symbol',
                                             'double_slash_redirecting',
                                             'Prefix_Suffix',
                                             'having_Sub_Domain',
                                             'SSLfinal_State', 'URL_of_Anchor',
                                             'Links_in_tags', 'SFH',
                                             'Abnormal_URL',
                                             'has_political_keyword'],
                                    transformer=...
                 RandomForestClassifier(bootstrap=True, ccp_alpha=0.0,
                                        class_weight=None, criterion='gini',
                                        max_depth=None, max_features='sqrt',
                                        max_leaf_nodes=None, max_samples=None,
                                        min_impurity_decrease=0.0,
                                        min_samples_leaf=1, min_samples_split=2,
                                        min_weight_fraction_leaf=0.0,
                                        monotonic_cst=None, n_estimators=100,
                                        n_jobs=-1, oob_score=False,
                                        random_state=42, verbose=0,
                                        warm_start=False))],
         verbose=False)
2025-08-19 16:16:16,242:INFO:create_model() successfully completed......................................
2025-08-19 16:16:16,424:INFO:_master_model_container: 3
2025-08-19 16:16:16,424:INFO:_display_container: 2
2025-08-19 16:16:16,428:INFO:Pipeline(memory=Memory(location=None),
         steps=[('numerical_imputer',
                 TransformerWrapper(exclude=None,
                                    include=['having_IP_Address', 'URL_Length',
                                             'Shortining_Service',
                                             'having_At_Symbol',
                                             'double_slash_redirecting',
                                             'Prefix_Suffix',
                                             'having_Sub_Domain',
                                             'SSLfinal_State', 'URL_of_Anchor',
                                             'Links_in_tags', 'SFH',
                                             'Abnormal_URL',
                                             'has_political_keyword'],
                                    transformer=...
                 RandomForestClassifier(bootstrap=True, ccp_alpha=0.0,
                                        class_weight=None, criterion='gini',
                                        max_depth=None, max_features='sqrt',
                                        max_leaf_nodes=None, max_samples=None,
                                        min_impurity_decrease=0.0,
                                        min_samples_leaf=1, min_samples_split=2,
                                        min_weight_fraction_leaf=0.0,
                                        monotonic_cst=None, n_estimators=100,
                                        n_jobs=-1, oob_score=False,
                                        random_state=42, verbose=0,
                                        warm_start=False))],
         verbose=False)
2025-08-19 16:16:16,428:INFO:finalize_model() successfully completed......................................
2025-08-19 16:16:16,614:INFO:Initializing plot_model()
2025-08-19 16:16:16,614:INFO:plot_model(self=<pycaret.classification.oop.ClassificationExperiment object at 0x7bbeecf84e90>, estimator=Pipeline(memory=Memory(location=None),
         steps=[('numerical_imputer',
                 TransformerWrapper(exclude=None,
                                    include=['having_IP_Address', 'URL_Length',
                                             'Shortining_Service',
                                             'having_At_Symbol',
                                             'double_slash_redirecting',
                                             'Prefix_Suffix',
                                             'having_Sub_Domain',
                                             'SSLfinal_State', 'URL_of_Anchor',
                                             'Links_in_tags', 'SFH',
                                             'Abnormal_URL',
                                             'has_political_keyword'],
                                    transformer=...
                 RandomForestClassifier(bootstrap=True, ccp_alpha=0.0,
                                        class_weight=None, criterion='gini',
                                        max_depth=None, max_features='sqrt',
                                        max_leaf_nodes=None, max_samples=None,
                                        min_impurity_decrease=0.0,
                                        min_samples_leaf=1, min_samples_split=2,
                                        min_weight_fraction_leaf=0.0,
                                        monotonic_cst=None, n_estimators=100,
                                        n_jobs=-1, oob_score=False,
                                        random_state=42, verbose=0,
                                        warm_start=False))],
         verbose=False), plot=feature, scale=1, save=True, fold=None, fit_kwargs=None, plot_kwargs=None, groups=None, feature_name=None, label=False, verbose=True, system=True, display=None, display_format=None)
2025-08-19 16:16:16,614:INFO:Checking exceptions
2025-08-19 16:16:16,638:INFO:Preloading libraries
2025-08-19 16:16:16,645:INFO:Copying training dataset
2025-08-19 16:16:16,645:INFO:Plot type: feature
2025-08-19 16:16:16,646:WARNING:No coef_ found. Trying feature_importances_
2025-08-19 16:16:16,714:INFO:Saving 'Feature Importance.png'
2025-08-19 16:16:16,717:WARNING:findfont: Generic family 'sans-serif' not found because none of the following families were found: Arial, Liberation Sans, Bitstream Vera Sans, sans-serif
2025-08-19 16:16:16,720:WARNING:findfont: Generic family 'sans-serif' not found because none of the following families were found: Arial, Liberation Sans, Bitstream Vera Sans, sans-serif
2025-08-19 16:16:16,721:WARNING:findfont: Generic family 'sans-serif' not found because none of the following families were found: Arial, Liberation Sans, Bitstream Vera Sans, sans-serif
2025-08-19 16:16:16,722:WARNING:findfont: Generic family 'sans-serif' not found because none of the following families were found: Arial, Liberation Sans, Bitstream Vera Sans, sans-serif
2025-08-19 16:16:16,723:WARNING:findfont: Generic family 'sans-serif' not found because none of the following families were found: Arial, Liberation Sans, Bitstream Vera Sans, sans-serif
2025-08-19 16:16:16,723:WARNING:findfont: Generic family 'sans-serif' not found because none of the following families were found: Arial, Liberation Sans, Bitstream Vera Sans, sans-serif
2025-08-19 16:16:16,724:WARNING:findfont: Generic family 'sans-serif' not found because none of the following families were found: Arial, Liberation Sans, Bitstream Vera Sans, sans-serif
2025-08-19 16:16:16,725:WARNING:findfont: Generic family 'sans-serif' not found because none of the following families were found: Arial, Liberation Sans, Bitstream Vera Sans, sans-serif
2025-08-19 16:16:16,725:WARNING:findfont: Generic family 'sans-serif' not found because none of the following families were found: Arial, Liberation Sans, Bitstream Vera Sans, sans-serif
2025-08-19 16:16:16,726:WARNING:findfont: Generic family 'sans-serif' not found because none of the following families were found: Arial, Liberation Sans, Bitstream Vera Sans, sans-serif
2025-08-19 16:16:16,726:WARNING:findfont: Generic family 'sans-serif' not found because none of the following families were found: Arial, Liberation Sans, Bitstream Vera Sans, sans-serif
2025-08-19 16:16:16,729:WARNING:findfont: Generic family 'sans-serif' not found because none of the following families were found: Arial, Liberation Sans, Bitstream Vera Sans, sans-serif
2025-08-19 16:16:16,729:WARNING:findfont: Generic family 'sans-serif' not found because none of the following families were found: Arial, Liberation Sans, Bitstream Vera Sans, sans-serif
2025-08-19 16:16:16,730:WARNING:findfont: Generic family 'sans-serif' not found because none of the following families were found: Arial, Liberation Sans, Bitstream Vera Sans, sans-serif
2025-08-19 16:16:16,731:WARNING:findfont: Generic family 'sans-serif' not found because none of the following families were found: Arial, Liberation Sans, Bitstream Vera Sans, sans-serif
2025-08-19 16:16:16,746:WARNING:findfont: Generic family 'sans-serif' not found because none of the following families were found: Arial, Liberation Sans, Bitstream Vera Sans, sans-serif
2025-08-19 16:16:16,747:WARNING:findfont: Generic family 'sans-serif' not found because none of the following families were found: Arial, Liberation Sans, Bitstream Vera Sans, sans-serif
2025-08-19 16:16:16,748:WARNING:findfont: Generic family 'sans-serif' not found because none of the following families were found: Arial, Liberation Sans, Bitstream Vera Sans, sans-serif
2025-08-19 16:16:16,748:WARNING:findfont: Generic family 'sans-serif' not found because none of the following families were found: Arial, Liberation Sans, Bitstream Vera Sans, sans-serif
2025-08-19 16:16:16,749:WARNING:findfont: Generic family 'sans-serif' not found because none of the following families were found: Arial, Liberation Sans, Bitstream Vera Sans, sans-serif
2025-08-19 16:16:16,750:WARNING:findfont: Generic family 'sans-serif' not found because none of the following families were found: Arial, Liberation Sans, Bitstream Vera Sans, sans-serif
2025-08-19 16:16:16,750:WARNING:findfont: Generic family 'sans-serif' not found because none of the following families were found: Arial, Liberation Sans, Bitstream Vera Sans, sans-serif
2025-08-19 16:16:16,751:WARNING:findfont: Generic family 'sans-serif' not found because none of the following families were found: Arial, Liberation Sans, Bitstream Vera Sans, sans-serif
2025-08-19 16:16:16,763:WARNING:findfont: Generic family 'sans-serif' not found because none of the following families were found: Arial, Liberation Sans, Bitstream Vera Sans, sans-serif
2025-08-19 16:16:16,849:WARNING:findfont: Generic family 'sans-serif' not found because none of the following families were found: Arial, Liberation Sans, Bitstream Vera Sans, sans-serif
2025-08-19 16:16:16,849:WARNING:findfont: Generic family 'sans-serif' not found because none of the following families were found: Arial, Liberation Sans, Bitstream Vera Sans, sans-serif

2025-08-19 16:16:16,849:WARNING:findfont: Generic family 'sans-serif' not found because none of the following families were found: Arial, Liberation Sans, Bitstream Vera Sans, sans-serif
2025-08-19 16:16:16,850:WARNING:findfont: Generic family 'sans-serif' not found because none of the following families were found: Arial, Liberation Sans, Bitstream Vera Sans, sans-serif
2025-08-19 16:16:16,851:WARNING:findfont: Generic family 'sans-serif' not found because none of the following families were found: Arial, Liberation Sans, Bitstream Vera Sans, sans-serif
2025-08-19 16:16:16,851:WARNING:findfont: Generic family 'sans-serif' not found because none of the following families were found: Arial, Liberation Sans, Bitstream Vera Sans, sans-serif
2025-08-19 16:16:16,852:WARNING:findfont: Generic family 'sans-serif' not found because none of the following families were found: Arial, Liberation Sans, Bitstream Vera Sans, sans-serif
2025-08-19 16:16:16,852:WARNING:findfont: Generic family 'sans-serif' not found because none of the following families were found: Arial, Liberation Sans, Bitstream Vera Sans, sans-serif
2025-08-19 16:16:16,853:WARNING:findfont: Generic family 'sans-serif' not found because none of the following families were found: Arial, Liberation Sans, Bitstream Vera Sans, sans-serif
2025-08-19 16:16:16,854:WARNING:findfont: Generic family 'sans-serif' not found because none of the following families were found: Arial, Liberation Sans, Bitstream Vera Sans, sans-serif
2025-08-19 16:16:16,854:WARNING:findfont: Generic family 'sans-serif' not found because none of the following families were found: Arial, Liberation Sans, Bitstream Vera Sans, sans-serif
2025-08-19 16:16:16,855:WARNING:findfont: Generic family 'sans-serif' not found because none of the following families were found: Arial, Liberation Sans, Bitstream Vera Sans, sans-serif
2025-08-19 16:16:16,857:WARNING:findfont: Generic family 'sans-serif' not found because none of the following families were found: Arial, Liberation Sans, Bitstream Vera Sans, sans-serif
2025-08-19 16:16:16,857:WARNING:findfont: Generic family 'sans-serif' not found because none of the following families were found: Arial, Liberation Sans, Bitstream Vera Sans, sans-serif
2025-08-19 16:16:16,858:WARNING:findfont: Generic family 'sans-serif' not found because none of the following families were found: Arial, Liberation Sans, Bitstream Vera Sans, sans-serif
2025-08-19 16:16:16,858:WARNING:findfont: Generic family 'sans-serif' not found because none of the following families were found: Arial, Liberation Sans, Bitstream Vera Sans, sans-serif
2025-08-19 16:16:16,861:WARNING:findfont: Generic family 'sans-serif' not found because none of the following families were found: Arial, Liberation Sans, Bitstream Vera Sans, sans-serif
2025-08-19 16:16:16,861:WARNING:findfont: Generic family 'sans-serif' not found because none of the following families were found: Arial, Liberation Sans, Bitstream Vera Sans, sans-serif
2025-08-19 16:16:16,862:WARNING:findfont: Generic family 'sans-serif' not found because none of the following families were found: Arial, Liberation Sans, Bitstream Vera Sans, sans-serif
2025-08-19 16:16:16,862:WARNING:findfont: Generic family 'sans-serif' not found because none of the following families were found: Arial, Liberation Sans, Bitstream Vera Sans, sans-serif
2025-08-19 16:16:16,862:WARNING:findfont: Generic family 'sans-serif' not found because none of the following families were found: Arial, Liberation Sans, Bitstream Vera Sans, sans-serif
2025-08-19 16:16:16,863:WARNING:findfont: Generic family 'sans-serif' not found because none of the following families were found: Arial, Liberation Sans, Bitstream Vera Sans, sans-serif
2025-08-19 16:16:16,863:WARNING:findfont: Generic family 'sans-serif' not found because none of the following families were found: Arial, Liberation Sans, Bitstream Vera Sans, sans-serif
2025-08-19 16:16:16,863:WARNING:findfont: Generic family 'sans-serif' not found because none of the following families were found: Arial, Liberation Sans, Bitstream Vera Sans, sans-serif
2025-08-19 16:16:16,864:WARNING:findfont: Generic family 'sans-serif' not found because none of the following families were found: Arial, Liberation Sans, Bitstream Vera Sans, sans-serif
2025-08-19 16:16:16,865:WARNING:findfont: Generic family 'sans-serif' not found because none of the following families were found: Arial, Liberation Sans, Bitstream Vera Sans, sans-serif
2025-08-19 16:16:16,866:WARNING:findfont: Generic family 'sans-serif' not found because none of the following families were found: Arial, Liberation Sans, Bitstream Vera Sans, sans-serif
2025-08-19 16:16:16,867:WARNING:findfont: Generic family 'sans-serif' not found because none of the following families were found: Arial, Liberation Sans, Bitstream Vera Sans, sans-serif
2025-08-19 16:16:16,868:WARNING:findfont: Generic family 'sans-serif' not found because none of the following families were found: Arial, Liberation Sans, Bitstream Vera Sans, sans-serif
2025-08-19 16:16:16,868:WARNING:findfont: Generic family 'sans-serif' not found because none of the following families were found: Arial, Liberation Sans, Bitstream Vera Sans, sans-serif
2025-08-19 16:16:16,869:WARNING:findfont: Generic family 'sans-serif' not found because none of the following families were found: Arial, Liberation Sans, Bitstream Vera Sans, sans-serif
2025-08-19 16:16:16,870:WARNING:findfont: Generic family 'sans-serif' not found because none of the following families were found: Arial, Liberation Sans, Bitstream Vera Sans, sans-serif
2025-08-19 16:16:16,874:WARNING:findfont: Generic family 'sans-serif' not found because none of the following families were found: Arial, Liberation Sans, Bitstream Vera Sans, sans-serif
2025-08-19 16:16:16,874:WARNING:findfont: Generic family 'sans-serif' not found because none of the following families were found: Arial, Liberation Sans, Bitstream Vera Sans, sans-serif
2025-08-19 16:16:16,877:WARNING:findfont: Generic family 'sans-serif' not found because none of the following families were found: Arial, Liberation Sans, Bitstream Vera Sans, sans-serif
2025-08-19 16:16:16,879:WARNING:findfont: Generic family 'sans-serif' not found because none of the following families were found: Arial, Liberation Sans, Bitstream Vera Sans, sans-serif
2025-08-19 16:16:16,880:WARNING:findfont: Generic family 'sans-serif' not found because none of the following families were found: Arial, Liberation Sans, Bitstream Vera Sans, sans-serif
2025-08-19 16:16:16,881:WARNING:findfont: Generic family 'sans-serif' not found because none of the following families were found: Arial, Liberation Sans, Bitstream Vera Sans, sans-serif
2025-08-19 16:16:16,882:WARNING:findfont: Generic family 'sans-serif' not found because none of the following families were found: Arial, Liberation Sans, Bitstream Vera Sans, sans-serif
2025-08-19 16:16:16,883:WARNING:findfont: Generic family 'sans-serif' not found because none of the following families were found: Arial, Liberation Sans, Bitstream Vera Sans, sans-serif
2025-08-19 16:16:16,884:WARNING:findfont: Generic family 'sans-serif' not found because none of the following families were found: Arial, Liberation Sans, Bitstream Vera Sans, sans-serif
2025-08-19 16:16:16,885:WARNING:findfont: Generic family 'sans-serif' not found because none of the following families were found: Arial, Liberation Sans, Bitstream Vera Sans, sans-serif
2025-08-19 16:16:16,886:WARNING:findfont: Generic family 'sans-serif' not found because none of the following families were found: Arial, Liberation Sans, Bitstream Vera Sans, sans-serif
2025-08-19 16:16:16,887:WARNING:findfont: Generic family 'sans-serif' not found because none of the following families were found: Arial, Liberation Sans, Bitstream Vera Sans, sans-serif
2025-08-19 16:16:16,890:WARNING:findfont: Generic family 'sans-serif' not found because none of the following families were found: Arial, Liberation Sans, Bitstream Vera Sans, sans-serif
2025-08-19 16:16:16,892:WARNING:findfont: Generic family 'sans-serif' not found because none of the following families were found: Arial, Liberation Sans, Bitstream Vera Sans, sans-serif
2025-08-19 16:16:16,914:WARNING:findfont: Generic family 'sans-serif' not found because none of the following families were found: Arial, Liberation Sans, Bitstream Vera Sans, sans-serif
2025-08-19 16:16:16,914:WARNING:findfont: Generic family 'sans-serif' not found because none of the following families were found: Arial, Liberation Sans, Bitstream Vera Sans, sans-serif
2025-08-19 16:16:16,915:WARNING:findfont: Generic family 'sans-serif' not found because none of the following families were found: Arial, Liberation Sans, Bitstream Vera Sans, sans-serif
2025-08-19 16:16:16,915:WARNING:findfont: Generic family 'sans-serif' not found because none of the following families were found: Arial, Liberation Sans, Bitstream Vera Sans, sans-serif
2025-08-19 16:16:16,916:WARNING:findfont: Generic family 'sans-serif' not found because none of the following families were found: Arial, Liberation Sans, Bitstream Vera Sans, sans-serif
2025-08-19 16:16:16,916:WARNING:findfont: Generic family 'sans-serif' not found because none of the following families were found: Arial, Liberation Sans, Bitstream Vera Sans, sans-serif
2025-08-19 16:16:16,917:WARNING:findfont: Generic family 'sans-serif' not found because none of the following families were found: Arial, Liberation Sans, Bitstream Vera Sans, sans-serif
2025-08-19 16:16:16,918:WARNING:findfont: Generic family 'sans-serif' not found because none of the following families were found: Arial, Liberation Sans, Bitstream Vera Sans, sans-serif
2025-08-19 16:16:16,918:WARNING:findfont: Generic family 'sans-serif' not found because none of the following families were found: Arial, Liberation Sans, Bitstream Vera Sans, sans-serif
2025-08-19 16:16:16,919:WARNING:findfont: Generic family 'sans-serif' not found because none of the following families were found: Arial, Liberation Sans, Bitstream Vera Sans, sans-serif
2025-08-19 16:16:16,919:WARNING:findfont: Generic family 'sans-serif' not found because none of the following families were found: Arial, Liberation Sans, Bitstream Vera Sans, sans-serif
2025-08-19 16:16:16,922:WARNING:findfont: Generic family 'sans-serif' not found because none of the following families were found: Arial, Liberation Sans, Bitstream Vera Sans, sans-serif
2025-08-19 16:16:16,922:WARNING:findfont: Generic family 'sans-serif' not found because none of the following families were found: Arial, Liberation Sans, Bitstream Vera Sans, sans-serif
2025-08-19 16:16:16,923:WARNING:findfont: Generic family 'sans-serif' not found because none of the following families were found: Arial, Liberation Sans, Bitstream Vera Sans, sans-serif
2025-08-19 16:16:16,923:WARNING:findfont: Generic family 'sans-serif' not found because none of the following families were found: Arial, Liberation Sans, Bitstream Vera Sans, sans-serif
2025-08-19 16:16:16,925:WARNING:findfont: Generic family 'sans-serif' not found because none of the following families were found: Arial, Liberation Sans, Bitstream Vera Sans, sans-serif
2025-08-19 16:16:16,926:WARNING:findfont: Generic family 'sans-serif' not found because none of the following families were found: Arial, Liberation Sans, Bitstream Vera Sans, sans-serif
2025-08-19 16:16:16,926:WARNING:findfont: Generic family 'sans-serif' not found because none of the following families were found: Arial, Liberation Sans, Bitstream Vera Sans, sans-serif
2025-08-19 16:16:16,926:WARNING:findfont: Generic family 'sans-serif' not found because none of the following families were found: Arial, Liberation Sans, Bitstream Vera Sans, sans-serif
2025-08-19 16:16:16,927:WARNING:findfont: Generic family 'sans-serif' not found because none of the following families were found: Arial, Liberation Sans, Bitstream Vera Sans, sans-serif
2025-08-19 16:16:16,927:WARNING:findfont: Generic family 'sans-serif' not found because none of the following families were found: Arial, Liberation Sans, Bitstream Vera Sans, sans-serif
2025-08-19 16:16:16,927:WARNING:findfont: Generic family 'sans-serif' not found because none of the following families were found: Arial, Liberation Sans, Bitstream Vera Sans, sans-serif
2025-08-19 16:16:16,928:WARNING:findfont: Generic family 'sans-serif' not found because none of the following families were found: Arial, Liberation Sans, Bitstream Vera Sans, sans-serif
2025-08-19 16:16:16,929:WARNING:findfont: Generic family 'sans-serif' not found because none of the following families were found: Arial, Liberation Sans, Bitstream Vera Sans, sans-serif
2025-08-19 16:16:16,930:WARNING:findfont: Generic family 'sans-serif' not found because none of the following families were found: Arial, Liberation Sans, Bitstream Vera Sans, sans-serif
2025-08-19 16:16:16,930:WARNING:findfont: Generic family 'sans-serif' not found because none of the following families were found: Arial, Liberation Sans, Bitstream Vera Sans, sans-serif
2025-08-19 16:16:16,931:WARNING:findfont: Generic family 'sans-serif' not found because none of the following families were found: Arial, Liberation Sans, Bitstream Vera Sans, sans-serif
2025-08-19 16:16:16,932:WARNING:findfont: Generic family 'sans-serif' not found because none of the following families were found: Arial, Liberation Sans, Bitstream Vera Sans, sans-serif
2025-08-19 16:16:16,933:WARNING:findfont: Generic family 'sans-serif' not found because none of the following families were found: Arial, Liberation Sans, Bitstream Vera Sans, sans-serif
2025-08-19 16:16:16,934:WARNING:findfont: Generic family 'sans-serif' not found because none of the following families were found: Arial, Liberation Sans, Bitstream Vera Sans, sans-serif
2025-08-19 16:16:16,934:WARNING:findfont: Generic family 'sans-serif' not found because none of the following families were found: Arial, Liberation Sans, Bitstream Vera Sans, sans-serif
2025-08-19 16:16:16,938:WARNING:findfont: Generic family 'sans-serif' not found because none of the following families were found: Arial, Liberation Sans, Bitstream Vera Sans, sans-serif
2025-08-19 16:16:16,939:WARNING:findfont: Generic family 'sans-serif' not found because none of the following families were found: Arial, Liberation Sans, Bitstream Vera Sans, sans-serif
2025-08-19 16:16:16,941:WARNING:findfont: Generic family 'sans-serif' not found because none of the following families were found: Arial, Liberation Sans, Bitstream Vera Sans, sans-serif
2025-08-19 16:16:16,943:WARNING:findfont: Generic family 'sans-serif' not found because none of the following families were found: Arial, Liberation Sans, Bitstream Vera Sans, sans-serif
2025-08-19 16:16:16,943:WARNING:findfont: Generic family 'sans-serif' not found because none of the following families were found: Arial, Liberation Sans, Bitstream Vera Sans, sans-serif
2025-08-19 16:16:16,944:WARNING:findfont: Generic family 'sans-serif' not found because none of the following families were found: Arial, Liberation Sans, Bitstream Vera Sans, sans-serif
2025-08-19 16:16:16,945:WARNING:findfont: Generic family 'sans-serif' not found because none of the following families were found: Arial, Liberation Sans, Bitstream Vera Sans, sans-serif
2025-08-19 16:16:16,946:WARNING:findfont: Generic family 'sans-serif' not found because none of the following families were found: Arial, Liberation Sans, Bitstream Vera Sans, sans-serif
2025-08-19 16:16:16,947:WARNING:findfont: Generic family 'sans-serif' not found because none of the following families were found: Arial, Liberation Sans, Bitstream Vera Sans, sans-serif
2025-08-19 16:16:16,948:WARNING:findfont: Generic family 'sans-serif' not found because none of the following families were found: Arial, Liberation Sans, Bitstream Vera Sans, sans-serif
2025-08-19 16:16:16,949:WARNING:findfont: Generic family 'sans-serif' not found because none of the following families were found: Arial, Liberation Sans, Bitstream Vera Sans, sans-serif
2025-08-19 16:16:16,950:WARNING:findfont: Generic family 'sans-serif' not found because none of the following families were found: Arial, Liberation Sans, Bitstream Vera Sans, sans-serif
2025-08-19 16:16:16,953:WARNING:findfont: Generic family 'sans-serif' not found because none of the following families were found: Arial, Liberation Sans, Bitstream Vera Sans, sans-serif
2025-08-19 16:16:16,955:WARNING:findfont: Generic family 'sans-serif' not found because none of the following families were found: Arial, Liberation Sans, Bitstream Vera Sans, sans-serif
2025-08-19 16:16:16,955:INFO:Visual Rendered Successfully
2025-08-19 16:16:17,140:INFO:plot_model() successfully completed......................................
2025-08-19 16:16:17,146:INFO:Initializing save_model()
2025-08-19 16:16:17,146:INFO:save_model(model=Pipeline(memory=Memory(location=None),
         steps=[('numerical_imputer',
                 TransformerWrapper(exclude=None,
                                    include=['having_IP_Address', 'URL_Length',
                                             'Shortining_Service',
                                             'having_At_Symbol',
                                             'double_slash_redirecting',
                                             'Prefix_Suffix',
                                             'having_Sub_Domain',
                                             'SSLfinal_State', 'URL_of_Anchor',
                                             'Links_in_tags', 'SFH',
                                             'Abnormal_URL',
                                             'has_political_keyword'],
                                    transformer=...
                 RandomForestClassifier(bootstrap=True, ccp_alpha=0.0,
                                        class_weight=None, criterion='gini',
                                        max_depth=None, max_features='sqrt',
                                        max_leaf_nodes=None, max_samples=None,
                                        min_impurity_decrease=0.0,
                                        min_samples_leaf=1, min_samples_split=2,
                                        min_weight_fraction_leaf=0.0,
                                        monotonic_cst=None, n_estimators=100,
                                        n_jobs=-1, oob_score=False,
                                        random_state=42, verbose=0,
                                        warm_start=False))],
         verbose=False), model_name=models/phishing_url_detector, prep_pipe_=Pipeline(memory=FastMemory(location=/tmp/joblib),
         steps=[('numerical_imputer',
                 TransformerWrapper(exclude=None,
                                    include=['having_IP_Address', 'URL_Length',
                                             'Shortining_Service',
                                             'having_At_Symbol',
                                             'double_slash_redirecting',
                                             'Prefix_Suffix',
                                             'having_Sub_Domain',
                                             'SSLfinal_State', 'URL_of_Anchor',
                                             'Links_in_tags', 'SFH',
                                             'Abnormal_URL',
                                             'has_political_keyword'],
                                    t...SimpleImputer(add_indicator=False,
                                                              copy=True,
                                                              fill_value=None,
                                                              keep_empty_features=False,
                                                              missing_values=nan,
                                                              strategy='mean'))),
                ('categorical_imputer',
                 TransformerWrapper(exclude=None, include=[],
                                    transformer=SimpleImputer(add_indicator=False,
                                                              copy=True,
                                                              fill_value=None,
                                                              keep_empty_features=False,
                                                              missing_values=nan,
                                                              strategy='most_frequent')))],
         verbose=False), verbose=True, use_case=MLUsecase.CLASSIFICATION, kwargs={})
2025-08-19 16:16:17,146:INFO:Adding model into prep_pipe
2025-08-19 16:16:17,147:WARNING:Only Model saved as it was a pipeline.
2025-08-19 16:16:17,174:INFO:models/phishing_url_detector.pkl saved in current working directory
2025-08-19 16:16:17,178:INFO:Pipeline(memory=Memory(location=None),
         steps=[('numerical_imputer',
                 TransformerWrapper(exclude=None,
                                    include=['having_IP_Address', 'URL_Length',
                                             'Shortining_Service',
                                             'having_At_Symbol',
                                             'double_slash_redirecting',
                                             'Prefix_Suffix',
                                             'having_Sub_Domain',
                                             'SSLfinal_State', 'URL_of_Anchor',
                                             'Links_in_tags', 'SFH',
                                             'Abnormal_URL',
                                             'has_political_keyword'],
                                    transformer=...
                 RandomForestClassifier(bootstrap=True, ccp_alpha=0.0,
                                        class_weight=None, criterion='gini',
                                        max_depth=None, max_features='sqrt',
                                        max_leaf_nodes=None, max_samples=None,
                                        min_impurity_decrease=0.0,
                                        min_samples_leaf=1, min_samples_split=2,
                                        min_weight_fraction_leaf=0.0,
                                        monotonic_cst=None, n_estimators=100,
                                        n_jobs=-1, oob_score=False,
                                        random_state=42, verbose=0,
                                        warm_start=False))],
         verbose=False)
2025-08-19 16:16:17,178:INFO:save_model() successfully completed......................................
2025-08-19 16:16:17,380:INFO:PyCaret ClusteringExperiment
2025-08-19 16:16:17,380:INFO:Logging name: cluster-default-name
2025-08-19 16:16:17,380:INFO:ML Usecase: MLUsecase.CLUSTERING
2025-08-19 16:16:17,380:INFO:version 3.3.2
2025-08-19 16:16:17,380:INFO:Initializing setup()
2025-08-19 16:16:17,380:INFO:self.USI: f27c
2025-08-19 16:16:17,380:INFO:self._variable_keys: {'exp_id', 'USI', 'n_jobs_param', 'exp_name_log', 'seed', 'idx', '_ml_usecase', 'logging_param', 'log_plots_param', 'gpu_param', '_available_plots', 'html_param', 'data', 'gpu_n_jobs_param', 'pipeline', 'X', 'memory'}
2025-08-19 16:16:17,380:INFO:Checking environment
2025-08-19 16:16:17,380:INFO:python_version: 3.11.13
2025-08-19 16:16:17,380:INFO:python_build: ('main', 'Aug 12 2025 22:45:40')
2025-08-19 16:16:17,380:INFO:machine: x86_64
2025-08-19 16:16:17,380:INFO:platform: Linux-6.14.0-1011-aws-x86_64-with-glibc2.41
2025-08-19 16:16:17,380:INFO:Memory: svmem(total=2003546112, available=812720128, percent=59.4, used=999952384, free=117215232, active=1304346624, inactive=380010496, buffers=27459584, cached=858918912, shared=2977792, slab=119214080)
2025-08-19 16:16:17,380:INFO:Physical Core: 1
2025-08-19 16:16:17,380:INFO:Logical Core: 2
2025-08-19 16:16:17,380:INFO:Checking libraries
2025-08-19 16:16:17,380:INFO:System:
2025-08-19 16:16:17,380:INFO:    python: 3.11.13 (main, Aug 12 2025, 22:45:40) [GCC 14.2.0]
2025-08-19 16:16:17,380:INFO:executable: /usr/local/bin/python
2025-08-19 16:16:17,380:INFO:   machine: Linux-6.14.0-1011-aws-x86_64-with-glibc2.41
2025-08-19 16:16:17,380:INFO:PyCaret required dependencies:
2025-08-19 16:16:17,380:INFO:                 pip: 24.0
2025-08-19 16:16:17,380:INFO:          setuptools: 80.9.0
2025-08-19 16:16:17,380:INFO:             pycaret: 3.3.2
2025-08-19 16:16:17,380:INFO:             IPython: 9.4.0
2025-08-19 16:16:17,380:INFO:          ipywidgets: 8.1.7
2025-08-19 16:16:17,381:INFO:                tqdm: 4.67.1
2025-08-19 16:16:17,381:INFO:               numpy: 1.26.4
2025-08-19 16:16:17,381:INFO:              pandas: 2.1.4
2025-08-19 16:16:17,381:INFO:              jinja2: 3.1.6
2025-08-19 16:16:17,381:INFO:               scipy: 1.11.4
2025-08-19 16:16:17,381:INFO:              joblib: 1.3.2
2025-08-19 16:16:17,381:INFO:             sklearn: 1.4.2
2025-08-19 16:16:17,381:INFO:                pyod: 2.0.5
2025-08-19 16:16:17,381:INFO:            imblearn: 0.14.0
2025-08-19 16:16:17,381:INFO:   category_encoders: 2.7.0
2025-08-19 16:16:17,381:INFO:            lightgbm: 4.6.0
2025-08-19 16:16:17,381:INFO:               numba: 0.61.0
2025-08-19 16:16:17,381:INFO:            requests: 2.32.4
2025-08-19 16:16:17,381:INFO:          matplotlib: 3.7.5
2025-08-19 16:16:17,381:INFO:          scikitplot: 0.3.7
2025-08-19 16:16:17,381:INFO:         yellowbrick: 1.5
2025-08-19 16:16:17,381:INFO:              plotly: 5.24.1
2025-08-19 16:16:17,381:INFO:    plotly-resampler: Not installed
2025-08-19 16:16:17,381:INFO:             kaleido: 1.0.0
2025-08-19 16:16:17,381:INFO:           schemdraw: 0.15
2025-08-19 16:16:17,381:INFO:         statsmodels: 0.14.5
2025-08-19 16:16:17,381:INFO:              sktime: 0.26.0
2025-08-19 16:16:17,381:INFO:               tbats: 1.1.3
2025-08-19 16:16:17,381:INFO:            pmdarima: 2.0.4
2025-08-19 16:16:17,381:INFO:              psutil: 7.0.0
2025-08-19 16:16:17,381:INFO:          markupsafe: 3.0.2
2025-08-19 16:16:17,381:INFO:             pickle5: Not installed
2025-08-19 16:16:17,381:INFO:         cloudpickle: 3.1.1
2025-08-19 16:16:17,381:INFO:         deprecation: 2.1.0
2025-08-19 16:16:17,381:INFO:              xxhash: 3.5.0
2025-08-19 16:16:17,381:INFO:           wurlitzer: 3.1.1
2025-08-19 16:16:17,381:INFO:PyCaret optional dependencies:
2025-08-19 16:16:17,381:INFO:                shap: 0.44.1
2025-08-19 16:16:17,381:INFO:           interpret: 0.7.2
2025-08-19 16:16:17,381:INFO:                umap: 0.5.7
2025-08-19 16:16:17,381:INFO:     ydata_profiling: 4.16.1
2025-08-19 16:16:17,381:INFO:  explainerdashboard: 0.5.1
2025-08-19 16:16:17,381:INFO:             autoviz: Not installed
2025-08-19 16:16:17,381:INFO:           fairlearn: 0.7.0
2025-08-19 16:16:17,381:INFO:          deepchecks: Not installed
2025-08-19 16:16:17,381:INFO:             xgboost: 3.0.4
2025-08-19 16:16:17,381:INFO:            catboost: 1.2.8
2025-08-19 16:16:17,381:INFO:              kmodes: 0.12.2
2025-08-19 16:16:17,381:INFO:             mlxtend: 0.23.4
2025-08-19 16:16:17,381:INFO:       statsforecast: 1.5.0
2025-08-19 16:16:17,381:INFO:        tune_sklearn: Not installed
2025-08-19 16:16:17,381:INFO:                 ray: Not installed
2025-08-19 16:16:17,381:INFO:            hyperopt: 0.2.7
2025-08-19 16:16:17,381:INFO:              optuna: 4.5.0
2025-08-19 16:16:17,381:INFO:               skopt: 0.10.2
2025-08-19 16:16:17,381:INFO:              mlflow: 3.2.0
2025-08-19 16:16:17,381:INFO:              gradio: 5.42.0
2025-08-19 16:16:17,381:INFO:             fastapi: 0.116.1
2025-08-19 16:16:17,381:INFO:             uvicorn: 0.35.0
2025-08-19 16:16:17,381:INFO:              m2cgen: 0.10.0
2025-08-19 16:16:17,381:INFO:           evidently: 0.4.40
2025-08-19 16:16:17,381:INFO:               fugue: 0.8.7
2025-08-19 16:16:17,381:INFO:           streamlit: 1.48.1
2025-08-19 16:16:17,381:INFO:             prophet: Not installed
2025-08-19 16:16:17,382:INFO:None
2025-08-19 16:16:17,382:INFO:Set up data.
2025-08-19 16:16:17,384:INFO:Set up index.
2025-08-19 16:16:17,385:INFO:Assigning column types.
2025-08-19 16:16:17,387:INFO:Engine successfully changes for model 'kmeans' to 'sklearn'.
2025-08-19 16:16:17,387:INFO:Engine for model 'dbscan' has not been set explicitly, hence returning None.
2025-08-19 16:16:17,387:INFO:Soft dependency imported: kmodes: 0.12.2
2025-08-19 16:16:17,393:INFO:Engine for model 'dbscan' has not been set explicitly, hence returning None.
2025-08-19 16:16:17,393:INFO:Soft dependency imported: kmodes: 0.12.2
2025-08-19 16:16:17,393:INFO:Engine successfully changes for model 'dbscan' to 'sklearn'.
2025-08-19 16:16:17,393:INFO:Soft dependency imported: kmodes: 0.12.2
2025-08-19 16:16:17,393:INFO:Soft dependency imported: kmodes: 0.12.2
2025-08-19 16:16:17,394:INFO:Preparing preprocessing pipeline...
2025-08-19 16:16:17,394:INFO:Set up simple imputation.
2025-08-19 16:16:17,394:INFO:Set up feature normalization.
2025-08-19 16:16:17,409:INFO:Finished creating preprocessing pipeline.
2025-08-19 16:16:17,413:INFO:Pipeline: Pipeline(memory=FastMemory(location=/tmp/joblib),
         steps=[('numerical_imputer',
                 TransformerWrapper(exclude=None,
                                    include=['having_IP_Address', 'URL_Length',
                                             'Shortining_Service',
                                             'having_At_Symbol',
                                             'double_slash_redirecting',
                                             'Prefix_Suffix',
                                             'having_Sub_Domain',
                                             'SSLfinal_State', 'URL_of_Anchor',
                                             'Links_in_tags', 'SFH',
                                             'Abnormal_URL',
                                             'has_political_keyword'],
                                    t...
                ('categorical_imputer',
                 TransformerWrapper(exclude=None, include=[],
                                    transformer=SimpleImputer(add_indicator=False,
                                                              copy=True,
                                                              fill_value=None,
                                                              keep_empty_features=False,
                                                              missing_values=nan,
                                                              strategy='most_frequent'))),
                ('normalize',
                 TransformerWrapper(exclude=None, include=None,
                                    transformer=StandardScaler(copy=True,
                                                               with_mean=True,
                                                               with_std=True)))],
         verbose=False)
2025-08-19 16:16:17,413:INFO:Creating final display dataframe.
2025-08-19 16:16:17,431:INFO:Setup _display_container:                Description                 Value
0               Session id                    42
1      Original data shape             (498, 13)
2   Transformed data shape             (498, 13)
3         Numeric features                    13
4               Preprocess                  True
5          Imputation type                simple
6       Numeric imputation                  mean
7   Categorical imputation                  mode
8                Normalize                  True
9         Normalize method                zscore
10                CPU Jobs                    -1
11                 Use GPU                 False
12          Log Experiment                 False
13         Experiment Name  cluster-default-name
14                     USI                  f27c
2025-08-19 16:16:17,432:INFO:Soft dependency imported: kmodes: 0.12.2
2025-08-19 16:16:17,432:INFO:Soft dependency imported: kmodes: 0.12.2
2025-08-19 16:16:17,432:INFO:setup() successfully completed in 0.05s...............
2025-08-19 16:16:17,432:INFO:Initializing create_model()
2025-08-19 16:16:17,432:INFO:create_model(self=<pycaret.clustering.oop.ClusteringExperiment object at 0x7bbec0abd450>, estimator=kmeans, num_clusters=3, fraction=0.05, ground_truth=None, round=4, fit_kwargs=None, experiment_custom_tags=None, verbose=True, system=True, add_to_model_list=True, raise_num_clusters=False, display=None, kwargs={})
2025-08-19 16:16:17,432:INFO:Checking exceptions
2025-08-19 16:16:17,446:INFO:Importing untrained model
2025-08-19 16:16:17,447:INFO:K-Means Clustering Imported successfully
2025-08-19 16:16:17,447:INFO:Fitting Model
2025-08-19 16:16:17,473:INFO:KMeans(algorithm='lloyd', copy_x=True, init='k-means++', max_iter=300,
       n_clusters=3, n_init='auto', random_state=42, tol=0.0001, verbose=0)
2025-08-19 16:16:17,473:INFO:create_models() successfully completed......................................
2025-08-19 16:16:17,473:INFO:Uploading results into container
2025-08-19 16:16:17,474:INFO:Uploading model into container now
2025-08-19 16:16:17,489:INFO:_master_model_container: 1
2025-08-19 16:16:17,489:INFO:_display_container: 2
2025-08-19 16:16:17,489:INFO:KMeans(algorithm='lloyd', copy_x=True, init='k-means++', max_iter=300,
       n_clusters=3, n_init='auto', random_state=42, tol=0.0001, verbose=0)
2025-08-19 16:16:17,489:INFO:create_model() successfully completed......................................
2025-08-19 16:16:17,710:INFO:Initializing plot_model()
2025-08-19 16:16:17,710:INFO:plot_model(self=<pycaret.clustering.oop.ClusteringExperiment object at 0x7bbec0abd450>, estimator=KMeans(algorithm='lloyd', copy_x=True, init='k-means++', max_iter=300,
       n_clusters=3, n_init='auto', random_state=42, tol=0.0001, verbose=0), plot=silhouette, scale=1, save=True, fold=None, fit_kwargs=None, plot_kwargs=None, groups=None, feature_name=None, label=False, verbose=True, system=True, display=None, display_format=None)
2025-08-19 16:16:17,710:INFO:Checking exceptions
2025-08-19 16:16:17,711:INFO:Preloading libraries
2025-08-19 16:16:17,711:INFO:Copying training dataset
2025-08-19 16:16:17,711:INFO:Plot type: silhouette
2025-08-19 16:16:17,756:INFO:Fitting Model
2025-08-19 16:16:17,756:WARNING:/usr/local/lib/python3.11/site-packages/sklearn/base.py:493: UserWarning: X does not have valid feature names, but KMeans was fitted with feature names

2025-08-19 16:16:17,794:INFO:Saving 'Silhouette Plot.png'
2025-08-19 16:16:17,802:WARNING:findfont: Generic family 'sans-serif' not found because none of the following families were found: Arial, Liberation Sans, Bitstream Vera Sans, sans-serif
2025-08-19 16:16:17,802:WARNING:findfont: Generic family 'sans-serif' not found because none of the following families were found: Arial, Liberation Sans, Bitstream Vera Sans, sans-serif
2025-08-19 16:16:17,803:WARNING:findfont: Generic family 'sans-serif' not found because none of the following families were found: Arial, Liberation Sans, Bitstream Vera Sans, sans-serif
2025-08-19 16:16:17,803:WARNING:findfont: Generic family 'sans-serif' not found because none of the following families were found: Arial, Liberation Sans, Bitstream Vera Sans, sans-serif
2025-08-19 16:16:17,806:WARNING:findfont: Generic family 'sans-serif' not found because none of the following families were found: Arial, Liberation Sans, Bitstream Vera Sans, sans-serif
2025-08-19 16:16:17,806:WARNING:findfont: Generic family 'sans-serif' not found because none of the following families were found: Arial, Liberation Sans, Bitstream Vera Sans, sans-serif
2025-08-19 16:16:17,807:WARNING:findfont: Generic family 'sans-serif' not found because none of the following families were found: Arial, Liberation Sans, Bitstream Vera Sans, sans-serif
2025-08-19 16:16:17,807:WARNING:findfont: Generic family 'sans-serif' not found because none of the following families were found: Arial, Liberation Sans, Bitstream Vera Sans, sans-serif
2025-08-19 16:16:17,824:WARNING:findfont: Generic family 'sans-serif' not found because none of the following families were found: Arial, Liberation Sans, Bitstream Vera Sans, sans-serif
2025-08-19 16:16:17,825:WARNING:findfont: Generic family 'sans-serif' not found because none of the following families were found: Arial, Liberation Sans, Bitstream Vera Sans, sans-serif
2025-08-19 16:16:17,825:WARNING:findfont: Generic family 'sans-serif' not found because none of the following families were found: Arial, Liberation Sans, Bitstream Vera Sans, sans-serif
2025-08-19 16:16:17,826:WARNING:findfont: Generic family 'sans-serif' not found because none of the following families were found: Arial, Liberation Sans, Bitstream Vera Sans, sans-serif
2025-08-19 16:16:17,826:WARNING:findfont: Generic family 'sans-serif' not found because none of the following families were found: Arial, Liberation Sans, Bitstream Vera Sans, sans-serif
2025-08-19 16:16:17,827:WARNING:findfont: Generic family 'sans-serif' not found because none of the following families were found: Arial, Liberation Sans, Bitstream Vera Sans, sans-serif
2025-08-19 16:16:17,828:WARNING:findfont: Generic family 'sans-serif' not found because none of the following families were found: Arial, Liberation Sans, Bitstream Vera Sans, sans-serif
2025-08-19 16:16:17,828:WARNING:findfont: Generic family 'sans-serif' not found because none of the following families were found: Arial, Liberation Sans, Bitstream Vera Sans, sans-serif
2025-08-19 16:16:17,838:WARNING:findfont: Generic family 'sans-serif' not found because none of the following families were found: Arial, Liberation Sans, Bitstream Vera Sans, sans-serif
2025-08-19 16:16:17,849:WARNING:findfont: Generic family 'sans-serif' not found because none of the following families were found: Arial, Liberation Sans, Bitstream Vera Sans, sans-serif
2025-08-19 16:16:17,849:WARNING:findfont: Generic family 'sans-serif' not found because none of the following families were found: Arial, Liberation Sans, Bitstream Vera Sans, sans-serif
2025-08-19 16:16:17,852:WARNING:findfont: Generic family 'sans-serif' not found because none of the following families were found: Arial, Liberation Sans, Bitstream Vera Sans, sans-serif
2025-08-19 16:16:17,854:WARNING:findfont: Generic family 'sans-serif' not found because none of the following families were found: Arial, Liberation Sans, Bitstream Vera Sans, sans-serif
2025-08-19 16:16:17,855:WARNING:findfont: Generic family 'sans-serif' not found because none of the following families were found: Arial, Liberation Sans, Bitstream Vera Sans, sans-serif
2025-08-19 16:16:17,856:WARNING:findfont: Generic family 'sans-serif' not found because none of the following families were found: Arial, Liberation Sans, Bitstream Vera Sans, sans-serif
2025-08-19 16:16:17,878:WARNING:findfont: Generic family 'sans-serif' not found because none of the following families were found: Arial, Liberation Sans, Bitstream Vera Sans, sans-serif
2025-08-19 16:16:17,885:WARNING:findfont: Generic family 'sans-serif' not found because none of the following families were found: Arial, Liberation Sans, Bitstream Vera Sans, sans-serif
2025-08-19 16:16:17,904:WARNING:findfont: Generic family 'sans-serif' not found because none of the following families were found: Arial, Liberation Sans, Bitstream Vera Sans, sans-serif
2025-08-19 16:16:17,910:WARNING:findfont: Generic family 'sans-serif' not found because none of the following families were found: Arial, Liberation Sans, Bitstream Vera Sans, sans-serif
2025-08-19 16:16:17,910:WARNING:findfont: Generic family 'sans-serif' not found because none of the following families were found: Arial, Liberation Sans, Bitstream Vera Sans, sans-serif
2025-08-19 16:16:17,911:WARNING:findfont: Generic family 'sans-serif' not found because none of the following families were found: Arial, Liberation Sans, Bitstream Vera Sans, sans-serif
2025-08-19 16:16:17,911:WARNING:findfont: Generic family 'sans-serif' not found because none of the following families were found: Arial, Liberation Sans, Bitstream Vera Sans, sans-serif
2025-08-19 16:16:17,914:WARNING:findfont: Generic family 'sans-serif' not found because none of the following families were found: Arial, Liberation Sans, Bitstream Vera Sans, sans-serif
2025-08-19 16:16:17,914:WARNING:findfont: Generic family 'sans-serif' not found because none of the following families were found: Arial, Liberation Sans, Bitstream Vera Sans, sans-serif
2025-08-19 16:16:17,915:WARNING:findfont: Generic family 'sans-serif' not found because none of the following families were found: Arial, Liberation Sans, Bitstream Vera Sans, sans-serif
2025-08-19 16:16:17,916:WARNING:findfont: Generic family 'sans-serif' not found because none of the following families were found: Arial, Liberation Sans, Bitstream Vera Sans, sans-serif
2025-08-19 16:16:17,921:WARNING:findfont: Generic family 'sans-serif' not found because none of the following families were found: Arial, Liberation Sans, Bitstream Vera Sans, sans-serif
2025-08-19 16:16:17,921:WARNING:findfont: Generic family 'sans-serif' not found because none of the following families were found: Arial, Liberation Sans, Bitstream Vera Sans, sans-serif
2025-08-19 16:16:17,922:WARNING:findfont: Generic family 'sans-serif' not found because none of the following families were found: Arial, Liberation Sans, Bitstream Vera Sans, sans-serif
2025-08-19 16:16:17,923:WARNING:findfont: Generic family 'sans-serif' not found because none of the following families were found: Arial, Liberation Sans, Bitstream Vera Sans, sans-serif
2025-08-19 16:16:17,923:WARNING:findfont: Generic family 'sans-serif' not found because none of the following families were found: Arial, Liberation Sans, Bitstream Vera Sans, sans-serif
2025-08-19 16:16:17,924:WARNING:findfont: Generic family 'sans-serif' not found because none of the following families were found: Arial, Liberation Sans, Bitstream Vera Sans, sans-serif
2025-08-19 16:16:17,924:WARNING:findfont: Generic family 'sans-serif' not found because none of the following families were found: Arial, Liberation Sans, Bitstream Vera Sans, sans-serif
2025-08-19 16:16:17,925:WARNING:findfont: Generic family 'sans-serif' not found because none of the following families were found: Arial, Liberation Sans, Bitstream Vera Sans, sans-serif
2025-08-19 16:16:17,926:WARNING:findfont: Generic family 'sans-serif' not found because none of the following families were found: Arial, Liberation Sans, Bitstream Vera Sans, sans-serif
2025-08-19 16:16:17,928:WARNING:findfont: Generic family 'sans-serif' not found because none of the following families were found: Arial, Liberation Sans, Bitstream Vera Sans, sans-serif
2025-08-19 16:16:17,929:WARNING:findfont: Generic family 'sans-serif' not found because none of the following families were found: Arial, Liberation Sans, Bitstream Vera Sans, sans-serif
2025-08-19 16:16:17,930:WARNING:findfont: Generic family 'sans-serif' not found because none of the following families were found: Arial, Liberation Sans, Bitstream Vera Sans, sans-serif
2025-08-19 16:16:17,932:WARNING:findfont: Generic family 'sans-serif' not found because none of the following families were found: Arial, Liberation Sans, Bitstream Vera Sans, sans-serif
2025-08-19 16:16:17,933:WARNING:findfont: Generic family 'sans-serif' not found because none of the following families were found: Arial, Liberation Sans, Bitstream Vera Sans, sans-serif
2025-08-19 16:16:17,934:WARNING:findfont: Generic family 'sans-serif' not found because none of the following families were found: Arial, Liberation Sans, Bitstream Vera Sans, sans-serif
2025-08-19 16:16:17,935:WARNING:findfont: Generic family 'sans-serif' not found because none of the following families were found: Arial, Liberation Sans, Bitstream Vera Sans, sans-serif
2025-08-19 16:16:17,941:WARNING:findfont: Generic family 'sans-serif' not found because none of the following families were found: Arial, Liberation Sans, Bitstream Vera Sans, sans-serif
2025-08-19 16:16:17,942:WARNING:findfont: Generic family 'sans-serif' not found because none of the following families were found: Arial, Liberation Sans, Bitstream Vera Sans, sans-serif
2025-08-19 16:16:17,946:WARNING:findfont: Generic family 'sans-serif' not found because none of the following families were found: Arial, Liberation Sans, Bitstream Vera Sans, sans-serif
2025-08-19 16:16:17,947:WARNING:findfont: Generic family 'sans-serif' not found because none of the following families were found: Arial, Liberation Sans, Bitstream Vera Sans, sans-serif
2025-08-19 16:16:17,948:WARNING:findfont: Generic family 'sans-serif' not found because none of the following families were found: Arial, Liberation Sans, Bitstream Vera Sans, sans-serif
2025-08-19 16:16:17,951:WARNING:findfont: Generic family 'sans-serif' not found because none of the following families were found: Arial, Liberation Sans, Bitstream Vera Sans, sans-serif
2025-08-19 16:16:17,958:WARNING:findfont: Generic family 'sans-serif' not found because none of the following families were found: Arial, Liberation Sans, Bitstream Vera Sans, sans-serif
2025-08-19 16:16:17,962:WARNING:findfont: Generic family 'sans-serif' not found because none of the following families were found: Arial, Liberation Sans, Bitstream Vera Sans, sans-serif
2025-08-19 16:16:17,962:WARNING:findfont: Generic family 'sans-serif' not found because none of the following families were found: Arial, Liberation Sans, Bitstream Vera Sans, sans-serif
2025-08-19 16:16:17,965:WARNING:findfont: Generic family 'sans-serif' not found because none of the following families were found: Arial, Liberation Sans, Bitstream Vera Sans, sans-serif
2025-08-19 16:16:17,966:WARNING:findfont: Generic family 'sans-serif' not found because none of the following families were found: Arial, Liberation Sans, Bitstream Vera Sans, sans-serif
2025-08-19 16:16:17,967:WARNING:findfont: Generic family 'sans-serif' not found because none of the following families were found: Arial, Liberation Sans, Bitstream Vera Sans, sans-serif
2025-08-19 16:16:17,968:WARNING:findfont: Generic family 'sans-serif' not found because none of the following families were found: Arial, Liberation Sans, Bitstream Vera Sans, sans-serif
2025-08-19 16:16:17,969:WARNING:findfont: Generic family 'sans-serif' not found because none of the following families were found: Arial, Liberation Sans, Bitstream Vera Sans, sans-serif
2025-08-19 16:16:18,015:WARNING:findfont: Generic family 'sans-serif' not found because none of the following families were found: Arial, Liberation Sans, Bitstream Vera Sans, sans-serif
2025-08-19 16:16:18,016:WARNING:findfont: Generic family 'sans-serif' not found because none of the following families were found: Arial, Liberation Sans, Bitstream Vera Sans, sans-serif
2025-08-19 16:16:18,016:WARNING:findfont: Generic family 'sans-serif' not found because none of the following families were found: Arial, Liberation Sans, Bitstream Vera Sans, sans-serif
2025-08-19 16:16:18,016:WARNING:findfont: Generic family 'sans-serif' not found because none of the following families were found: Arial, Liberation Sans, Bitstream Vera Sans, sans-serif
2025-08-19 16:16:18,018:WARNING:findfont: Generic family 'sans-serif' not found because none of the following families were found: Arial, Liberation Sans, Bitstream Vera Sans, sans-serif
2025-08-19 16:16:18,018:WARNING:findfont: Generic family 'sans-serif' not found because none of the following families were found: Arial, Liberation Sans, Bitstream Vera Sans, sans-serif
2025-08-19 16:16:18,019:WARNING:findfont: Generic family 'sans-serif' not found because none of the following families were found: Arial, Liberation Sans, Bitstream Vera Sans, sans-serif
2025-08-19 16:16:18,019:WARNING:findfont: Generic family 'sans-serif' not found because none of the following families were found: Arial, Liberation Sans, Bitstream Vera Sans, sans-serif
2025-08-19 16:16:18,022:WARNING:findfont: Generic family 'sans-serif' not found because none of the following families were found: Arial, Liberation Sans, Bitstream Vera Sans, sans-serif
2025-08-19 16:16:18,022:WARNING:findfont: Generic family 'sans-serif' not found because none of the following families were found: Arial, Liberation Sans, Bitstream Vera Sans, sans-serif
2025-08-19 16:16:18,023:WARNING:findfont: Generic family 'sans-serif' not found because none of the following families were found: Arial, Liberation Sans, Bitstream Vera Sans, sans-serif
2025-08-19 16:16:18,023:WARNING:findfont: Generic family 'sans-serif' not found because none of the following families were found: Arial, Liberation Sans, Bitstream Vera Sans, sans-serif
2025-08-19 16:16:18,023:WARNING:findfont: Generic family 'sans-serif' not found because none of the following families were found: Arial, Liberation Sans, Bitstream Vera Sans, sans-serif
2025-08-19 16:16:18,024:WARNING:findfont: Generic family 'sans-serif' not found because none of the following families were found: Arial, Liberation Sans, Bitstream Vera Sans, sans-serif
2025-08-19 16:16:18,024:WARNING:findfont: Generic family 'sans-serif' not found because none of the following families were found: Arial, Liberation Sans, Bitstream Vera Sans, sans-serif
2025-08-19 16:16:18,024:WARNING:findfont: Generic family 'sans-serif' not found because none of the following families were found: Arial, Liberation Sans, Bitstream Vera Sans, sans-serif
2025-08-19 16:16:18,025:WARNING:findfont: Generic family 'sans-serif' not found because none of the following families were found: Arial, Liberation Sans, Bitstream Vera Sans, sans-serif
2025-08-19 16:16:18,026:WARNING:findfont: Generic family 'sans-serif' not found because none of the following families were found: Arial, Liberation Sans, Bitstream Vera Sans, sans-serif
2025-08-19 16:16:18,027:WARNING:findfont: Generic family 'sans-serif' not found because none of the following families were found: Arial, Liberation Sans, Bitstream Vera Sans, sans-serif
2025-08-19 16:16:18,028:WARNING:findfont: Generic family 'sans-serif' not found because none of the following families were found: Arial, Liberation Sans, Bitstream Vera Sans, sans-serif
2025-08-19 16:16:18,028:WARNING:findfont: Generic family 'sans-serif' not found because none of the following families were found: Arial, Liberation Sans, Bitstream Vera Sans, sans-serif
2025-08-19 16:16:18,029:WARNING:findfont: Generic family 'sans-serif' not found because none of the following families were found: Arial, Liberation Sans, Bitstream Vera Sans, sans-serif
2025-08-19 16:16:18,030:WARNING:findfont: Generic family 'sans-serif' not found because none of the following families were found: Arial, Liberation Sans, Bitstream Vera Sans, sans-serif
2025-08-19 16:16:18,031:WARNING:findfont: Generic family 'sans-serif' not found because none of the following families were found: Arial, Liberation Sans, Bitstream Vera Sans, sans-serif
2025-08-19 16:16:18,034:WARNING:findfont: Generic family 'sans-serif' not found because none of the following families were found: Arial, Liberation Sans, Bitstream Vera Sans, sans-serif
2025-08-19 16:16:18,035:WARNING:findfont: Generic family 'sans-serif' not found because none of the following families were found: Arial, Liberation Sans, Bitstream Vera Sans, sans-serif
2025-08-19 16:16:18,037:WARNING:findfont: Generic family 'sans-serif' not found because none of the following families were found: Arial, Liberation Sans, Bitstream Vera Sans, sans-serif
2025-08-19 16:16:18,038:WARNING:findfont: Generic family 'sans-serif' not found because none of the following families were found: Arial, Liberation Sans, Bitstream Vera Sans, sans-serif
2025-08-19 16:16:18,038:WARNING:findfont: Generic family 'sans-serif' not found because none of the following families were found: Arial, Liberation Sans, Bitstream Vera Sans, sans-serif
2025-08-19 16:16:18,040:WARNING:findfont: Generic family 'sans-serif' not found because none of the following families were found: Arial, Liberation Sans, Bitstream Vera Sans, sans-serif
2025-08-19 16:16:18,045:WARNING:findfont: Generic family 'sans-serif' not found because none of the following families were found: Arial, Liberation Sans, Bitstream Vera Sans, sans-serif
2025-08-19 16:16:18,047:WARNING:findfont: Generic family 'sans-serif' not found because none of the following families were found: Arial, Liberation Sans, Bitstream Vera Sans, sans-serif
2025-08-19 16:16:18,047:WARNING:findfont: Generic family 'sans-serif' not found because none of the following families were found: Arial, Liberation Sans, Bitstream Vera Sans, sans-serif
2025-08-19 16:16:18,048:WARNING:findfont: Generic family 'sans-serif' not found because none of the following families were found: Arial, Liberation Sans, Bitstream Vera Sans, sans-serif
2025-08-19 16:16:18,049:WARNING:findfont: Generic family 'sans-serif' not found because none of the following families were found: Arial, Liberation Sans, Bitstream Vera Sans, sans-serif
2025-08-19 16:16:18,050:WARNING:findfont: Generic family 'sans-serif' not found because none of the following families were found: Arial, Liberation Sans, Bitstream Vera Sans, sans-serif
2025-08-19 16:16:18,050:WARNING:findfont: Generic family 'sans-serif' not found because none of the following families were found: Arial, Liberation Sans, Bitstream Vera Sans, sans-serif
2025-08-19 16:16:18,051:WARNING:findfont: Generic family 'sans-serif' not found because none of the following families were found: Arial, Liberation Sans, Bitstream Vera Sans, sans-serif
2025-08-19 16:16:18,069:INFO:Visual Rendered Successfully
2025-08-19 16:16:18,254:INFO:plot_model() successfully completed......................................
2025-08-19 16:16:18,255:INFO:Initializing assign_model()
2025-08-19 16:16:18,255:INFO:assign_model(self=<pycaret.clustering.oop.ClusteringExperiment object at 0x7bbec0abd450>, model=KMeans(algorithm='lloyd', copy_x=True, init='k-means++', max_iter=300,
       n_clusters=3, n_init='auto', random_state=42, tol=0.0001, verbose=0), transformation=False, score=True, verbose=True)
2025-08-19 16:16:18,255:INFO:Checking exceptions
2025-08-19 16:16:18,255:INFO:Determining Trained Model
2025-08-19 16:16:18,255:INFO:Trained Model : K-Means Clustering
2025-08-19 16:16:18,255:INFO:Copying data
2025-08-19 16:16:18,256:INFO:(498, 14)
2025-08-19 16:16:18,256:INFO:assign_model() successfully completed......................................
2025-08-19 16:16:18,270:INFO:Initializing save_model()
2025-08-19 16:16:18,270:INFO:save_model(model=KMeans(algorithm='lloyd', copy_x=True, init='k-means++', max_iter=300,
       n_clusters=3, n_init='auto', random_state=42, tol=0.0001, verbose=0), model_name=models/threat_actor_profiler, prep_pipe_=Pipeline(memory=FastMemory(location=/tmp/joblib),
         steps=[('numerical_imputer',
                 TransformerWrapper(exclude=None,
                                    include=['having_IP_Address', 'URL_Length',
                                             'Shortining_Service',
                                             'having_At_Symbol',
                                             'double_slash_redirecting',
                                             'Prefix_Suffix',
                                             'having_Sub_Domain',
                                             'SSLfinal_State', 'URL_of_Anchor',
                                             'Links_in_tags', 'SFH',
                                             'Abnormal_URL',
                                             'has_political_keyword'],
                                    t...
                ('categorical_imputer',
                 TransformerWrapper(exclude=None, include=[],
                                    transformer=SimpleImputer(add_indicator=False,
                                                              copy=True,
                                                              fill_value=None,
                                                              keep_empty_features=False,
                                                              missing_values=nan,
                                                              strategy='most_frequent'))),
                ('normalize',
                 TransformerWrapper(exclude=None, include=None,
                                    transformer=StandardScaler(copy=True,
                                                               with_mean=True,
                                                               with_std=True)))],
         verbose=False), verbose=True, use_case=MLUsecase.CLUSTERING, kwargs={})
2025-08-19 16:16:18,270:INFO:Adding model into prep_pipe
2025-08-19 16:16:18,272:INFO:models/threat_actor_profiler.pkl saved in current working directory
2025-08-19 16:16:18,276:INFO:Pipeline(memory=Memory(location=None),
         steps=[('numerical_imputer',
                 TransformerWrapper(exclude=None,
                                    include=['having_IP_Address', 'URL_Length',
                                             'Shortining_Service',
                                             'having_At_Symbol',
                                             'double_slash_redirecting',
                                             'Prefix_Suffix',
                                             'having_Sub_Domain',
                                             'SSLfinal_State', 'URL_of_Anchor',
                                             'Links_in_tags', 'SFH',
                                             'Abnormal_URL',
                                             'has_political_keyword'],
                                    transformer=...
                                                              keep_empty_features=False,
                                                              missing_values=nan,
                                                              strategy='most_frequent'))),
                ('normalize',
                 TransformerWrapper(exclude=None, include=None,
                                    transformer=StandardScaler(copy=True,
                                                               with_mean=True,
                                                               with_std=True))),
                ('trained_model',
                 KMeans(algorithm='lloyd', copy_x=True, init='k-means++',
                        max_iter=300, n_clusters=3, n_init='auto',
                        random_state=42, tol=0.0001, verbose=0))],
         verbose=False)
2025-08-19 16:16:18,276:INFO:save_model() successfully completed......................................
2025-08-19 16:16:39,514:WARNING:
'cuml' is a soft dependency and not included in the pycaret installation. Please run: `pip install cuml` to install.
2025-08-19 16:16:39,514:WARNING:
'cuml' is a soft dependency and not included in the pycaret installation. Please run: `pip install cuml` to install.
2025-08-19 16:16:39,514:WARNING:
'cuml' is a soft dependency and not included in the pycaret installation. Please run: `pip install cuml` to install.
2025-08-19 16:16:39,514:WARNING:
'cuml' is a soft dependency and not included in the pycaret installation. Please run: `pip install cuml` to install.
2025-08-19 16:16:43,024:INFO:Initializing load_model()
2025-08-19 16:16:43,025:INFO:load_model(model_name=models/phishing_url_detector, platform=None, authentication=None, verbose=True)
2025-08-19 16:16:43,761:INFO:Initializing load_model()
2025-08-19 16:16:43,761:INFO:load_model(model_name=models/threat_actor_profiler, platform=None, authentication=None, verbose=True)
2025-08-19 16:17:01,020:INFO:Initializing predict_model()
2025-08-19 16:17:01,020:INFO:predict_model(self=<pycaret.classification.oop.ClassificationExperiment object at 0x7e670b923090>, estimator=Pipeline(memory=Memory(location=None),
         steps=[('numerical_imputer',
                 TransformerWrapper(include=['having_IP_Address', 'URL_Length',
                                             'Shortining_Service',
                                             'having_At_Symbol',
                                             'double_slash_redirecting',
                                             'Prefix_Suffix',
                                             'having_Sub_Domain',
                                             'SSLfinal_State', 'URL_of_Anchor',
                                             'Links_in_tags', 'SFH',
                                             'Abnormal_URL',
                                             'has_political_keyword'],
                                    transformer=SimpleImputer())),
                ('categorical_imputer',
                 TransformerWrapper(include=[],
                                    transformer=SimpleImputer(strategy='most_frequent'))),
                ('actual_estimator',
                 RandomForestClassifier(n_jobs=-1, random_state=42))]), probability_threshold=None, encoded_labels=False, raw_score=False, round=4, verbose=True, ml_usecase=None, preprocess=True, encode_labels=<function _SupervisedExperiment.predict_model.<locals>.encode_labels at 0x7e66f159b240>)
2025-08-19 16:17:01,020:INFO:Checking exceptions
2025-08-19 16:17:01,020:INFO:Preloading libraries
2025-08-19 16:17:01,021:INFO:Set up data.
2025-08-19 16:17:01,024:INFO:Set up index.
2025-08-19 16:17:03,270:INFO:Initializing predict_model()
2025-08-19 16:17:03,270:INFO:predict_model(self=<pycaret.classification.oop.ClassificationExperiment object at 0x7e66e2bcbf90>, estimator=Pipeline(memory=Memory(location=None),
         steps=[('numerical_imputer',
                 TransformerWrapper(include=['having_IP_Address', 'URL_Length',
                                             'Shortining_Service',
                                             'having_At_Symbol',
                                             'double_slash_redirecting',
                                             'Prefix_Suffix',
                                             'having_Sub_Domain',
                                             'SSLfinal_State', 'URL_of_Anchor',
                                             'Links_in_tags', 'SFH',
                                             'Abnormal_URL',
                                             'has_political_keyword'],
                                    transformer=SimpleImputer())),
                ('categorical_imputer',
                 TransformerWrapper(include=[],
                                    transformer=SimpleImputer(strategy='most_frequent'))),
                ('normalize', TransformerWrapper(transformer=StandardScaler())),
                ('trained_model', KMeans(n_clusters=3, random_state=42))]), probability_threshold=None, encoded_labels=False, raw_score=False, round=4, verbose=True, ml_usecase=None, preprocess=True, encode_labels=<function _SupervisedExperiment.predict_model.<locals>.encode_labels at 0x7e66f14c0180>)
2025-08-19 16:17:03,270:INFO:Checking exceptions
2025-08-19 16:17:03,270:INFO:Preloading libraries
2025-08-19 16:17:03,270:INFO:Set up data.
2025-08-19 16:17:03,274:INFO:Set up index.
2025-08-19 16:29:14,513:INFO:Initializing predict_model()
2025-08-19 16:29:14,513:INFO:predict_model(self=<pycaret.classification.oop.ClassificationExperiment object at 0x7e66f14bcd10>, estimator=Pipeline(memory=Memory(location=None),
         steps=[('numerical_imputer',
                 TransformerWrapper(include=['having_IP_Address', 'URL_Length',
                                             'Shortining_Service',
                                             'having_At_Symbol',
                                             'double_slash_redirecting',
                                             'Prefix_Suffix',
                                             'having_Sub_Domain',
                                             'SSLfinal_State', 'URL_of_Anchor',
                                             'Links_in_tags', 'SFH',
                                             'Abnormal_URL',
                                             'has_political_keyword'],
                                    transformer=SimpleImputer())),
                ('categorical_imputer',
                 TransformerWrapper(include=[],
                                    transformer=SimpleImputer(strategy='most_frequent'))),
                ('actual_estimator',
                 RandomForestClassifier(n_jobs=-1, random_state=42))]), probability_threshold=None, encoded_labels=False, raw_score=False, round=4, verbose=True, ml_usecase=None, preprocess=True, encode_labels=<function _SupervisedExperiment.predict_model.<locals>.encode_labels at 0x7e672b28bc40>)
2025-08-19 16:29:14,513:INFO:Checking exceptions
2025-08-19 16:29:14,513:INFO:Preloading libraries
2025-08-19 16:29:14,514:INFO:Set up data.
2025-08-19 16:29:14,517:INFO:Set up index.
2025-08-19 16:29:16,746:INFO:Initializing predict_model()
2025-08-19 16:29:16,746:INFO:predict_model(self=<pycaret.classification.oop.ClassificationExperiment object at 0x7e66f1612910>, estimator=Pipeline(memory=Memory(location=None),
         steps=[('numerical_imputer',
                 TransformerWrapper(include=['having_IP_Address', 'URL_Length',
                                             'Shortining_Service',
                                             'having_At_Symbol',
                                             'double_slash_redirecting',
                                             'Prefix_Suffix',
                                             'having_Sub_Domain',
                                             'SSLfinal_State', 'URL_of_Anchor',
                                             'Links_in_tags', 'SFH',
                                             'Abnormal_URL',
                                             'has_political_keyword'],
                                    transformer=SimpleImputer())),
                ('categorical_imputer',
                 TransformerWrapper(include=[],
                                    transformer=SimpleImputer(strategy='most_frequent'))),
                ('normalize', TransformerWrapper(transformer=StandardScaler())),
                ('trained_model', KMeans(n_clusters=3, random_state=42))]), probability_threshold=None, encoded_labels=False, raw_score=False, round=4, verbose=True, ml_usecase=None, preprocess=True, encode_labels=<function _SupervisedExperiment.predict_model.<locals>.encode_labels at 0x7e66e2ec2200>)
2025-08-19 16:29:16,746:INFO:Checking exceptions
2025-08-19 16:29:16,746:INFO:Preloading libraries
2025-08-19 16:29:16,747:INFO:Set up data.
2025-08-19 16:29:16,751:INFO:Set up index.
2025-08-19 16:32:53,160:INFO:Initializing predict_model()
2025-08-19 16:32:53,160:INFO:predict_model(self=<pycaret.classification.oop.ClassificationExperiment object at 0x7e66e2b97c50>, estimator=Pipeline(memory=Memory(location=None),
         steps=[('numerical_imputer',
                 TransformerWrapper(include=['having_IP_Address', 'URL_Length',
                                             'Shortining_Service',
                                             'having_At_Symbol',
                                             'double_slash_redirecting',
                                             'Prefix_Suffix',
                                             'having_Sub_Domain',
                                             'SSLfinal_State', 'URL_of_Anchor',
                                             'Links_in_tags', 'SFH',
                                             'Abnormal_URL',
                                             'has_political_keyword'],
                                    transformer=SimpleImputer())),
                ('categorical_imputer',
                 TransformerWrapper(include=[],
                                    transformer=SimpleImputer(strategy='most_frequent'))),
                ('actual_estimator',
                 RandomForestClassifier(n_jobs=-1, random_state=42))]), probability_threshold=None, encoded_labels=False, raw_score=False, round=4, verbose=True, ml_usecase=None, preprocess=True, encode_labels=<function _SupervisedExperiment.predict_model.<locals>.encode_labels at 0x7e66f134f4c0>)
2025-08-19 16:32:53,160:INFO:Checking exceptions
2025-08-19 16:32:53,160:INFO:Preloading libraries
2025-08-19 16:32:53,161:INFO:Set up data.
2025-08-19 16:32:53,163:INFO:Set up index.
2025-08-19 16:32:55,392:INFO:Initializing predict_model()
2025-08-19 16:32:55,392:INFO:predict_model(self=<pycaret.classification.oop.ClassificationExperiment object at 0x7e6729414110>, estimator=Pipeline(memory=Memory(location=None),
         steps=[('numerical_imputer',
                 TransformerWrapper(include=['having_IP_Address', 'URL_Length',
                                             'Shortining_Service',
                                             'having_At_Symbol',
                                             'double_slash_redirecting',
                                             'Prefix_Suffix',
                                             'having_Sub_Domain',
                                             'SSLfinal_State', 'URL_of_Anchor',
                                             'Links_in_tags', 'SFH',
                                             'Abnormal_URL',
                                             'has_political_keyword'],
                                    transformer=SimpleImputer())),
                ('categorical_imputer',
                 TransformerWrapper(include=[],
                                    transformer=SimpleImputer(strategy='most_frequent'))),
                ('normalize', TransformerWrapper(transformer=StandardScaler())),
                ('trained_model', KMeans(n_clusters=3, random_state=42))]), probability_threshold=None, encoded_labels=False, raw_score=False, round=4, verbose=True, ml_usecase=None, preprocess=True, encode_labels=<function _SupervisedExperiment.predict_model.<locals>.encode_labels at 0x7e66f134fce0>)
2025-08-19 16:32:55,392:INFO:Checking exceptions
2025-08-19 16:32:55,392:INFO:Preloading libraries
2025-08-19 16:32:55,392:INFO:Set up data.
2025-08-19 16:32:55,396:INFO:Set up index.
2025-08-19 17:16:40,753:INFO:Initializing predict_model()
2025-08-19 17:16:40,753:INFO:predict_model(self=<pycaret.classification.oop.ClassificationExperiment object at 0x7e66e2bd0210>, estimator=Pipeline(memory=Memory(location=None),
         steps=[('numerical_imputer',
                 TransformerWrapper(include=['having_IP_Address', 'URL_Length',
                                             'Shortining_Service',
                                             'having_At_Symbol',
                                             'double_slash_redirecting',
                                             'Prefix_Suffix',
                                             'having_Sub_Domain',
                                             'SSLfinal_State', 'URL_of_Anchor',
                                             'Links_in_tags', 'SFH',
                                             'Abnormal_URL',
                                             'has_political_keyword'],
                                    transformer=SimpleImputer())),
                ('categorical_imputer',
                 TransformerWrapper(include=[],
                                    transformer=SimpleImputer(strategy='most_frequent'))),
                ('actual_estimator',
                 RandomForestClassifier(n_jobs=-1, random_state=42))]), probability_threshold=None, encoded_labels=False, raw_score=False, round=4, verbose=True, ml_usecase=None, preprocess=True, encode_labels=<function _SupervisedExperiment.predict_model.<locals>.encode_labels at 0x7e66e2ec2200>)
2025-08-19 17:16:40,753:INFO:Checking exceptions
2025-08-19 17:16:40,753:INFO:Preloading libraries
2025-08-19 17:16:40,753:INFO:Set up data.
2025-08-19 17:16:40,756:INFO:Set up index.
2025-08-19 17:16:42,987:INFO:Initializing predict_model()
2025-08-19 17:16:42,987:INFO:predict_model(self=<pycaret.classification.oop.ClassificationExperiment object at 0x7e66e2bd7c10>, estimator=Pipeline(memory=Memory(location=None),
         steps=[('numerical_imputer',
                 TransformerWrapper(include=['having_IP_Address', 'URL_Length',
                                             'Shortining_Service',
                                             'having_At_Symbol',
                                             'double_slash_redirecting',
                                             'Prefix_Suffix',
                                             'having_Sub_Domain',
                                             'SSLfinal_State', 'URL_of_Anchor',
                                             'Links_in_tags', 'SFH',
                                             'Abnormal_URL',
                                             'has_political_keyword'],
                                    transformer=SimpleImputer())),
                ('categorical_imputer',
                 TransformerWrapper(include=[],
                                    transformer=SimpleImputer(strategy='most_frequent'))),
                ('normalize', TransformerWrapper(transformer=StandardScaler())),
                ('trained_model', KMeans(n_clusters=3, random_state=42))]), probability_threshold=None, encoded_labels=False, raw_score=False, round=4, verbose=True, ml_usecase=None, preprocess=True, encode_labels=<function _SupervisedExperiment.predict_model.<locals>.encode_labels at 0x7e66e2ec23e0>)
2025-08-19 17:16:42,987:INFO:Checking exceptions
2025-08-19 17:16:42,987:INFO:Preloading libraries
2025-08-19 17:16:42,988:INFO:Set up data.
2025-08-19 17:16:42,992:INFO:Set up index.
2025-08-19 17:17:23,122:INFO:Initializing predict_model()
2025-08-19 17:17:23,122:INFO:predict_model(self=<pycaret.classification.oop.ClassificationExperiment object at 0x7e672c601650>, estimator=Pipeline(memory=Memory(location=None),
         steps=[('numerical_imputer',
                 TransformerWrapper(include=['having_IP_Address', 'URL_Length',
                                             'Shortining_Service',
                                             'having_At_Symbol',
                                             'double_slash_redirecting',
                                             'Prefix_Suffix',
                                             'having_Sub_Domain',
                                             'SSLfinal_State', 'URL_of_Anchor',
                                             'Links_in_tags', 'SFH',
                                             'Abnormal_URL',
                                             'has_political_keyword'],
                                    transformer=SimpleImputer())),
                ('categorical_imputer',
                 TransformerWrapper(include=[],
                                    transformer=SimpleImputer(strategy='most_frequent'))),
                ('actual_estimator',
                 RandomForestClassifier(n_jobs=-1, random_state=42))]), probability_threshold=None, encoded_labels=False, raw_score=False, round=4, verbose=True, ml_usecase=None, preprocess=True, encode_labels=<function _SupervisedExperiment.predict_model.<locals>.encode_labels at 0x7e66e2a9b2e0>)
2025-08-19 17:17:23,122:INFO:Checking exceptions
2025-08-19 17:17:23,122:INFO:Preloading libraries
2025-08-19 17:17:23,122:INFO:Set up data.
2025-08-19 17:17:23,125:INFO:Set up index.
2025-08-19 17:17:25,355:INFO:Initializing predict_model()
2025-08-19 17:17:25,355:INFO:predict_model(self=<pycaret.classification.oop.ClassificationExperiment object at 0x7e66e353b790>, estimator=Pipeline(memory=Memory(location=None),
         steps=[('numerical_imputer',
                 TransformerWrapper(include=['having_IP_Address', 'URL_Length',
                                             'Shortining_Service',
                                             'having_At_Symbol',
                                             'double_slash_redirecting',
                                             'Prefix_Suffix',
                                             'having_Sub_Domain',
                                             'SSLfinal_State', 'URL_of_Anchor',
                                             'Links_in_tags', 'SFH',
                                             'Abnormal_URL',
                                             'has_political_keyword'],
                                    transformer=SimpleImputer())),
                ('categorical_imputer',
                 TransformerWrapper(include=[],
                                    transformer=SimpleImputer(strategy='most_frequent'))),
                ('normalize', TransformerWrapper(transformer=StandardScaler())),
                ('trained_model', KMeans(n_clusters=3, random_state=42))]), probability_threshold=None, encoded_labels=False, raw_score=False, round=4, verbose=True, ml_usecase=None, preprocess=True, encode_labels=<function _SupervisedExperiment.predict_model.<locals>.encode_labels at 0x7e66e2a98540>)
2025-08-19 17:17:25,356:INFO:Checking exceptions
2025-08-19 17:17:25,356:INFO:Preloading libraries
2025-08-19 17:17:25,356:INFO:Set up data.
2025-08-19 17:17:25,360:INFO:Set up index.
2025-08-19 17:52:28,721:WARNING:
'cuml' is a soft dependency and not included in the pycaret installation. Please run: `pip install cuml` to install.
2025-08-19 17:52:28,721:WARNING:
'cuml' is a soft dependency and not included in the pycaret installation. Please run: `pip install cuml` to install.
2025-08-19 17:52:28,721:WARNING:
'cuml' is a soft dependency and not included in the pycaret installation. Please run: `pip install cuml` to install.
2025-08-19 17:52:28,722:WARNING:
'cuml' is a soft dependency and not included in the pycaret installation. Please run: `pip install cuml` to install.
2025-08-19 17:52:30,103:INFO:PyCaret ClassificationExperiment
2025-08-19 17:52:30,103:INFO:Logging name: clf-default-name
2025-08-19 17:52:30,103:INFO:ML Usecase: MLUsecase.CLASSIFICATION
2025-08-19 17:52:30,103:INFO:version 3.3.2
2025-08-19 17:52:30,103:INFO:Initializing setup()
2025-08-19 17:52:30,103:INFO:self.USI: 8ee8
2025-08-19 17:52:30,103:INFO:self._variable_keys: {'target_param', 'y_train', 'exp_id', 'is_multiclass', 'log_plots_param', 'n_jobs_param', 'pipeline', '_ml_usecase', 'X', '_available_plots', 'memory', 'fix_imbalance', 'idx', 'X_test', 'logging_param', 'fold_shuffle_param', 'gpu_n_jobs_param', 'USI', 'y', 'fold_generator', 'exp_name_log', 'fold_groups_param', 'y_test', 'seed', 'X_train', 'html_param', 'data', 'gpu_param'}
2025-08-19 17:52:30,103:INFO:Checking environment
2025-08-19 17:52:30,103:INFO:python_version: 3.11.13
2025-08-19 17:52:30,103:INFO:python_build: ('main', 'Aug 12 2025 22:45:40')
2025-08-19 17:52:30,103:INFO:machine: x86_64
2025-08-19 17:52:30,103:INFO:platform: Linux-6.14.0-1011-aws-x86_64-with-glibc2.41
2025-08-19 17:52:30,103:INFO:Memory: svmem(total=2003546112, available=1351839744, percent=32.5, used=462434304, free=555409408, active=781500416, inactive=456892416, buffers=31535104, cached=954167296, shared=2940928, slab=113999872)
2025-08-19 17:52:30,104:INFO:Physical Core: 1
2025-08-19 17:52:30,104:INFO:Logical Core: 2
2025-08-19 17:52:30,104:INFO:Checking libraries
2025-08-19 17:52:30,104:INFO:System:
2025-08-19 17:52:30,104:INFO:    python: 3.11.13 (main, Aug 12 2025, 22:45:40) [GCC 14.2.0]
2025-08-19 17:52:30,104:INFO:executable: /usr/local/bin/python
2025-08-19 17:52:30,104:INFO:   machine: Linux-6.14.0-1011-aws-x86_64-with-glibc2.41
2025-08-19 17:52:30,104:INFO:PyCaret required dependencies:
2025-08-19 17:52:30,813:INFO:                 pip: 24.0
2025-08-19 17:52:30,813:INFO:          setuptools: 80.9.0
2025-08-19 17:52:30,813:INFO:             pycaret: 3.3.2
2025-08-19 17:52:30,813:INFO:             IPython: 9.4.0
2025-08-19 17:52:30,813:INFO:          ipywidgets: 8.1.7
2025-08-19 17:52:30,813:INFO:                tqdm: 4.67.1
2025-08-19 17:52:30,813:INFO:               numpy: 1.26.4
2025-08-19 17:52:30,813:INFO:              pandas: 2.1.4
2025-08-19 17:52:30,813:INFO:              jinja2: 3.1.6
2025-08-19 17:52:30,813:INFO:               scipy: 1.11.4
2025-08-19 17:52:30,813:INFO:              joblib: 1.3.2
2025-08-19 17:52:30,813:INFO:             sklearn: 1.4.2
2025-08-19 17:52:30,813:INFO:                pyod: 2.0.5
2025-08-19 17:52:30,813:INFO:            imblearn: 0.14.0
2025-08-19 17:52:30,813:INFO:   category_encoders: 2.7.0
2025-08-19 17:52:30,813:INFO:            lightgbm: 4.6.0
2025-08-19 17:52:30,813:INFO:               numba: 0.61.0
2025-08-19 17:52:30,813:INFO:            requests: 2.32.4
2025-08-19 17:52:30,813:INFO:          matplotlib: 3.7.5
2025-08-19 17:52:30,813:INFO:          scikitplot: 0.3.7
2025-08-19 17:52:30,813:INFO:         yellowbrick: 1.5
2025-08-19 17:52:30,813:INFO:              plotly: 5.24.1
2025-08-19 17:52:30,813:INFO:    plotly-resampler: Not installed
2025-08-19 17:52:30,813:INFO:             kaleido: 1.0.0
2025-08-19 17:52:30,813:INFO:           schemdraw: 0.15
2025-08-19 17:52:30,813:INFO:         statsmodels: 0.14.5
2025-08-19 17:52:30,813:INFO:              sktime: 0.26.0
2025-08-19 17:52:30,813:INFO:               tbats: 1.1.3
2025-08-19 17:52:30,813:INFO:            pmdarima: 2.0.4
2025-08-19 17:52:30,813:INFO:              psutil: 7.0.0
2025-08-19 17:52:30,813:INFO:          markupsafe: 3.0.2
2025-08-19 17:52:30,813:INFO:             pickle5: Not installed
2025-08-19 17:52:30,813:INFO:         cloudpickle: 3.1.1
2025-08-19 17:52:30,813:INFO:         deprecation: 2.1.0
2025-08-19 17:52:30,813:INFO:              xxhash: 3.5.0
2025-08-19 17:52:30,813:INFO:           wurlitzer: 3.1.1
2025-08-19 17:52:30,813:INFO:PyCaret optional dependencies:
2025-08-19 17:52:33,768:INFO:                shap: 0.44.1
2025-08-19 17:52:33,768:INFO:           interpret: 0.7.2
2025-08-19 17:52:33,768:INFO:                umap: 0.5.7
2025-08-19 17:52:33,768:INFO:     ydata_profiling: 4.16.1
2025-08-19 17:52:33,768:INFO:  explainerdashboard: 0.5.1
2025-08-19 17:52:33,768:INFO:             autoviz: Not installed
2025-08-19 17:52:33,768:INFO:           fairlearn: 0.7.0
2025-08-19 17:52:33,768:INFO:          deepchecks: Not installed
2025-08-19 17:52:33,768:INFO:             xgboost: 3.0.4
2025-08-19 17:52:33,768:INFO:            catboost: 1.2.8
2025-08-19 17:52:33,768:INFO:              kmodes: 0.12.2
2025-08-19 17:52:33,768:INFO:             mlxtend: 0.23.4
2025-08-19 17:52:33,768:INFO:       statsforecast: 1.5.0
2025-08-19 17:52:33,768:INFO:        tune_sklearn: Not installed
2025-08-19 17:52:33,768:INFO:                 ray: Not installed
2025-08-19 17:52:33,768:INFO:            hyperopt: 0.2.7
2025-08-19 17:52:33,768:INFO:              optuna: 4.5.0
2025-08-19 17:52:33,768:INFO:               skopt: 0.10.2
2025-08-19 17:52:33,768:INFO:              mlflow: 3.2.0
2025-08-19 17:52:33,768:INFO:              gradio: 5.42.0
2025-08-19 17:52:33,768:INFO:             fastapi: 0.116.1
2025-08-19 17:52:33,768:INFO:             uvicorn: 0.35.0
2025-08-19 17:52:33,768:INFO:              m2cgen: 0.10.0
2025-08-19 17:52:33,768:INFO:           evidently: 0.4.40
2025-08-19 17:52:33,768:INFO:               fugue: 0.8.7
2025-08-19 17:52:33,768:INFO:           streamlit: 1.48.1
2025-08-19 17:52:33,768:INFO:             prophet: Not installed
2025-08-19 17:52:33,768:INFO:None
2025-08-19 17:52:33,769:INFO:Set up data.
2025-08-19 17:52:33,775:INFO:Set up folding strategy.
2025-08-19 17:52:33,775:INFO:Set up train/test split.
2025-08-19 17:52:33,779:INFO:Set up index.
2025-08-19 17:52:33,779:INFO:Assigning column types.
2025-08-19 17:52:33,783:INFO:Engine successfully changes for model 'lr' to 'sklearn'.
2025-08-19 17:52:33,823:INFO:Engine for model 'knn' has not been set explicitly, hence returning None.
2025-08-19 17:52:33,826:INFO:Engine for model 'rbfsvm' has not been set explicitly, hence returning None.
2025-08-19 17:52:33,855:INFO:Soft dependency imported: xgboost: 3.0.4
2025-08-19 17:52:33,858:INFO:Soft dependency imported: catboost: 1.2.8
2025-08-19 17:52:33,915:INFO:Engine for model 'knn' has not been set explicitly, hence returning None.
2025-08-19 17:52:33,916:INFO:Engine for model 'rbfsvm' has not been set explicitly, hence returning None.
2025-08-19 17:52:33,941:INFO:Soft dependency imported: xgboost: 3.0.4
2025-08-19 17:52:33,944:INFO:Soft dependency imported: catboost: 1.2.8
2025-08-19 17:52:33,944:INFO:Engine successfully changes for model 'knn' to 'sklearn'.
2025-08-19 17:52:33,985:INFO:Engine for model 'rbfsvm' has not been set explicitly, hence returning None.
2025-08-19 17:52:34,010:INFO:Soft dependency imported: xgboost: 3.0.4
2025-08-19 17:52:34,012:INFO:Soft dependency imported: catboost: 1.2.8
2025-08-19 17:52:34,055:INFO:Engine for model 'rbfsvm' has not been set explicitly, hence returning None.
2025-08-19 17:52:34,080:INFO:Soft dependency imported: xgboost: 3.0.4
2025-08-19 17:52:34,083:INFO:Soft dependency imported: catboost: 1.2.8
2025-08-19 17:52:34,083:INFO:Engine successfully changes for model 'rbfsvm' to 'sklearn'.
2025-08-19 17:52:34,150:INFO:Soft dependency imported: xgboost: 3.0.4
2025-08-19 17:52:34,153:INFO:Soft dependency imported: catboost: 1.2.8
2025-08-19 17:52:34,220:INFO:Soft dependency imported: xgboost: 3.0.4
2025-08-19 17:52:34,223:INFO:Soft dependency imported: catboost: 1.2.8
2025-08-19 17:52:34,225:INFO:Preparing preprocessing pipeline...
2025-08-19 17:52:34,226:INFO:Set up simple imputation.
2025-08-19 17:52:34,245:INFO:Finished creating preprocessing pipeline.
2025-08-19 17:52:34,248:INFO:Pipeline: Pipeline(memory=FastMemory(location=/tmp/joblib),
         steps=[('numerical_imputer',
                 TransformerWrapper(exclude=None,
                                    include=['having_IP_Address', 'URL_Length',
                                             'Shortining_Service',
                                             'having_At_Symbol',
                                             'double_slash_redirecting',
                                             'Prefix_Suffix',
                                             'having_Sub_Domain',
                                             'SSLfinal_State', 'URL_of_Anchor',
                                             'Links_in_tags', 'SFH',
                                             'Abnormal_URL',
                                             'has_political_keyword'],
                                    t...SimpleImputer(add_indicator=False,
                                                              copy=True,
                                                              fill_value=None,
                                                              keep_empty_features=False,
                                                              missing_values=nan,
                                                              strategy='mean'))),
                ('categorical_imputer',
                 TransformerWrapper(exclude=None, include=[],
                                    transformer=SimpleImputer(add_indicator=False,
                                                              copy=True,
                                                              fill_value=None,
                                                              keep_empty_features=False,
                                                              missing_values=nan,
                                                              strategy='most_frequent')))],
         verbose=False)
2025-08-19 17:52:34,248:INFO:Creating final display dataframe.
2025-08-19 17:52:34,311:INFO:Setup _display_container:                     Description             Value
0                    Session id                42
1                        Target             label
2                   Target type            Binary
3           Original data shape         (499, 14)
4        Transformed data shape         (499, 14)
5   Transformed train set shape         (349, 14)
6    Transformed test set shape         (150, 14)
7              Numeric features                13
8                    Preprocess              True
9               Imputation type            simple
10           Numeric imputation              mean
11       Categorical imputation              mode
12               Fold Generator   StratifiedKFold
13                  Fold Number                10
14                     CPU Jobs                -1
15                      Use GPU             False
16               Log Experiment             False
17              Experiment Name  clf-default-name
18                          USI              8ee8
2025-08-19 17:52:34,378:INFO:Soft dependency imported: xgboost: 3.0.4
2025-08-19 17:52:34,380:INFO:Soft dependency imported: catboost: 1.2.8
2025-08-19 17:52:34,447:INFO:Soft dependency imported: xgboost: 3.0.4
2025-08-19 17:52:34,449:INFO:Soft dependency imported: catboost: 1.2.8
2025-08-19 17:52:34,451:INFO:setup() successfully completed in 4.35s...............
2025-08-19 17:52:34,451:INFO:Initializing compare_models()
2025-08-19 17:52:34,451:INFO:compare_models(self=<pycaret.classification.oop.ClassificationExperiment object at 0x74146ba1c450>, include=['rf', 'et', 'lightgbm'], exclude=None, fold=None, round=4, cross_validation=True, sort=Accuracy, n_select=1, budget_time=None, turbo=True, errors=ignore, fit_kwargs=None, groups=None, experiment_custom_tags=None, probability_threshold=None, verbose=True, parallel=None, caller_params={'self': <pycaret.classification.oop.ClassificationExperiment object at 0x74146ba1c450>, 'include': ['rf', 'et', 'lightgbm'], 'exclude': None, 'fold': None, 'round': 4, 'cross_validation': True, 'sort': 'Accuracy', 'n_select': 1, 'budget_time': None, 'turbo': True, 'errors': 'ignore', 'fit_kwargs': None, 'groups': None, 'experiment_custom_tags': None, 'probability_threshold': None, 'engine': None, 'verbose': True, 'parallel': None, '__class__': <class 'pycaret.classification.oop.ClassificationExperiment'>})
2025-08-19 17:52:34,451:INFO:Checking exceptions
2025-08-19 17:52:34,455:INFO:Preparing display monitor
2025-08-19 17:52:34,458:INFO:Initializing Random Forest Classifier
2025-08-19 17:52:34,458:INFO:Total runtime is 1.6729036966959635e-06 minutes
2025-08-19 17:52:34,458:INFO:SubProcess create_model() called ==================================
2025-08-19 17:52:34,458:INFO:Initializing create_model()
2025-08-19 17:52:34,458:INFO:create_model(self=<pycaret.classification.oop.ClassificationExperiment object at 0x74146ba1c450>, estimator=rf, fold=StratifiedKFold(n_splits=10, random_state=None, shuffle=False), round=4, cross_validation=True, predict=True, fit_kwargs={}, groups=None, refit=False, probability_threshold=None, experiment_custom_tags=None, verbose=False, system=False, add_to_model_list=True, metrics=None, display=<pycaret.internal.display.display.CommonDisplay object at 0x741429742450>, model_only=True, return_train_score=False, error_score=0.0, kwargs={})
2025-08-19 17:52:34,458:INFO:Checking exceptions
2025-08-19 17:52:34,458:INFO:Importing libraries
2025-08-19 17:52:34,458:INFO:Copying training dataset
2025-08-19 17:52:34,463:INFO:Defining folds
2025-08-19 17:52:34,463:INFO:Declaring metric variables
2025-08-19 17:52:34,463:INFO:Importing untrained model
2025-08-19 17:52:34,463:INFO:Random Forest Classifier Imported successfully
2025-08-19 17:52:34,463:INFO:Starting cross validation
2025-08-19 17:52:34,464:INFO:Cross validating with StratifiedKFold(n_splits=10, random_state=None, shuffle=False), n_jobs=-1
2025-08-19 17:52:40,140:INFO:Calculating mean and std
2025-08-19 17:52:40,141:INFO:Creating metrics dataframe
2025-08-19 17:52:40,144:INFO:Uploading results into container
2025-08-19 17:52:40,145:INFO:Uploading model into container now
2025-08-19 17:52:40,145:INFO:_master_model_container: 1
2025-08-19 17:52:40,145:INFO:_display_container: 2
2025-08-19 17:52:40,146:INFO:RandomForestClassifier(bootstrap=True, ccp_alpha=0.0, class_weight=None,
                       criterion='gini', max_depth=None, max_features='sqrt',
                       max_leaf_nodes=None, max_samples=None,
                       min_impurity_decrease=0.0, min_samples_leaf=1,
                       min_samples_split=2, min_weight_fraction_leaf=0.0,
                       monotonic_cst=None, n_estimators=100, n_jobs=-1,
                       oob_score=False, random_state=42, verbose=0,
                       warm_start=False)
2025-08-19 17:52:40,146:INFO:create_model() successfully completed......................................
2025-08-19 17:52:40,365:INFO:SubProcess create_model() end ==================================
2025-08-19 17:52:40,365:INFO:Creating metrics dataframe
2025-08-19 17:52:40,367:INFO:Initializing Extra Trees Classifier
2025-08-19 17:52:40,367:INFO:Total runtime is 0.09849588473637899 minutes
2025-08-19 17:52:40,368:INFO:SubProcess create_model() called ==================================
2025-08-19 17:52:40,368:INFO:Initializing create_model()
2025-08-19 17:52:40,368:INFO:create_model(self=<pycaret.classification.oop.ClassificationExperiment object at 0x74146ba1c450>, estimator=et, fold=StratifiedKFold(n_splits=10, random_state=None, shuffle=False), round=4, cross_validation=True, predict=True, fit_kwargs={}, groups=None, refit=False, probability_threshold=None, experiment_custom_tags=None, verbose=False, system=False, add_to_model_list=True, metrics=None, display=<pycaret.internal.display.display.CommonDisplay object at 0x741429742450>, model_only=True, return_train_score=False, error_score=0.0, kwargs={})
2025-08-19 17:52:40,368:INFO:Checking exceptions
2025-08-19 17:52:40,368:INFO:Importing libraries
2025-08-19 17:52:40,368:INFO:Copying training dataset
2025-08-19 17:52:40,372:INFO:Defining folds
2025-08-19 17:52:40,372:INFO:Declaring metric variables
2025-08-19 17:52:40,372:INFO:Importing untrained model
2025-08-19 17:52:40,373:INFO:Extra Trees Classifier Imported successfully
2025-08-19 17:52:40,373:INFO:Starting cross validation
2025-08-19 17:52:40,374:INFO:Cross validating with StratifiedKFold(n_splits=10, random_state=None, shuffle=False), n_jobs=-1
2025-08-19 17:52:41,554:INFO:Calculating mean and std
2025-08-19 17:52:41,554:INFO:Creating metrics dataframe
2025-08-19 17:52:41,556:INFO:Uploading results into container
2025-08-19 17:52:41,557:INFO:Uploading model into container now
2025-08-19 17:52:41,557:INFO:_master_model_container: 2
2025-08-19 17:52:41,557:INFO:_display_container: 2
2025-08-19 17:52:41,557:INFO:ExtraTreesClassifier(bootstrap=False, ccp_alpha=0.0, class_weight=None,
                     criterion='gini', max_depth=None, max_features='sqrt',
                     max_leaf_nodes=None, max_samples=None,
                     min_impurity_decrease=0.0, min_samples_leaf=1,
                     min_samples_split=2, min_weight_fraction_leaf=0.0,
                     monotonic_cst=None, n_estimators=100, n_jobs=-1,
                     oob_score=False, random_state=42, verbose=0,
                     warm_start=False)
2025-08-19 17:52:41,557:INFO:create_model() successfully completed......................................
2025-08-19 17:52:41,740:INFO:SubProcess create_model() end ==================================
2025-08-19 17:52:41,740:INFO:Creating metrics dataframe
2025-08-19 17:52:41,743:INFO:Initializing Light Gradient Boosting Machine
2025-08-19 17:52:41,743:INFO:Total runtime is 0.12141751845677694 minutes
2025-08-19 17:52:41,743:INFO:SubProcess create_model() called ==================================
2025-08-19 17:52:41,743:INFO:Initializing create_model()
2025-08-19 17:52:41,743:INFO:create_model(self=<pycaret.classification.oop.ClassificationExperiment object at 0x74146ba1c450>, estimator=lightgbm, fold=StratifiedKFold(n_splits=10, random_state=None, shuffle=False), round=4, cross_validation=True, predict=True, fit_kwargs={}, groups=None, refit=False, probability_threshold=None, experiment_custom_tags=None, verbose=False, system=False, add_to_model_list=True, metrics=None, display=<pycaret.internal.display.display.CommonDisplay object at 0x741429742450>, model_only=True, return_train_score=False, error_score=0.0, kwargs={})
2025-08-19 17:52:41,743:INFO:Checking exceptions
2025-08-19 17:52:41,743:INFO:Importing libraries
2025-08-19 17:52:41,743:INFO:Copying training dataset
2025-08-19 17:52:41,747:INFO:Defining folds
2025-08-19 17:52:41,747:INFO:Declaring metric variables
2025-08-19 17:52:41,747:INFO:Importing untrained model
2025-08-19 17:52:41,748:INFO:Light Gradient Boosting Machine Imported successfully
2025-08-19 17:52:41,748:INFO:Starting cross validation
2025-08-19 17:52:41,749:INFO:Cross validating with StratifiedKFold(n_splits=10, random_state=None, shuffle=False), n_jobs=-1
2025-08-19 17:54:06,095:INFO:Calculating mean and std
2025-08-19 17:54:06,095:INFO:Creating metrics dataframe
2025-08-19 17:54:06,097:INFO:Uploading results into container
2025-08-19 17:54:06,098:INFO:Uploading model into container now
2025-08-19 17:54:06,098:INFO:_master_model_container: 3
2025-08-19 17:54:06,098:INFO:_display_container: 2
2025-08-19 17:54:06,099:INFO:LGBMClassifier(boosting_type='gbdt', class_weight=None, colsample_bytree=1.0,
               importance_type='split', learning_rate=0.1, max_depth=-1,
               min_child_samples=20, min_child_weight=0.001, min_split_gain=0.0,
               n_estimators=100, n_jobs=-1, num_leaves=31, objective=None,
               random_state=42, reg_alpha=0.0, reg_lambda=0.0, subsample=1.0,
               subsample_for_bin=200000, subsample_freq=0)
2025-08-19 17:54:06,099:INFO:create_model() successfully completed......................................
2025-08-19 17:54:06,280:INFO:SubProcess create_model() end ==================================
2025-08-19 17:54:06,280:INFO:Creating metrics dataframe
2025-08-19 17:54:06,283:WARNING:/usr/local/lib/python3.11/site-packages/pycaret/internal/pycaret_experiment/supervised_experiment.py:339: FutureWarning: Styler.applymap has been deprecated. Use Styler.map instead.

2025-08-19 17:54:06,285:INFO:Initializing create_model()
2025-08-19 17:54:06,285:INFO:create_model(self=<pycaret.classification.oop.ClassificationExperiment object at 0x74146ba1c450>, estimator=RandomForestClassifier(bootstrap=True, ccp_alpha=0.0, class_weight=None,
                       criterion='gini', max_depth=None, max_features='sqrt',
                       max_leaf_nodes=None, max_samples=None,
                       min_impurity_decrease=0.0, min_samples_leaf=1,
                       min_samples_split=2, min_weight_fraction_leaf=0.0,
                       monotonic_cst=None, n_estimators=100, n_jobs=-1,
                       oob_score=False, random_state=42, verbose=0,
                       warm_start=False), fold=StratifiedKFold(n_splits=10, random_state=None, shuffle=False), round=4, cross_validation=False, predict=False, fit_kwargs={}, groups=None, refit=True, probability_threshold=None, experiment_custom_tags=None, verbose=False, system=False, add_to_model_list=True, metrics=None, display=None, model_only=True, return_train_score=False, error_score=0.0, kwargs={})
2025-08-19 17:54:06,285:INFO:Checking exceptions
2025-08-19 17:54:06,285:INFO:Importing libraries
2025-08-19 17:54:06,286:INFO:Copying training dataset
2025-08-19 17:54:06,289:INFO:Defining folds
2025-08-19 17:54:06,289:INFO:Declaring metric variables
2025-08-19 17:54:06,289:INFO:Importing untrained model
2025-08-19 17:54:06,289:INFO:Declaring custom model
2025-08-19 17:54:06,290:INFO:Random Forest Classifier Imported successfully
2025-08-19 17:54:06,291:INFO:Cross validation set to False
2025-08-19 17:54:06,291:INFO:Fitting Model
2025-08-19 17:54:06,466:INFO:RandomForestClassifier(bootstrap=True, ccp_alpha=0.0, class_weight=None,
                       criterion='gini', max_depth=None, max_features='sqrt',
                       max_leaf_nodes=None, max_samples=None,
                       min_impurity_decrease=0.0, min_samples_leaf=1,
                       min_samples_split=2, min_weight_fraction_leaf=0.0,
                       monotonic_cst=None, n_estimators=100, n_jobs=-1,
                       oob_score=False, random_state=42, verbose=0,
                       warm_start=False)
2025-08-19 17:54:06,466:INFO:create_model() successfully completed......................................
2025-08-19 17:54:06,650:INFO:_master_model_container: 3
2025-08-19 17:54:06,650:INFO:_display_container: 2
2025-08-19 17:54:06,651:INFO:RandomForestClassifier(bootstrap=True, ccp_alpha=0.0, class_weight=None,
                       criterion='gini', max_depth=None, max_features='sqrt',
                       max_leaf_nodes=None, max_samples=None,
                       min_impurity_decrease=0.0, min_samples_leaf=1,
                       min_samples_split=2, min_weight_fraction_leaf=0.0,
                       monotonic_cst=None, n_estimators=100, n_jobs=-1,
                       oob_score=False, random_state=42, verbose=0,
                       warm_start=False)
2025-08-19 17:54:06,651:INFO:compare_models() successfully completed......................................
2025-08-19 17:54:06,651:INFO:Initializing finalize_model()
2025-08-19 17:54:06,651:INFO:finalize_model(self=<pycaret.classification.oop.ClassificationExperiment object at 0x74146ba1c450>, estimator=RandomForestClassifier(bootstrap=True, ccp_alpha=0.0, class_weight=None,
                       criterion='gini', max_depth=None, max_features='sqrt',
                       max_leaf_nodes=None, max_samples=None,
                       min_impurity_decrease=0.0, min_samples_leaf=1,
                       min_samples_split=2, min_weight_fraction_leaf=0.0,
                       monotonic_cst=None, n_estimators=100, n_jobs=-1,
                       oob_score=False, random_state=42, verbose=0,
                       warm_start=False), fit_kwargs=None, groups=None, model_only=False, experiment_custom_tags=None)
2025-08-19 17:54:06,651:INFO:Finalizing RandomForestClassifier(bootstrap=True, ccp_alpha=0.0, class_weight=None,
                       criterion='gini', max_depth=None, max_features='sqrt',
                       max_leaf_nodes=None, max_samples=None,
                       min_impurity_decrease=0.0, min_samples_leaf=1,
                       min_samples_split=2, min_weight_fraction_leaf=0.0,
                       monotonic_cst=None, n_estimators=100, n_jobs=-1,
                       oob_score=False, random_state=42, verbose=0,
                       warm_start=False)
2025-08-19 17:54:06,654:INFO:Initializing create_model()
2025-08-19 17:54:06,654:INFO:create_model(self=<pycaret.classification.oop.ClassificationExperiment object at 0x74146ba1c450>, estimator=RandomForestClassifier(bootstrap=True, ccp_alpha=0.0, class_weight=None,
                       criterion='gini', max_depth=None, max_features='sqrt',
                       max_leaf_nodes=None, max_samples=None,
                       min_impurity_decrease=0.0, min_samples_leaf=1,
                       min_samples_split=2, min_weight_fraction_leaf=0.0,
                       monotonic_cst=None, n_estimators=100, n_jobs=-1,
                       oob_score=False, random_state=42, verbose=0,
                       warm_start=False), fold=None, round=4, cross_validation=False, predict=False, fit_kwargs={}, groups=None, refit=True, probability_threshold=None, experiment_custom_tags=None, verbose=False, system=False, add_to_model_list=False, metrics=None, display=None, model_only=False, return_train_score=False, error_score=0.0, kwargs={})
2025-08-19 17:54:06,654:INFO:Checking exceptions
2025-08-19 17:54:06,655:INFO:Importing libraries
2025-08-19 17:54:06,655:INFO:Copying training dataset
2025-08-19 17:54:06,655:INFO:Defining folds
2025-08-19 17:54:06,655:INFO:Declaring metric variables
2025-08-19 17:54:06,656:INFO:Importing untrained model
2025-08-19 17:54:06,656:INFO:Declaring custom model
2025-08-19 17:54:06,656:INFO:Random Forest Classifier Imported successfully
2025-08-19 17:54:06,657:INFO:Cross validation set to False
2025-08-19 17:54:06,657:INFO:Fitting Model
2025-08-19 17:54:06,831:INFO:Pipeline(memory=Memory(location=None),
         steps=[('numerical_imputer',
                 TransformerWrapper(exclude=None,
                                    include=['having_IP_Address', 'URL_Length',
                                             'Shortining_Service',
                                             'having_At_Symbol',
                                             'double_slash_redirecting',
                                             'Prefix_Suffix',
                                             'having_Sub_Domain',
                                             'SSLfinal_State', 'URL_of_Anchor',
                                             'Links_in_tags', 'SFH',
                                             'Abnormal_URL',
                                             'has_political_keyword'],
                                    transformer=...
                 RandomForestClassifier(bootstrap=True, ccp_alpha=0.0,
                                        class_weight=None, criterion='gini',
                                        max_depth=None, max_features='sqrt',
                                        max_leaf_nodes=None, max_samples=None,
                                        min_impurity_decrease=0.0,
                                        min_samples_leaf=1, min_samples_split=2,
                                        min_weight_fraction_leaf=0.0,
                                        monotonic_cst=None, n_estimators=100,
                                        n_jobs=-1, oob_score=False,
                                        random_state=42, verbose=0,
                                        warm_start=False))],
         verbose=False)
2025-08-19 17:54:06,832:INFO:create_model() successfully completed......................................
2025-08-19 17:54:07,010:INFO:_master_model_container: 3
2025-08-19 17:54:07,010:INFO:_display_container: 2
2025-08-19 17:54:07,014:INFO:Pipeline(memory=Memory(location=None),
         steps=[('numerical_imputer',
                 TransformerWrapper(exclude=None,
                                    include=['having_IP_Address', 'URL_Length',
                                             'Shortining_Service',
                                             'having_At_Symbol',
                                             'double_slash_redirecting',
                                             'Prefix_Suffix',
                                             'having_Sub_Domain',
                                             'SSLfinal_State', 'URL_of_Anchor',
                                             'Links_in_tags', 'SFH',
                                             'Abnormal_URL',
                                             'has_political_keyword'],
                                    transformer=...
                 RandomForestClassifier(bootstrap=True, ccp_alpha=0.0,
                                        class_weight=None, criterion='gini',
                                        max_depth=None, max_features='sqrt',
                                        max_leaf_nodes=None, max_samples=None,
                                        min_impurity_decrease=0.0,
                                        min_samples_leaf=1, min_samples_split=2,
                                        min_weight_fraction_leaf=0.0,
                                        monotonic_cst=None, n_estimators=100,
                                        n_jobs=-1, oob_score=False,
                                        random_state=42, verbose=0,
                                        warm_start=False))],
         verbose=False)
2025-08-19 17:54:07,014:INFO:finalize_model() successfully completed......................................
2025-08-19 17:54:07,198:INFO:Initializing plot_model()
2025-08-19 17:54:07,198:INFO:plot_model(self=<pycaret.classification.oop.ClassificationExperiment object at 0x74146ba1c450>, estimator=Pipeline(memory=Memory(location=None),
         steps=[('numerical_imputer',
                 TransformerWrapper(exclude=None,
                                    include=['having_IP_Address', 'URL_Length',
                                             'Shortining_Service',
                                             'having_At_Symbol',
                                             'double_slash_redirecting',
                                             'Prefix_Suffix',
                                             'having_Sub_Domain',
                                             'SSLfinal_State', 'URL_of_Anchor',
                                             'Links_in_tags', 'SFH',
                                             'Abnormal_URL',
                                             'has_political_keyword'],
                                    transformer=...
                 RandomForestClassifier(bootstrap=True, ccp_alpha=0.0,
                                        class_weight=None, criterion='gini',
                                        max_depth=None, max_features='sqrt',
                                        max_leaf_nodes=None, max_samples=None,
                                        min_impurity_decrease=0.0,
                                        min_samples_leaf=1, min_samples_split=2,
                                        min_weight_fraction_leaf=0.0,
                                        monotonic_cst=None, n_estimators=100,
                                        n_jobs=-1, oob_score=False,
                                        random_state=42, verbose=0,
                                        warm_start=False))],
         verbose=False), plot=feature, scale=1, save=True, fold=None, fit_kwargs=None, plot_kwargs=None, groups=None, feature_name=None, label=False, verbose=True, system=True, display=None, display_format=None)
2025-08-19 17:54:07,198:INFO:Checking exceptions
2025-08-19 17:54:07,223:INFO:Preloading libraries
2025-08-19 17:54:07,230:INFO:Copying training dataset
2025-08-19 17:54:07,230:INFO:Plot type: feature
2025-08-19 17:54:07,231:WARNING:No coef_ found. Trying feature_importances_
2025-08-19 17:54:07,301:INFO:Saving 'Feature Importance.png'
2025-08-19 17:54:07,304:WARNING:findfont: Generic family 'sans-serif' not found because none of the following families were found: Arial, Liberation Sans, Bitstream Vera Sans, sans-serif
2025-08-19 17:54:07,308:WARNING:findfont: Generic family 'sans-serif' not found because none of the following families were found: Arial, Liberation Sans, Bitstream Vera Sans, sans-serif
2025-08-19 17:54:07,309:WARNING:findfont: Generic family 'sans-serif' not found because none of the following families were found: Arial, Liberation Sans, Bitstream Vera Sans, sans-serif
2025-08-19 17:54:07,309:WARNING:findfont: Generic family 'sans-serif' not found because none of the following families were found: Arial, Liberation Sans, Bitstream Vera Sans, sans-serif
2025-08-19 17:54:07,310:WARNING:findfont: Generic family 'sans-serif' not found because none of the following families were found: Arial, Liberation Sans, Bitstream Vera Sans, sans-serif
2025-08-19 17:54:07,310:WARNING:findfont: Generic family 'sans-serif' not found because none of the following families were found: Arial, Liberation Sans, Bitstream Vera Sans, sans-serif
2025-08-19 17:54:07,311:WARNING:findfont: Generic family 'sans-serif' not found because none of the following families were found: Arial, Liberation Sans, Bitstream Vera Sans, sans-serif
2025-08-19 17:54:07,312:WARNING:findfont: Generic family 'sans-serif' not found because none of the following families were found: Arial, Liberation Sans, Bitstream Vera Sans, sans-serif
2025-08-19 17:54:07,312:WARNING:findfont: Generic family 'sans-serif' not found because none of the following families were found: Arial, Liberation Sans, Bitstream Vera Sans, sans-serif
2025-08-19 17:54:07,313:WARNING:findfont: Generic family 'sans-serif' not found because none of the following families were found: Arial, Liberation Sans, Bitstream Vera Sans, sans-serif
2025-08-19 17:54:07,313:WARNING:findfont: Generic family 'sans-serif' not found because none of the following families were found: Arial, Liberation Sans, Bitstream Vera Sans, sans-serif
2025-08-19 17:54:07,316:WARNING:findfont: Generic family 'sans-serif' not found because none of the following families were found: Arial, Liberation Sans, Bitstream Vera Sans, sans-serif
2025-08-19 17:54:07,317:WARNING:findfont: Generic family 'sans-serif' not found because none of the following families were found: Arial, Liberation Sans, Bitstream Vera Sans, sans-serif
2025-08-19 17:54:07,317:WARNING:findfont: Generic family 'sans-serif' not found because none of the following families were found: Arial, Liberation Sans, Bitstream Vera Sans, sans-serif
2025-08-19 17:54:07,318:WARNING:findfont: Generic family 'sans-serif' not found because none of the following families were found: Arial, Liberation Sans, Bitstream Vera Sans, sans-serif
2025-08-19 17:54:07,333:WARNING:findfont: Generic family 'sans-serif' not found because none of the following families were found: Arial, Liberation Sans, Bitstream Vera Sans, sans-serif
2025-08-19 17:54:07,334:WARNING:findfont: Generic family 'sans-serif' not found because none of the following families were found: Arial, Liberation Sans, Bitstream Vera Sans, sans-serif
2025-08-19 17:54:07,335:WARNING:findfont: Generic family 'sans-serif' not found because none of the following families were found: Arial, Liberation Sans, Bitstream Vera Sans, sans-serif
2025-08-19 17:54:07,336:WARNING:findfont: Generic family 'sans-serif' not found because none of the following families were found: Arial, Liberation Sans, Bitstream Vera Sans, sans-serif
2025-08-19 17:54:07,336:WARNING:findfont: Generic family 'sans-serif' not found because none of the following families were found: Arial, Liberation Sans, Bitstream Vera Sans, sans-serif
2025-08-19 17:54:07,337:WARNING:findfont: Generic family 'sans-serif' not found because none of the following families were found: Arial, Liberation Sans, Bitstream Vera Sans, sans-serif
2025-08-19 17:54:07,338:WARNING:findfont: Generic family 'sans-serif' not found because none of the following families were found: Arial, Liberation Sans, Bitstream Vera Sans, sans-serif
2025-08-19 17:54:07,338:WARNING:findfont: Generic family 'sans-serif' not found because none of the following families were found: Arial, Liberation Sans, Bitstream Vera Sans, sans-serif
2025-08-19 17:54:07,350:WARNING:findfont: Generic family 'sans-serif' not found because none of the following families were found: Arial, Liberation Sans, Bitstream Vera Sans, sans-serif
2025-08-19 17:54:07,436:WARNING:findfont: Generic family 'sans-serif' not found because none of the following families were found: Arial, Liberation Sans, Bitstream Vera Sans, sans-serif
2025-08-19 17:54:07,436:WARNING:findfont: Generic family 'sans-serif' not found because none of the following families were found: Arial, Liberation Sans, Bitstream Vera Sans, sans-serif

2025-08-19 17:54:07,436:WARNING:findfont: Generic family 'sans-serif' not found because none of the following families were found: Arial, Liberation Sans, Bitstream Vera Sans, sans-serif
2025-08-19 17:54:07,437:WARNING:findfont: Generic family 'sans-serif' not found because none of the following families were found: Arial, Liberation Sans, Bitstream Vera Sans, sans-serif
2025-08-19 17:54:07,438:WARNING:findfont: Generic family 'sans-serif' not found because none of the following families were found: Arial, Liberation Sans, Bitstream Vera Sans, sans-serif
2025-08-19 17:54:07,438:WARNING:findfont: Generic family 'sans-serif' not found because none of the following families were found: Arial, Liberation Sans, Bitstream Vera Sans, sans-serif
2025-08-19 17:54:07,439:WARNING:findfont: Generic family 'sans-serif' not found because none of the following families were found: Arial, Liberation Sans, Bitstream Vera Sans, sans-serif
2025-08-19 17:54:07,440:WARNING:findfont: Generic family 'sans-serif' not found because none of the following families were found: Arial, Liberation Sans, Bitstream Vera Sans, sans-serif
2025-08-19 17:54:07,440:WARNING:findfont: Generic family 'sans-serif' not found because none of the following families were found: Arial, Liberation Sans, Bitstream Vera Sans, sans-serif
2025-08-19 17:54:07,441:WARNING:findfont: Generic family 'sans-serif' not found because none of the following families were found: Arial, Liberation Sans, Bitstream Vera Sans, sans-serif
2025-08-19 17:54:07,441:WARNING:findfont: Generic family 'sans-serif' not found because none of the following families were found: Arial, Liberation Sans, Bitstream Vera Sans, sans-serif
2025-08-19 17:54:07,442:WARNING:findfont: Generic family 'sans-serif' not found because none of the following families were found: Arial, Liberation Sans, Bitstream Vera Sans, sans-serif
2025-08-19 17:54:07,444:WARNING:findfont: Generic family 'sans-serif' not found because none of the following families were found: Arial, Liberation Sans, Bitstream Vera Sans, sans-serif
2025-08-19 17:54:07,444:WARNING:findfont: Generic family 'sans-serif' not found because none of the following families were found: Arial, Liberation Sans, Bitstream Vera Sans, sans-serif
2025-08-19 17:54:07,445:WARNING:findfont: Generic family 'sans-serif' not found because none of the following families were found: Arial, Liberation Sans, Bitstream Vera Sans, sans-serif
2025-08-19 17:54:07,445:WARNING:findfont: Generic family 'sans-serif' not found because none of the following families were found: Arial, Liberation Sans, Bitstream Vera Sans, sans-serif
2025-08-19 17:54:07,448:WARNING:findfont: Generic family 'sans-serif' not found because none of the following families were found: Arial, Liberation Sans, Bitstream Vera Sans, sans-serif
2025-08-19 17:54:07,448:WARNING:findfont: Generic family 'sans-serif' not found because none of the following families were found: Arial, Liberation Sans, Bitstream Vera Sans, sans-serif
2025-08-19 17:54:07,449:WARNING:findfont: Generic family 'sans-serif' not found because none of the following families were found: Arial, Liberation Sans, Bitstream Vera Sans, sans-serif
2025-08-19 17:54:07,449:WARNING:findfont: Generic family 'sans-serif' not found because none of the following families were found: Arial, Liberation Sans, Bitstream Vera Sans, sans-serif
2025-08-19 17:54:07,449:WARNING:findfont: Generic family 'sans-serif' not found because none of the following families were found: Arial, Liberation Sans, Bitstream Vera Sans, sans-serif
2025-08-19 17:54:07,450:WARNING:findfont: Generic family 'sans-serif' not found because none of the following families were found: Arial, Liberation Sans, Bitstream Vera Sans, sans-serif
2025-08-19 17:54:07,450:WARNING:findfont: Generic family 'sans-serif' not found because none of the following families were found: Arial, Liberation Sans, Bitstream Vera Sans, sans-serif
2025-08-19 17:54:07,450:WARNING:findfont: Generic family 'sans-serif' not found because none of the following families were found: Arial, Liberation Sans, Bitstream Vera Sans, sans-serif
2025-08-19 17:54:07,451:WARNING:findfont: Generic family 'sans-serif' not found because none of the following families were found: Arial, Liberation Sans, Bitstream Vera Sans, sans-serif
2025-08-19 17:54:07,452:WARNING:findfont: Generic family 'sans-serif' not found because none of the following families were found: Arial, Liberation Sans, Bitstream Vera Sans, sans-serif
2025-08-19 17:54:07,453:WARNING:findfont: Generic family 'sans-serif' not found because none of the following families were found: Arial, Liberation Sans, Bitstream Vera Sans, sans-serif
2025-08-19 17:54:07,454:WARNING:findfont: Generic family 'sans-serif' not found because none of the following families were found: Arial, Liberation Sans, Bitstream Vera Sans, sans-serif
2025-08-19 17:54:07,455:WARNING:findfont: Generic family 'sans-serif' not found because none of the following families were found: Arial, Liberation Sans, Bitstream Vera Sans, sans-serif
2025-08-19 17:54:07,455:WARNING:findfont: Generic family 'sans-serif' not found because none of the following families were found: Arial, Liberation Sans, Bitstream Vera Sans, sans-serif
2025-08-19 17:54:07,456:WARNING:findfont: Generic family 'sans-serif' not found because none of the following families were found: Arial, Liberation Sans, Bitstream Vera Sans, sans-serif
2025-08-19 17:54:07,457:WARNING:findfont: Generic family 'sans-serif' not found because none of the following families were found: Arial, Liberation Sans, Bitstream Vera Sans, sans-serif
2025-08-19 17:54:07,461:WARNING:findfont: Generic family 'sans-serif' not found because none of the following families were found: Arial, Liberation Sans, Bitstream Vera Sans, sans-serif
2025-08-19 17:54:07,461:WARNING:findfont: Generic family 'sans-serif' not found because none of the following families were found: Arial, Liberation Sans, Bitstream Vera Sans, sans-serif
2025-08-19 17:54:07,464:WARNING:findfont: Generic family 'sans-serif' not found because none of the following families were found: Arial, Liberation Sans, Bitstream Vera Sans, sans-serif
2025-08-19 17:54:07,466:WARNING:findfont: Generic family 'sans-serif' not found because none of the following families were found: Arial, Liberation Sans, Bitstream Vera Sans, sans-serif
2025-08-19 17:54:07,467:WARNING:findfont: Generic family 'sans-serif' not found because none of the following families were found: Arial, Liberation Sans, Bitstream Vera Sans, sans-serif
2025-08-19 17:54:07,469:WARNING:findfont: Generic family 'sans-serif' not found because none of the following families were found: Arial, Liberation Sans, Bitstream Vera Sans, sans-serif
2025-08-19 17:54:07,470:WARNING:findfont: Generic family 'sans-serif' not found because none of the following families were found: Arial, Liberation Sans, Bitstream Vera Sans, sans-serif
2025-08-19 17:54:07,471:WARNING:findfont: Generic family 'sans-serif' not found because none of the following families were found: Arial, Liberation Sans, Bitstream Vera Sans, sans-serif
2025-08-19 17:54:07,471:WARNING:findfont: Generic family 'sans-serif' not found because none of the following families were found: Arial, Liberation Sans, Bitstream Vera Sans, sans-serif
2025-08-19 17:54:07,473:WARNING:findfont: Generic family 'sans-serif' not found because none of the following families were found: Arial, Liberation Sans, Bitstream Vera Sans, sans-serif
2025-08-19 17:54:07,474:WARNING:findfont: Generic family 'sans-serif' not found because none of the following families were found: Arial, Liberation Sans, Bitstream Vera Sans, sans-serif
2025-08-19 17:54:07,474:WARNING:findfont: Generic family 'sans-serif' not found because none of the following families were found: Arial, Liberation Sans, Bitstream Vera Sans, sans-serif
2025-08-19 17:54:07,477:WARNING:findfont: Generic family 'sans-serif' not found because none of the following families were found: Arial, Liberation Sans, Bitstream Vera Sans, sans-serif
2025-08-19 17:54:07,479:WARNING:findfont: Generic family 'sans-serif' not found because none of the following families were found: Arial, Liberation Sans, Bitstream Vera Sans, sans-serif
2025-08-19 17:54:07,501:WARNING:findfont: Generic family 'sans-serif' not found because none of the following families were found: Arial, Liberation Sans, Bitstream Vera Sans, sans-serif
2025-08-19 17:54:07,502:WARNING:findfont: Generic family 'sans-serif' not found because none of the following families were found: Arial, Liberation Sans, Bitstream Vera Sans, sans-serif
2025-08-19 17:54:07,503:WARNING:findfont: Generic family 'sans-serif' not found because none of the following families were found: Arial, Liberation Sans, Bitstream Vera Sans, sans-serif
2025-08-19 17:54:07,503:WARNING:findfont: Generic family 'sans-serif' not found because none of the following families were found: Arial, Liberation Sans, Bitstream Vera Sans, sans-serif
2025-08-19 17:54:07,504:WARNING:findfont: Generic family 'sans-serif' not found because none of the following families were found: Arial, Liberation Sans, Bitstream Vera Sans, sans-serif
2025-08-19 17:54:07,504:WARNING:findfont: Generic family 'sans-serif' not found because none of the following families were found: Arial, Liberation Sans, Bitstream Vera Sans, sans-serif
2025-08-19 17:54:07,505:WARNING:findfont: Generic family 'sans-serif' not found because none of the following families were found: Arial, Liberation Sans, Bitstream Vera Sans, sans-serif
2025-08-19 17:54:07,505:WARNING:findfont: Generic family 'sans-serif' not found because none of the following families were found: Arial, Liberation Sans, Bitstream Vera Sans, sans-serif
2025-08-19 17:54:07,506:WARNING:findfont: Generic family 'sans-serif' not found because none of the following families were found: Arial, Liberation Sans, Bitstream Vera Sans, sans-serif
2025-08-19 17:54:07,507:WARNING:findfont: Generic family 'sans-serif' not found because none of the following families were found: Arial, Liberation Sans, Bitstream Vera Sans, sans-serif
2025-08-19 17:54:07,507:WARNING:findfont: Generic family 'sans-serif' not found because none of the following families were found: Arial, Liberation Sans, Bitstream Vera Sans, sans-serif
2025-08-19 17:54:07,509:WARNING:findfont: Generic family 'sans-serif' not found because none of the following families were found: Arial, Liberation Sans, Bitstream Vera Sans, sans-serif
2025-08-19 17:54:07,510:WARNING:findfont: Generic family 'sans-serif' not found because none of the following families were found: Arial, Liberation Sans, Bitstream Vera Sans, sans-serif
2025-08-19 17:54:07,510:WARNING:findfont: Generic family 'sans-serif' not found because none of the following families were found: Arial, Liberation Sans, Bitstream Vera Sans, sans-serif
2025-08-19 17:54:07,511:WARNING:findfont: Generic family 'sans-serif' not found because none of the following families were found: Arial, Liberation Sans, Bitstream Vera Sans, sans-serif
2025-08-19 17:54:07,513:WARNING:findfont: Generic family 'sans-serif' not found because none of the following families were found: Arial, Liberation Sans, Bitstream Vera Sans, sans-serif
2025-08-19 17:54:07,513:WARNING:findfont: Generic family 'sans-serif' not found because none of the following families were found: Arial, Liberation Sans, Bitstream Vera Sans, sans-serif
2025-08-19 17:54:07,514:WARNING:findfont: Generic family 'sans-serif' not found because none of the following families were found: Arial, Liberation Sans, Bitstream Vera Sans, sans-serif
2025-08-19 17:54:07,514:WARNING:findfont: Generic family 'sans-serif' not found because none of the following families were found: Arial, Liberation Sans, Bitstream Vera Sans, sans-serif
2025-08-19 17:54:07,515:WARNING:findfont: Generic family 'sans-serif' not found because none of the following families were found: Arial, Liberation Sans, Bitstream Vera Sans, sans-serif
2025-08-19 17:54:07,515:WARNING:findfont: Generic family 'sans-serif' not found because none of the following families were found: Arial, Liberation Sans, Bitstream Vera Sans, sans-serif
2025-08-19 17:54:07,515:WARNING:findfont: Generic family 'sans-serif' not found because none of the following families were found: Arial, Liberation Sans, Bitstream Vera Sans, sans-serif
2025-08-19 17:54:07,516:WARNING:findfont: Generic family 'sans-serif' not found because none of the following families were found: Arial, Liberation Sans, Bitstream Vera Sans, sans-serif
2025-08-19 17:54:07,517:WARNING:findfont: Generic family 'sans-serif' not found because none of the following families were found: Arial, Liberation Sans, Bitstream Vera Sans, sans-serif
2025-08-19 17:54:07,517:WARNING:findfont: Generic family 'sans-serif' not found because none of the following families were found: Arial, Liberation Sans, Bitstream Vera Sans, sans-serif
2025-08-19 17:54:07,518:WARNING:findfont: Generic family 'sans-serif' not found because none of the following families were found: Arial, Liberation Sans, Bitstream Vera Sans, sans-serif
2025-08-19 17:54:07,519:WARNING:findfont: Generic family 'sans-serif' not found because none of the following families were found: Arial, Liberation Sans, Bitstream Vera Sans, sans-serif
2025-08-19 17:54:07,520:WARNING:findfont: Generic family 'sans-serif' not found because none of the following families were found: Arial, Liberation Sans, Bitstream Vera Sans, sans-serif
2025-08-19 17:54:07,521:WARNING:findfont: Generic family 'sans-serif' not found because none of the following families were found: Arial, Liberation Sans, Bitstream Vera Sans, sans-serif
2025-08-19 17:54:07,521:WARNING:findfont: Generic family 'sans-serif' not found because none of the following families were found: Arial, Liberation Sans, Bitstream Vera Sans, sans-serif
2025-08-19 17:54:07,522:WARNING:findfont: Generic family 'sans-serif' not found because none of the following families were found: Arial, Liberation Sans, Bitstream Vera Sans, sans-serif
2025-08-19 17:54:07,526:WARNING:findfont: Generic family 'sans-serif' not found because none of the following families were found: Arial, Liberation Sans, Bitstream Vera Sans, sans-serif
2025-08-19 17:54:07,527:WARNING:findfont: Generic family 'sans-serif' not found because none of the following families were found: Arial, Liberation Sans, Bitstream Vera Sans, sans-serif
2025-08-19 17:54:07,529:WARNING:findfont: Generic family 'sans-serif' not found because none of the following families were found: Arial, Liberation Sans, Bitstream Vera Sans, sans-serif
2025-08-19 17:54:07,531:WARNING:findfont: Generic family 'sans-serif' not found because none of the following families were found: Arial, Liberation Sans, Bitstream Vera Sans, sans-serif
2025-08-19 17:54:07,532:WARNING:findfont: Generic family 'sans-serif' not found because none of the following families were found: Arial, Liberation Sans, Bitstream Vera Sans, sans-serif
2025-08-19 17:54:07,533:WARNING:findfont: Generic family 'sans-serif' not found because none of the following families were found: Arial, Liberation Sans, Bitstream Vera Sans, sans-serif
2025-08-19 17:54:07,534:WARNING:findfont: Generic family 'sans-serif' not found because none of the following families were found: Arial, Liberation Sans, Bitstream Vera Sans, sans-serif
2025-08-19 17:54:07,535:WARNING:findfont: Generic family 'sans-serif' not found because none of the following families were found: Arial, Liberation Sans, Bitstream Vera Sans, sans-serif
2025-08-19 17:54:07,536:WARNING:findfont: Generic family 'sans-serif' not found because none of the following families were found: Arial, Liberation Sans, Bitstream Vera Sans, sans-serif
2025-08-19 17:54:07,537:WARNING:findfont: Generic family 'sans-serif' not found because none of the following families were found: Arial, Liberation Sans, Bitstream Vera Sans, sans-serif
2025-08-19 17:54:07,538:WARNING:findfont: Generic family 'sans-serif' not found because none of the following families were found: Arial, Liberation Sans, Bitstream Vera Sans, sans-serif
2025-08-19 17:54:07,538:WARNING:findfont: Generic family 'sans-serif' not found because none of the following families were found: Arial, Liberation Sans, Bitstream Vera Sans, sans-serif
2025-08-19 17:54:07,541:WARNING:findfont: Generic family 'sans-serif' not found because none of the following families were found: Arial, Liberation Sans, Bitstream Vera Sans, sans-serif
2025-08-19 17:54:07,543:WARNING:findfont: Generic family 'sans-serif' not found because none of the following families were found: Arial, Liberation Sans, Bitstream Vera Sans, sans-serif
2025-08-19 17:54:07,544:INFO:Visual Rendered Successfully
2025-08-19 17:54:07,728:INFO:plot_model() successfully completed......................................
2025-08-19 17:54:07,735:INFO:Initializing save_model()
2025-08-19 17:54:07,735:INFO:save_model(model=Pipeline(memory=Memory(location=None),
         steps=[('numerical_imputer',
                 TransformerWrapper(exclude=None,
                                    include=['having_IP_Address', 'URL_Length',
                                             'Shortining_Service',
                                             'having_At_Symbol',
                                             'double_slash_redirecting',
                                             'Prefix_Suffix',
                                             'having_Sub_Domain',
                                             'SSLfinal_State', 'URL_of_Anchor',
                                             'Links_in_tags', 'SFH',
                                             'Abnormal_URL',
                                             'has_political_keyword'],
                                    transformer=...
                 RandomForestClassifier(bootstrap=True, ccp_alpha=0.0,
                                        class_weight=None, criterion='gini',
                                        max_depth=None, max_features='sqrt',
                                        max_leaf_nodes=None, max_samples=None,
                                        min_impurity_decrease=0.0,
                                        min_samples_leaf=1, min_samples_split=2,
                                        min_weight_fraction_leaf=0.0,
                                        monotonic_cst=None, n_estimators=100,
                                        n_jobs=-1, oob_score=False,
                                        random_state=42, verbose=0,
                                        warm_start=False))],
         verbose=False), model_name=models/phishing_url_detector, prep_pipe_=Pipeline(memory=FastMemory(location=/tmp/joblib),
         steps=[('numerical_imputer',
                 TransformerWrapper(exclude=None,
                                    include=['having_IP_Address', 'URL_Length',
                                             'Shortining_Service',
                                             'having_At_Symbol',
                                             'double_slash_redirecting',
                                             'Prefix_Suffix',
                                             'having_Sub_Domain',
                                             'SSLfinal_State', 'URL_of_Anchor',
                                             'Links_in_tags', 'SFH',
                                             'Abnormal_URL',
                                             'has_political_keyword'],
                                    t...SimpleImputer(add_indicator=False,
                                                              copy=True,
                                                              fill_value=None,
                                                              keep_empty_features=False,
                                                              missing_values=nan,
                                                              strategy='mean'))),
                ('categorical_imputer',
                 TransformerWrapper(exclude=None, include=[],
                                    transformer=SimpleImputer(add_indicator=False,
                                                              copy=True,
                                                              fill_value=None,
                                                              keep_empty_features=False,
                                                              missing_values=nan,
                                                              strategy='most_frequent')))],
         verbose=False), verbose=True, use_case=MLUsecase.CLASSIFICATION, kwargs={})
2025-08-19 17:54:07,735:INFO:Adding model into prep_pipe
2025-08-19 17:54:07,735:WARNING:Only Model saved as it was a pipeline.
2025-08-19 17:54:07,763:INFO:models/phishing_url_detector.pkl saved in current working directory
2025-08-19 17:54:07,767:INFO:Pipeline(memory=Memory(location=None),
         steps=[('numerical_imputer',
                 TransformerWrapper(exclude=None,
                                    include=['having_IP_Address', 'URL_Length',
                                             'Shortining_Service',
                                             'having_At_Symbol',
                                             'double_slash_redirecting',
                                             'Prefix_Suffix',
                                             'having_Sub_Domain',
                                             'SSLfinal_State', 'URL_of_Anchor',
                                             'Links_in_tags', 'SFH',
                                             'Abnormal_URL',
                                             'has_political_keyword'],
                                    transformer=...
                 RandomForestClassifier(bootstrap=True, ccp_alpha=0.0,
                                        class_weight=None, criterion='gini',
                                        max_depth=None, max_features='sqrt',
                                        max_leaf_nodes=None, max_samples=None,
                                        min_impurity_decrease=0.0,
                                        min_samples_leaf=1, min_samples_split=2,
                                        min_weight_fraction_leaf=0.0,
                                        monotonic_cst=None, n_estimators=100,
                                        n_jobs=-1, oob_score=False,
                                        random_state=42, verbose=0,
                                        warm_start=False))],
         verbose=False)
2025-08-19 17:54:07,767:INFO:save_model() successfully completed......................................
2025-08-19 17:54:07,970:INFO:PyCaret ClusteringExperiment
2025-08-19 17:54:07,970:INFO:Logging name: cluster-default-name
2025-08-19 17:54:07,970:INFO:ML Usecase: MLUsecase.CLUSTERING
2025-08-19 17:54:07,970:INFO:version 3.3.2
2025-08-19 17:54:07,970:INFO:Initializing setup()
2025-08-19 17:54:07,970:INFO:self.USI: 8d9b
2025-08-19 17:54:07,970:INFO:self._variable_keys: {'exp_id', 'log_plots_param', 'n_jobs_param', 'pipeline', '_ml_usecase', 'X', '_available_plots', 'memory', 'idx', 'logging_param', 'gpu_n_jobs_param', 'USI', 'exp_name_log', 'seed', 'html_param', 'data', 'gpu_param'}
2025-08-19 17:54:07,970:INFO:Checking environment
2025-08-19 17:54:07,970:INFO:python_version: 3.11.13
2025-08-19 17:54:07,970:INFO:python_build: ('main', 'Aug 12 2025 22:45:40')
2025-08-19 17:54:07,970:INFO:machine: x86_64
2025-08-19 17:54:07,970:INFO:platform: Linux-6.14.0-1011-aws-x86_64-with-glibc2.41
2025-08-19 17:54:07,970:INFO:Memory: svmem(total=2003546112, available=806289408, percent=59.8, used=1006227456, free=65744896, active=1289433088, inactive=440553472, buffers=30478336, cached=901095424, shared=2977792, slab=119533568)
2025-08-19 17:54:07,971:INFO:Physical Core: 1
2025-08-19 17:54:07,971:INFO:Logical Core: 2
2025-08-19 17:54:07,971:INFO:Checking libraries
2025-08-19 17:54:07,971:INFO:System:
2025-08-19 17:54:07,971:INFO:    python: 3.11.13 (main, Aug 12 2025, 22:45:40) [GCC 14.2.0]
2025-08-19 17:54:07,971:INFO:executable: /usr/local/bin/python
2025-08-19 17:54:07,971:INFO:   machine: Linux-6.14.0-1011-aws-x86_64-with-glibc2.41
2025-08-19 17:54:07,971:INFO:PyCaret required dependencies:
2025-08-19 17:54:07,971:INFO:                 pip: 24.0
2025-08-19 17:54:07,971:INFO:          setuptools: 80.9.0
2025-08-19 17:54:07,971:INFO:             pycaret: 3.3.2
2025-08-19 17:54:07,971:INFO:             IPython: 9.4.0
2025-08-19 17:54:07,971:INFO:          ipywidgets: 8.1.7
2025-08-19 17:54:07,971:INFO:                tqdm: 4.67.1
2025-08-19 17:54:07,971:INFO:               numpy: 1.26.4
2025-08-19 17:54:07,971:INFO:              pandas: 2.1.4
2025-08-19 17:54:07,971:INFO:              jinja2: 3.1.6
2025-08-19 17:54:07,971:INFO:               scipy: 1.11.4
2025-08-19 17:54:07,971:INFO:              joblib: 1.3.2
2025-08-19 17:54:07,971:INFO:             sklearn: 1.4.2
2025-08-19 17:54:07,971:INFO:                pyod: 2.0.5
2025-08-19 17:54:07,971:INFO:            imblearn: 0.14.0
2025-08-19 17:54:07,971:INFO:   category_encoders: 2.7.0
2025-08-19 17:54:07,971:INFO:            lightgbm: 4.6.0
2025-08-19 17:54:07,971:INFO:               numba: 0.61.0
2025-08-19 17:54:07,971:INFO:            requests: 2.32.4
2025-08-19 17:54:07,971:INFO:          matplotlib: 3.7.5
2025-08-19 17:54:07,971:INFO:          scikitplot: 0.3.7
2025-08-19 17:54:07,971:INFO:         yellowbrick: 1.5
2025-08-19 17:54:07,971:INFO:              plotly: 5.24.1
2025-08-19 17:54:07,971:INFO:    plotly-resampler: Not installed
2025-08-19 17:54:07,971:INFO:             kaleido: 1.0.0
2025-08-19 17:54:07,971:INFO:           schemdraw: 0.15
2025-08-19 17:54:07,971:INFO:         statsmodels: 0.14.5
2025-08-19 17:54:07,971:INFO:              sktime: 0.26.0
2025-08-19 17:54:07,971:INFO:               tbats: 1.1.3
2025-08-19 17:54:07,971:INFO:            pmdarima: 2.0.4
2025-08-19 17:54:07,971:INFO:              psutil: 7.0.0
2025-08-19 17:54:07,971:INFO:          markupsafe: 3.0.2
2025-08-19 17:54:07,971:INFO:             pickle5: Not installed
2025-08-19 17:54:07,971:INFO:         cloudpickle: 3.1.1
2025-08-19 17:54:07,971:INFO:         deprecation: 2.1.0
2025-08-19 17:54:07,971:INFO:              xxhash: 3.5.0
2025-08-19 17:54:07,971:INFO:           wurlitzer: 3.1.1
2025-08-19 17:54:07,971:INFO:PyCaret optional dependencies:
2025-08-19 17:54:07,971:INFO:                shap: 0.44.1
2025-08-19 17:54:07,971:INFO:           interpret: 0.7.2
2025-08-19 17:54:07,971:INFO:                umap: 0.5.7
2025-08-19 17:54:07,971:INFO:     ydata_profiling: 4.16.1
2025-08-19 17:54:07,971:INFO:  explainerdashboard: 0.5.1
2025-08-19 17:54:07,972:INFO:             autoviz: Not installed
2025-08-19 17:54:07,972:INFO:           fairlearn: 0.7.0
2025-08-19 17:54:07,972:INFO:          deepchecks: Not installed
2025-08-19 17:54:07,972:INFO:             xgboost: 3.0.4
2025-08-19 17:54:07,972:INFO:            catboost: 1.2.8
2025-08-19 17:54:07,972:INFO:              kmodes: 0.12.2
2025-08-19 17:54:07,972:INFO:             mlxtend: 0.23.4
2025-08-19 17:54:07,972:INFO:       statsforecast: 1.5.0
2025-08-19 17:54:07,972:INFO:        tune_sklearn: Not installed
2025-08-19 17:54:07,972:INFO:                 ray: Not installed
2025-08-19 17:54:07,972:INFO:            hyperopt: 0.2.7
2025-08-19 17:54:07,972:INFO:              optuna: 4.5.0
2025-08-19 17:54:07,972:INFO:               skopt: 0.10.2
2025-08-19 17:54:07,972:INFO:              mlflow: 3.2.0
2025-08-19 17:54:07,972:INFO:              gradio: 5.42.0
2025-08-19 17:54:07,972:INFO:             fastapi: 0.116.1
2025-08-19 17:54:07,972:INFO:             uvicorn: 0.35.0
2025-08-19 17:54:07,972:INFO:              m2cgen: 0.10.0
2025-08-19 17:54:07,972:INFO:           evidently: 0.4.40
2025-08-19 17:54:07,972:INFO:               fugue: 0.8.7
2025-08-19 17:54:07,972:INFO:           streamlit: 1.48.1
2025-08-19 17:54:07,972:INFO:             prophet: Not installed
2025-08-19 17:54:07,972:INFO:None
2025-08-19 17:54:07,972:INFO:Set up data.
2025-08-19 17:54:07,975:INFO:Set up index.
2025-08-19 17:54:07,975:INFO:Assigning column types.
2025-08-19 17:54:07,977:INFO:Engine successfully changes for model 'kmeans' to 'sklearn'.
2025-08-19 17:54:07,977:INFO:Engine for model 'dbscan' has not been set explicitly, hence returning None.
2025-08-19 17:54:07,977:INFO:Soft dependency imported: kmodes: 0.12.2
2025-08-19 17:54:07,982:INFO:Engine for model 'dbscan' has not been set explicitly, hence returning None.
2025-08-19 17:54:07,982:INFO:Soft dependency imported: kmodes: 0.12.2
2025-08-19 17:54:07,982:INFO:Engine successfully changes for model 'dbscan' to 'sklearn'.
2025-08-19 17:54:07,982:INFO:Soft dependency imported: kmodes: 0.12.2
2025-08-19 17:54:07,983:INFO:Soft dependency imported: kmodes: 0.12.2
2025-08-19 17:54:07,983:INFO:Preparing preprocessing pipeline...
2025-08-19 17:54:07,983:INFO:Set up simple imputation.
2025-08-19 17:54:07,983:INFO:Set up feature normalization.
2025-08-19 17:54:07,998:INFO:Finished creating preprocessing pipeline.
2025-08-19 17:54:08,002:INFO:Pipeline: Pipeline(memory=FastMemory(location=/tmp/joblib),
         steps=[('numerical_imputer',
                 TransformerWrapper(exclude=None,
                                    include=['having_IP_Address', 'URL_Length',
                                             'Shortining_Service',
                                             'having_At_Symbol',
                                             'double_slash_redirecting',
                                             'Prefix_Suffix',
                                             'having_Sub_Domain',
                                             'SSLfinal_State', 'URL_of_Anchor',
                                             'Links_in_tags', 'SFH',
                                             'Abnormal_URL',
                                             'has_political_keyword'],
                                    t...
                ('categorical_imputer',
                 TransformerWrapper(exclude=None, include=[],
                                    transformer=SimpleImputer(add_indicator=False,
                                                              copy=True,
                                                              fill_value=None,
                                                              keep_empty_features=False,
                                                              missing_values=nan,
                                                              strategy='most_frequent'))),
                ('normalize',
                 TransformerWrapper(exclude=None, include=None,
                                    transformer=StandardScaler(copy=True,
                                                               with_mean=True,
                                                               with_std=True)))],
         verbose=False)
2025-08-19 17:54:08,002:INFO:Creating final display dataframe.
2025-08-19 17:54:08,022:INFO:Setup _display_container:                Description                 Value
0               Session id                    42
1      Original data shape             (498, 13)
2   Transformed data shape             (498, 13)
3         Numeric features                    13
4               Preprocess                  True
5          Imputation type                simple
6       Numeric imputation                  mean
7   Categorical imputation                  mode
8                Normalize                  True
9         Normalize method                zscore
10                CPU Jobs                    -1
11                 Use GPU                 False
12          Log Experiment                 False
13         Experiment Name  cluster-default-name
14                     USI                  8d9b
2025-08-19 17:54:08,022:INFO:Soft dependency imported: kmodes: 0.12.2
2025-08-19 17:54:08,022:INFO:Soft dependency imported: kmodes: 0.12.2
2025-08-19 17:54:08,022:INFO:setup() successfully completed in 0.05s...............
2025-08-19 17:54:08,022:INFO:Initializing create_model()
2025-08-19 17:54:08,022:INFO:create_model(self=<pycaret.clustering.oop.ClusteringExperiment object at 0x741429765510>, estimator=kmeans, num_clusters=3, fraction=0.05, ground_truth=None, round=4, fit_kwargs=None, experiment_custom_tags=None, verbose=True, system=True, add_to_model_list=True, raise_num_clusters=False, display=None, kwargs={})
2025-08-19 17:54:08,023:INFO:Checking exceptions
2025-08-19 17:54:08,039:INFO:Importing untrained model
2025-08-19 17:54:08,039:INFO:K-Means Clustering Imported successfully
2025-08-19 17:54:08,040:INFO:Fitting Model
2025-08-19 17:54:08,076:INFO:KMeans(algorithm='lloyd', copy_x=True, init='k-means++', max_iter=300,
       n_clusters=3, n_init='auto', random_state=42, tol=0.0001, verbose=0)
2025-08-19 17:54:08,076:INFO:create_models() successfully completed......................................
2025-08-19 17:54:08,077:INFO:Uploading results into container
2025-08-19 17:54:08,080:INFO:Uploading model into container now
2025-08-19 17:54:08,103:INFO:_master_model_container: 1
2025-08-19 17:54:08,103:INFO:_display_container: 2
2025-08-19 17:54:08,104:INFO:KMeans(algorithm='lloyd', copy_x=True, init='k-means++', max_iter=300,
       n_clusters=3, n_init='auto', random_state=42, tol=0.0001, verbose=0)
2025-08-19 17:54:08,104:INFO:create_model() successfully completed......................................
2025-08-19 17:54:08,326:INFO:Initializing plot_model()
2025-08-19 17:54:08,326:INFO:plot_model(self=<pycaret.clustering.oop.ClusteringExperiment object at 0x741429765510>, estimator=KMeans(algorithm='lloyd', copy_x=True, init='k-means++', max_iter=300,
       n_clusters=3, n_init='auto', random_state=42, tol=0.0001, verbose=0), plot=silhouette, scale=1, save=True, fold=None, fit_kwargs=None, plot_kwargs=None, groups=None, feature_name=None, label=False, verbose=True, system=True, display=None, display_format=None)
2025-08-19 17:54:08,326:INFO:Checking exceptions
2025-08-19 17:54:08,327:INFO:Preloading libraries
2025-08-19 17:54:08,327:INFO:Copying training dataset
2025-08-19 17:54:08,327:INFO:Plot type: silhouette
2025-08-19 17:54:08,373:INFO:Fitting Model
2025-08-19 17:54:08,374:WARNING:/usr/local/lib/python3.11/site-packages/sklearn/base.py:493: UserWarning: X does not have valid feature names, but KMeans was fitted with feature names

2025-08-19 17:54:08,400:INFO:Saving 'Silhouette Plot.png'
2025-08-19 17:54:08,404:WARNING:findfont: Generic family 'sans-serif' not found because none of the following families were found: Arial, Liberation Sans, Bitstream Vera Sans, sans-serif
2025-08-19 17:54:08,405:WARNING:findfont: Generic family 'sans-serif' not found because none of the following families were found: Arial, Liberation Sans, Bitstream Vera Sans, sans-serif
2025-08-19 17:54:08,405:WARNING:findfont: Generic family 'sans-serif' not found because none of the following families were found: Arial, Liberation Sans, Bitstream Vera Sans, sans-serif
2025-08-19 17:54:08,405:WARNING:findfont: Generic family 'sans-serif' not found because none of the following families were found: Arial, Liberation Sans, Bitstream Vera Sans, sans-serif
2025-08-19 17:54:08,407:WARNING:findfont: Generic family 'sans-serif' not found because none of the following families were found: Arial, Liberation Sans, Bitstream Vera Sans, sans-serif
2025-08-19 17:54:08,407:WARNING:findfont: Generic family 'sans-serif' not found because none of the following families were found: Arial, Liberation Sans, Bitstream Vera Sans, sans-serif
2025-08-19 17:54:08,408:WARNING:findfont: Generic family 'sans-serif' not found because none of the following families were found: Arial, Liberation Sans, Bitstream Vera Sans, sans-serif
2025-08-19 17:54:08,408:WARNING:findfont: Generic family 'sans-serif' not found because none of the following families were found: Arial, Liberation Sans, Bitstream Vera Sans, sans-serif
2025-08-19 17:54:08,417:WARNING:findfont: Generic family 'sans-serif' not found because none of the following families were found: Arial, Liberation Sans, Bitstream Vera Sans, sans-serif
2025-08-19 17:54:08,417:WARNING:findfont: Generic family 'sans-serif' not found because none of the following families were found: Arial, Liberation Sans, Bitstream Vera Sans, sans-serif
2025-08-19 17:54:08,418:WARNING:findfont: Generic family 'sans-serif' not found because none of the following families were found: Arial, Liberation Sans, Bitstream Vera Sans, sans-serif
2025-08-19 17:54:08,418:WARNING:findfont: Generic family 'sans-serif' not found because none of the following families were found: Arial, Liberation Sans, Bitstream Vera Sans, sans-serif
2025-08-19 17:54:08,418:WARNING:findfont: Generic family 'sans-serif' not found because none of the following families were found: Arial, Liberation Sans, Bitstream Vera Sans, sans-serif
2025-08-19 17:54:08,419:WARNING:findfont: Generic family 'sans-serif' not found because none of the following families were found: Arial, Liberation Sans, Bitstream Vera Sans, sans-serif
2025-08-19 17:54:08,419:WARNING:findfont: Generic family 'sans-serif' not found because none of the following families were found: Arial, Liberation Sans, Bitstream Vera Sans, sans-serif
2025-08-19 17:54:08,419:WARNING:findfont: Generic family 'sans-serif' not found because none of the following families were found: Arial, Liberation Sans, Bitstream Vera Sans, sans-serif
2025-08-19 17:54:08,425:WARNING:findfont: Generic family 'sans-serif' not found because none of the following families were found: Arial, Liberation Sans, Bitstream Vera Sans, sans-serif
2025-08-19 17:54:08,431:WARNING:findfont: Generic family 'sans-serif' not found because none of the following families were found: Arial, Liberation Sans, Bitstream Vera Sans, sans-serif
2025-08-19 17:54:08,431:WARNING:findfont: Generic family 'sans-serif' not found because none of the following families were found: Arial, Liberation Sans, Bitstream Vera Sans, sans-serif
2025-08-19 17:54:08,433:WARNING:findfont: Generic family 'sans-serif' not found because none of the following families were found: Arial, Liberation Sans, Bitstream Vera Sans, sans-serif
2025-08-19 17:54:08,434:WARNING:findfont: Generic family 'sans-serif' not found because none of the following families were found: Arial, Liberation Sans, Bitstream Vera Sans, sans-serif
2025-08-19 17:54:08,434:WARNING:findfont: Generic family 'sans-serif' not found because none of the following families were found: Arial, Liberation Sans, Bitstream Vera Sans, sans-serif
2025-08-19 17:54:08,435:WARNING:findfont: Generic family 'sans-serif' not found because none of the following families were found: Arial, Liberation Sans, Bitstream Vera Sans, sans-serif
2025-08-19 17:54:08,446:WARNING:findfont: Generic family 'sans-serif' not found because none of the following families were found: Arial, Liberation Sans, Bitstream Vera Sans, sans-serif
2025-08-19 17:54:08,450:WARNING:findfont: Generic family 'sans-serif' not found because none of the following families were found: Arial, Liberation Sans, Bitstream Vera Sans, sans-serif
2025-08-19 17:54:08,461:WARNING:findfont: Generic family 'sans-serif' not found because none of the following families were found: Arial, Liberation Sans, Bitstream Vera Sans, sans-serif
2025-08-19 17:54:08,466:WARNING:findfont: Generic family 'sans-serif' not found because none of the following families were found: Arial, Liberation Sans, Bitstream Vera Sans, sans-serif
2025-08-19 17:54:08,466:WARNING:findfont: Generic family 'sans-serif' not found because none of the following families were found: Arial, Liberation Sans, Bitstream Vera Sans, sans-serif
2025-08-19 17:54:08,466:WARNING:findfont: Generic family 'sans-serif' not found because none of the following families were found: Arial, Liberation Sans, Bitstream Vera Sans, sans-serif
2025-08-19 17:54:08,466:WARNING:findfont: Generic family 'sans-serif' not found because none of the following families were found: Arial, Liberation Sans, Bitstream Vera Sans, sans-serif
2025-08-19 17:54:08,468:WARNING:findfont: Generic family 'sans-serif' not found because none of the following families were found: Arial, Liberation Sans, Bitstream Vera Sans, sans-serif
2025-08-19 17:54:08,468:WARNING:findfont: Generic family 'sans-serif' not found because none of the following families were found: Arial, Liberation Sans, Bitstream Vera Sans, sans-serif
2025-08-19 17:54:08,468:WARNING:findfont: Generic family 'sans-serif' not found because none of the following families were found: Arial, Liberation Sans, Bitstream Vera Sans, sans-serif
2025-08-19 17:54:08,469:WARNING:findfont: Generic family 'sans-serif' not found because none of the following families were found: Arial, Liberation Sans, Bitstream Vera Sans, sans-serif
2025-08-19 17:54:08,472:WARNING:findfont: Generic family 'sans-serif' not found because none of the following families were found: Arial, Liberation Sans, Bitstream Vera Sans, sans-serif
2025-08-19 17:54:08,472:WARNING:findfont: Generic family 'sans-serif' not found because none of the following families were found: Arial, Liberation Sans, Bitstream Vera Sans, sans-serif
2025-08-19 17:54:08,472:WARNING:findfont: Generic family 'sans-serif' not found because none of the following families were found: Arial, Liberation Sans, Bitstream Vera Sans, sans-serif
2025-08-19 17:54:08,473:WARNING:findfont: Generic family 'sans-serif' not found because none of the following families were found: Arial, Liberation Sans, Bitstream Vera Sans, sans-serif
2025-08-19 17:54:08,473:WARNING:findfont: Generic family 'sans-serif' not found because none of the following families were found: Arial, Liberation Sans, Bitstream Vera Sans, sans-serif
2025-08-19 17:54:08,473:WARNING:findfont: Generic family 'sans-serif' not found because none of the following families were found: Arial, Liberation Sans, Bitstream Vera Sans, sans-serif
2025-08-19 17:54:08,474:WARNING:findfont: Generic family 'sans-serif' not found because none of the following families were found: Arial, Liberation Sans, Bitstream Vera Sans, sans-serif
2025-08-19 17:54:08,474:WARNING:findfont: Generic family 'sans-serif' not found because none of the following families were found: Arial, Liberation Sans, Bitstream Vera Sans, sans-serif
2025-08-19 17:54:08,475:WARNING:findfont: Generic family 'sans-serif' not found because none of the following families were found: Arial, Liberation Sans, Bitstream Vera Sans, sans-serif
2025-08-19 17:54:08,476:WARNING:findfont: Generic family 'sans-serif' not found because none of the following families were found: Arial, Liberation Sans, Bitstream Vera Sans, sans-serif
2025-08-19 17:54:08,477:WARNING:findfont: Generic family 'sans-serif' not found because none of the following families were found: Arial, Liberation Sans, Bitstream Vera Sans, sans-serif
2025-08-19 17:54:08,477:WARNING:findfont: Generic family 'sans-serif' not found because none of the following families were found: Arial, Liberation Sans, Bitstream Vera Sans, sans-serif
2025-08-19 17:54:08,478:WARNING:findfont: Generic family 'sans-serif' not found because none of the following families were found: Arial, Liberation Sans, Bitstream Vera Sans, sans-serif
2025-08-19 17:54:08,479:WARNING:findfont: Generic family 'sans-serif' not found because none of the following families were found: Arial, Liberation Sans, Bitstream Vera Sans, sans-serif
2025-08-19 17:54:08,480:WARNING:findfont: Generic family 'sans-serif' not found because none of the following families were found: Arial, Liberation Sans, Bitstream Vera Sans, sans-serif
2025-08-19 17:54:08,480:WARNING:findfont: Generic family 'sans-serif' not found because none of the following families were found: Arial, Liberation Sans, Bitstream Vera Sans, sans-serif
2025-08-19 17:54:08,483:WARNING:findfont: Generic family 'sans-serif' not found because none of the following families were found: Arial, Liberation Sans, Bitstream Vera Sans, sans-serif
2025-08-19 17:54:08,484:WARNING:findfont: Generic family 'sans-serif' not found because none of the following families were found: Arial, Liberation Sans, Bitstream Vera Sans, sans-serif
2025-08-19 17:54:08,486:WARNING:findfont: Generic family 'sans-serif' not found because none of the following families were found: Arial, Liberation Sans, Bitstream Vera Sans, sans-serif
2025-08-19 17:54:08,487:WARNING:findfont: Generic family 'sans-serif' not found because none of the following families were found: Arial, Liberation Sans, Bitstream Vera Sans, sans-serif
2025-08-19 17:54:08,488:WARNING:findfont: Generic family 'sans-serif' not found because none of the following families were found: Arial, Liberation Sans, Bitstream Vera Sans, sans-serif
2025-08-19 17:54:08,489:WARNING:findfont: Generic family 'sans-serif' not found because none of the following families were found: Arial, Liberation Sans, Bitstream Vera Sans, sans-serif
2025-08-19 17:54:08,494:WARNING:findfont: Generic family 'sans-serif' not found because none of the following families were found: Arial, Liberation Sans, Bitstream Vera Sans, sans-serif
2025-08-19 17:54:08,495:WARNING:findfont: Generic family 'sans-serif' not found because none of the following families were found: Arial, Liberation Sans, Bitstream Vera Sans, sans-serif
2025-08-19 17:54:08,496:WARNING:findfont: Generic family 'sans-serif' not found because none of the following families were found: Arial, Liberation Sans, Bitstream Vera Sans, sans-serif
2025-08-19 17:54:08,497:WARNING:findfont: Generic family 'sans-serif' not found because none of the following families were found: Arial, Liberation Sans, Bitstream Vera Sans, sans-serif
2025-08-19 17:54:08,498:WARNING:findfont: Generic family 'sans-serif' not found because none of the following families were found: Arial, Liberation Sans, Bitstream Vera Sans, sans-serif
2025-08-19 17:54:08,498:WARNING:findfont: Generic family 'sans-serif' not found because none of the following families were found: Arial, Liberation Sans, Bitstream Vera Sans, sans-serif
2025-08-19 17:54:08,499:WARNING:findfont: Generic family 'sans-serif' not found because none of the following families were found: Arial, Liberation Sans, Bitstream Vera Sans, sans-serif
2025-08-19 17:54:08,500:WARNING:findfont: Generic family 'sans-serif' not found because none of the following families were found: Arial, Liberation Sans, Bitstream Vera Sans, sans-serif
2025-08-19 17:54:08,524:WARNING:findfont: Generic family 'sans-serif' not found because none of the following families were found: Arial, Liberation Sans, Bitstream Vera Sans, sans-serif
2025-08-19 17:54:08,524:WARNING:findfont: Generic family 'sans-serif' not found because none of the following families were found: Arial, Liberation Sans, Bitstream Vera Sans, sans-serif
2025-08-19 17:54:08,524:WARNING:findfont: Generic family 'sans-serif' not found because none of the following families were found: Arial, Liberation Sans, Bitstream Vera Sans, sans-serif
2025-08-19 17:54:08,525:WARNING:findfont: Generic family 'sans-serif' not found because none of the following families were found: Arial, Liberation Sans, Bitstream Vera Sans, sans-serif
2025-08-19 17:54:08,526:WARNING:findfont: Generic family 'sans-serif' not found because none of the following families were found: Arial, Liberation Sans, Bitstream Vera Sans, sans-serif
2025-08-19 17:54:08,526:WARNING:findfont: Generic family 'sans-serif' not found because none of the following families were found: Arial, Liberation Sans, Bitstream Vera Sans, sans-serif
2025-08-19 17:54:08,527:WARNING:findfont: Generic family 'sans-serif' not found because none of the following families were found: Arial, Liberation Sans, Bitstream Vera Sans, sans-serif
2025-08-19 17:54:08,527:WARNING:findfont: Generic family 'sans-serif' not found because none of the following families were found: Arial, Liberation Sans, Bitstream Vera Sans, sans-serif
2025-08-19 17:54:08,530:WARNING:findfont: Generic family 'sans-serif' not found because none of the following families were found: Arial, Liberation Sans, Bitstream Vera Sans, sans-serif
2025-08-19 17:54:08,530:WARNING:findfont: Generic family 'sans-serif' not found because none of the following families were found: Arial, Liberation Sans, Bitstream Vera Sans, sans-serif
2025-08-19 17:54:08,531:WARNING:findfont: Generic family 'sans-serif' not found because none of the following families were found: Arial, Liberation Sans, Bitstream Vera Sans, sans-serif
2025-08-19 17:54:08,531:WARNING:findfont: Generic family 'sans-serif' not found because none of the following families were found: Arial, Liberation Sans, Bitstream Vera Sans, sans-serif
2025-08-19 17:54:08,532:WARNING:findfont: Generic family 'sans-serif' not found because none of the following families were found: Arial, Liberation Sans, Bitstream Vera Sans, sans-serif
2025-08-19 17:54:08,532:WARNING:findfont: Generic family 'sans-serif' not found because none of the following families were found: Arial, Liberation Sans, Bitstream Vera Sans, sans-serif
2025-08-19 17:54:08,532:WARNING:findfont: Generic family 'sans-serif' not found because none of the following families were found: Arial, Liberation Sans, Bitstream Vera Sans, sans-serif
2025-08-19 17:54:08,532:WARNING:findfont: Generic family 'sans-serif' not found because none of the following families were found: Arial, Liberation Sans, Bitstream Vera Sans, sans-serif
2025-08-19 17:54:08,533:WARNING:findfont: Generic family 'sans-serif' not found because none of the following families were found: Arial, Liberation Sans, Bitstream Vera Sans, sans-serif
2025-08-19 17:54:08,534:WARNING:findfont: Generic family 'sans-serif' not found because none of the following families were found: Arial, Liberation Sans, Bitstream Vera Sans, sans-serif
2025-08-19 17:54:08,535:WARNING:findfont: Generic family 'sans-serif' not found because none of the following families were found: Arial, Liberation Sans, Bitstream Vera Sans, sans-serif
2025-08-19 17:54:08,536:WARNING:findfont: Generic family 'sans-serif' not found because none of the following families were found: Arial, Liberation Sans, Bitstream Vera Sans, sans-serif
2025-08-19 17:54:08,537:WARNING:findfont: Generic family 'sans-serif' not found because none of the following families were found: Arial, Liberation Sans, Bitstream Vera Sans, sans-serif
2025-08-19 17:54:08,537:WARNING:findfont: Generic family 'sans-serif' not found because none of the following families were found: Arial, Liberation Sans, Bitstream Vera Sans, sans-serif
2025-08-19 17:54:08,538:WARNING:findfont: Generic family 'sans-serif' not found because none of the following families were found: Arial, Liberation Sans, Bitstream Vera Sans, sans-serif
2025-08-19 17:54:08,539:WARNING:findfont: Generic family 'sans-serif' not found because none of the following families were found: Arial, Liberation Sans, Bitstream Vera Sans, sans-serif
2025-08-19 17:54:08,542:WARNING:findfont: Generic family 'sans-serif' not found because none of the following families were found: Arial, Liberation Sans, Bitstream Vera Sans, sans-serif
2025-08-19 17:54:08,543:WARNING:findfont: Generic family 'sans-serif' not found because none of the following families were found: Arial, Liberation Sans, Bitstream Vera Sans, sans-serif
2025-08-19 17:54:08,545:WARNING:findfont: Generic family 'sans-serif' not found because none of the following families were found: Arial, Liberation Sans, Bitstream Vera Sans, sans-serif
2025-08-19 17:54:08,546:WARNING:findfont: Generic family 'sans-serif' not found because none of the following families were found: Arial, Liberation Sans, Bitstream Vera Sans, sans-serif
2025-08-19 17:54:08,546:WARNING:findfont: Generic family 'sans-serif' not found because none of the following families were found: Arial, Liberation Sans, Bitstream Vera Sans, sans-serif
2025-08-19 17:54:08,548:WARNING:findfont: Generic family 'sans-serif' not found because none of the following families were found: Arial, Liberation Sans, Bitstream Vera Sans, sans-serif
2025-08-19 17:54:08,552:WARNING:findfont: Generic family 'sans-serif' not found because none of the following families were found: Arial, Liberation Sans, Bitstream Vera Sans, sans-serif
2025-08-19 17:54:08,554:WARNING:findfont: Generic family 'sans-serif' not found because none of the following families were found: Arial, Liberation Sans, Bitstream Vera Sans, sans-serif
2025-08-19 17:54:08,554:WARNING:findfont: Generic family 'sans-serif' not found because none of the following families were found: Arial, Liberation Sans, Bitstream Vera Sans, sans-serif
2025-08-19 17:54:08,556:WARNING:findfont: Generic family 'sans-serif' not found because none of the following families were found: Arial, Liberation Sans, Bitstream Vera Sans, sans-serif
2025-08-19 17:54:08,557:WARNING:findfont: Generic family 'sans-serif' not found because none of the following families were found: Arial, Liberation Sans, Bitstream Vera Sans, sans-serif
2025-08-19 17:54:08,557:WARNING:findfont: Generic family 'sans-serif' not found because none of the following families were found: Arial, Liberation Sans, Bitstream Vera Sans, sans-serif
2025-08-19 17:54:08,557:WARNING:findfont: Generic family 'sans-serif' not found because none of the following families were found: Arial, Liberation Sans, Bitstream Vera Sans, sans-serif
2025-08-19 17:54:08,558:WARNING:findfont: Generic family 'sans-serif' not found because none of the following families were found: Arial, Liberation Sans, Bitstream Vera Sans, sans-serif
2025-08-19 17:54:08,576:INFO:Visual Rendered Successfully
2025-08-19 17:54:08,759:INFO:plot_model() successfully completed......................................
2025-08-19 17:54:08,760:INFO:Initializing assign_model()
2025-08-19 17:54:08,760:INFO:assign_model(self=<pycaret.clustering.oop.ClusteringExperiment object at 0x741429765510>, model=KMeans(algorithm='lloyd', copy_x=True, init='k-means++', max_iter=300,
       n_clusters=3, n_init='auto', random_state=42, tol=0.0001, verbose=0), transformation=False, score=True, verbose=True)
2025-08-19 17:54:08,760:INFO:Checking exceptions
2025-08-19 17:54:08,760:INFO:Determining Trained Model
2025-08-19 17:54:08,760:INFO:Trained Model : K-Means Clustering
2025-08-19 17:54:08,760:INFO:Copying data
2025-08-19 17:54:08,762:INFO:(498, 14)
2025-08-19 17:54:08,762:INFO:assign_model() successfully completed......................................
2025-08-19 17:54:08,777:INFO:Initializing save_model()
2025-08-19 17:54:08,777:INFO:save_model(model=KMeans(algorithm='lloyd', copy_x=True, init='k-means++', max_iter=300,
       n_clusters=3, n_init='auto', random_state=42, tol=0.0001, verbose=0), model_name=models/threat_actor_profiler, prep_pipe_=Pipeline(memory=FastMemory(location=/tmp/joblib),
         steps=[('numerical_imputer',
                 TransformerWrapper(exclude=None,
                                    include=['having_IP_Address', 'URL_Length',
                                             'Shortining_Service',
                                             'having_At_Symbol',
                                             'double_slash_redirecting',
                                             'Prefix_Suffix',
                                             'having_Sub_Domain',
                                             'SSLfinal_State', 'URL_of_Anchor',
                                             'Links_in_tags', 'SFH',
                                             'Abnormal_URL',
                                             'has_political_keyword'],
                                    t...
                ('categorical_imputer',
                 TransformerWrapper(exclude=None, include=[],
                                    transformer=SimpleImputer(add_indicator=False,
                                                              copy=True,
                                                              fill_value=None,
                                                              keep_empty_features=False,
                                                              missing_values=nan,
                                                              strategy='most_frequent'))),
                ('normalize',
                 TransformerWrapper(exclude=None, include=None,
                                    transformer=StandardScaler(copy=True,
                                                               with_mean=True,
                                                               with_std=True)))],
         verbose=False), verbose=True, use_case=MLUsecase.CLUSTERING, kwargs={})
2025-08-19 17:54:08,777:INFO:Adding model into prep_pipe
2025-08-19 17:54:08,780:INFO:models/threat_actor_profiler.pkl saved in current working directory
2025-08-19 17:54:08,784:INFO:Pipeline(memory=Memory(location=None),
         steps=[('numerical_imputer',
                 TransformerWrapper(exclude=None,
                                    include=['having_IP_Address', 'URL_Length',
                                             'Shortining_Service',
                                             'having_At_Symbol',
                                             'double_slash_redirecting',
                                             'Prefix_Suffix',
                                             'having_Sub_Domain',
                                             'SSLfinal_State', 'URL_of_Anchor',
                                             'Links_in_tags', 'SFH',
                                             'Abnormal_URL',
                                             'has_political_keyword'],
                                    transformer=...
                                                              keep_empty_features=False,
                                                              missing_values=nan,
                                                              strategy='most_frequent'))),
                ('normalize',
                 TransformerWrapper(exclude=None, include=None,
                                    transformer=StandardScaler(copy=True,
                                                               with_mean=True,
                                                               with_std=True))),
                ('trained_model',
                 KMeans(algorithm='lloyd', copy_x=True, init='k-means++',
                        max_iter=300, n_clusters=3, n_init='auto',
                        random_state=42, tol=0.0001, verbose=0))],
         verbose=False)
2025-08-19 17:54:08,784:INFO:save_model() successfully completed......................................
2025-08-19 17:56:31,065:WARNING:
'cuml' is a soft dependency and not included in the pycaret installation. Please run: `pip install cuml` to install.
2025-08-19 17:56:31,065:WARNING:
'cuml' is a soft dependency and not included in the pycaret installation. Please run: `pip install cuml` to install.
2025-08-19 17:56:31,065:WARNING:
'cuml' is a soft dependency and not included in the pycaret installation. Please run: `pip install cuml` to install.
2025-08-19 17:56:31,065:WARNING:
'cuml' is a soft dependency and not included in the pycaret installation. Please run: `pip install cuml` to install.
2025-08-19 17:56:34,466:INFO:Initializing load_model()
2025-08-19 17:56:34,466:INFO:load_model(model_name=models/phishing_url_detector, platform=None, authentication=None, verbose=True)
2025-08-19 17:56:34,995:INFO:Initializing load_model()
2025-08-19 17:56:34,995:INFO:load_model(model_name=models/threat_actor_profiler, platform=None, authentication=None, verbose=True)
2025-08-19 17:56:40,370:INFO:Initializing predict_model()
2025-08-19 17:56:40,370:INFO:predict_model(self=<pycaret.classification.oop.ClassificationExperiment object at 0x70d0d04b7ad0>, estimator=Pipeline(memory=Memory(location=None),
         steps=[('numerical_imputer',
                 TransformerWrapper(include=['having_IP_Address', 'URL_Length',
                                             'Shortining_Service',
                                             'having_At_Symbol',
                                             'double_slash_redirecting',
                                             'Prefix_Suffix',
                                             'having_Sub_Domain',
                                             'SSLfinal_State', 'URL_of_Anchor',
                                             'Links_in_tags', 'SFH',
                                             'Abnormal_URL',
                                             'has_political_keyword'],
                                    transformer=SimpleImputer())),
                ('categorical_imputer',
                 TransformerWrapper(include=[],
                                    transformer=SimpleImputer(strategy='most_frequent'))),
                ('actual_estimator',
                 RandomForestClassifier(n_jobs=-1, random_state=42))]), probability_threshold=None, encoded_labels=False, raw_score=False, round=4, verbose=True, ml_usecase=None, preprocess=True, encode_labels=<function _SupervisedExperiment.predict_model.<locals>.encode_labels at 0x70d0d2e37240>)
2025-08-19 17:56:40,370:INFO:Checking exceptions
2025-08-19 17:56:40,370:INFO:Preloading libraries
2025-08-19 17:56:40,371:INFO:Set up data.
2025-08-19 17:56:40,374:INFO:Set up index.
2025-08-19 17:56:42,602:INFO:Initializing predict_model()
2025-08-19 17:56:42,602:INFO:predict_model(self=<pycaret.classification.oop.ClassificationExperiment object at 0x70d0d2e671d0>, estimator=Pipeline(memory=Memory(location=None),
         steps=[('numerical_imputer',
                 TransformerWrapper(include=['having_IP_Address', 'URL_Length',
                                             'Shortining_Service',
                                             'having_At_Symbol',
                                             'double_slash_redirecting',
                                             'Prefix_Suffix',
                                             'having_Sub_Domain',
                                             'SSLfinal_State', 'URL_of_Anchor',
                                             'Links_in_tags', 'SFH',
                                             'Abnormal_URL',
                                             'has_political_keyword'],
                                    transformer=SimpleImputer())),
                ('categorical_imputer',
                 TransformerWrapper(include=[],
                                    transformer=SimpleImputer(strategy='most_frequent'))),
                ('normalize', TransformerWrapper(transformer=StandardScaler())),
                ('trained_model', KMeans(n_clusters=3, random_state=42))]), probability_threshold=None, encoded_labels=False, raw_score=False, round=4, verbose=True, ml_usecase=None, preprocess=True, encode_labels=<function _SupervisedExperiment.predict_model.<locals>.encode_labels at 0x70d0d2e37d80>)
2025-08-19 17:56:42,602:INFO:Checking exceptions
2025-08-19 17:56:42,602:INFO:Preloading libraries
2025-08-19 17:56:42,603:INFO:Set up data.
2025-08-19 17:56:42,607:INFO:Set up index.
2025-08-19 18:03:36,436:INFO:Initializing predict_model()
2025-08-19 18:03:36,436:INFO:predict_model(self=<pycaret.classification.oop.ClassificationExperiment object at 0x70d1100dd710>, estimator=Pipeline(memory=Memory(location=None),
         steps=[('numerical_imputer',
                 TransformerWrapper(include=['having_IP_Address', 'URL_Length',
                                             'Shortining_Service',
                                             'having_At_Symbol',
                                             'double_slash_redirecting',
                                             'Prefix_Suffix',
                                             'having_Sub_Domain',
                                             'SSLfinal_State', 'URL_of_Anchor',
                                             'Links_in_tags', 'SFH',
                                             'Abnormal_URL',
                                             'has_political_keyword'],
                                    transformer=SimpleImputer())),
                ('categorical_imputer',
                 TransformerWrapper(include=[],
                                    transformer=SimpleImputer(strategy='most_frequent'))),
                ('actual_estimator',
                 RandomForestClassifier(n_jobs=-1, random_state=42))]), probability_threshold=None, encoded_labels=False, raw_score=False, round=4, verbose=True, ml_usecase=None, preprocess=True, encode_labels=<function _SupervisedExperiment.predict_model.<locals>.encode_labels at 0x70d0d09662a0>)
2025-08-19 18:03:36,436:INFO:Checking exceptions
2025-08-19 18:03:36,436:INFO:Preloading libraries
2025-08-19 18:03:36,436:INFO:Set up data.
2025-08-19 18:03:36,439:INFO:Set up index.
2025-08-19 18:03:38,672:INFO:Initializing predict_model()
2025-08-19 18:03:38,672:INFO:predict_model(self=<pycaret.classification.oop.ClassificationExperiment object at 0x70d0d04bef10>, estimator=Pipeline(memory=Memory(location=None),
         steps=[('numerical_imputer',
                 TransformerWrapper(include=['having_IP_Address', 'URL_Length',
                                             'Shortining_Service',
                                             'having_At_Symbol',
                                             'double_slash_redirecting',
                                             'Prefix_Suffix',
                                             'having_Sub_Domain',
                                             'SSLfinal_State', 'URL_of_Anchor',
                                             'Links_in_tags', 'SFH',
                                             'Abnormal_URL',
                                             'has_political_keyword'],
                                    transformer=SimpleImputer())),
                ('categorical_imputer',
                 TransformerWrapper(include=[],
                                    transformer=SimpleImputer(strategy='most_frequent'))),
                ('normalize', TransformerWrapper(transformer=StandardScaler())),
                ('trained_model', KMeans(n_clusters=3, random_state=42))]), probability_threshold=None, encoded_labels=False, raw_score=False, round=4, verbose=True, ml_usecase=None, preprocess=True, encode_labels=<function _SupervisedExperiment.predict_model.<locals>.encode_labels at 0x70d1117d2de0>)
2025-08-19 18:03:38,672:INFO:Checking exceptions
2025-08-19 18:03:38,672:INFO:Preloading libraries
2025-08-19 18:03:38,672:INFO:Set up data.
2025-08-19 18:03:38,676:INFO:Set up index.
2025-08-19 18:04:02,642:INFO:Initializing predict_model()
2025-08-19 18:04:02,642:INFO:predict_model(self=<pycaret.classification.oop.ClassificationExperiment object at 0x70d1100ddbd0>, estimator=Pipeline(memory=Memory(location=None),
         steps=[('numerical_imputer',
                 TransformerWrapper(include=['having_IP_Address', 'URL_Length',
                                             'Shortining_Service',
                                             'having_At_Symbol',
                                             'double_slash_redirecting',
                                             'Prefix_Suffix',
                                             'having_Sub_Domain',
                                             'SSLfinal_State', 'URL_of_Anchor',
                                             'Links_in_tags', 'SFH',
                                             'Abnormal_URL',
                                             'has_political_keyword'],
                                    transformer=SimpleImputer())),
                ('categorical_imputer',
                 TransformerWrapper(include=[],
                                    transformer=SimpleImputer(strategy='most_frequent'))),
                ('actual_estimator',
                 RandomForestClassifier(n_jobs=-1, random_state=42))]), probability_threshold=None, encoded_labels=False, raw_score=False, round=4, verbose=True, ml_usecase=None, preprocess=True, encode_labels=<function _SupervisedExperiment.predict_model.<locals>.encode_labels at 0x70d0d03aac00>)
2025-08-19 18:04:02,642:INFO:Checking exceptions
2025-08-19 18:04:02,642:INFO:Preloading libraries
2025-08-19 18:04:02,642:INFO:Set up data.
2025-08-19 18:04:02,645:INFO:Set up index.
2025-08-19 18:04:04,880:INFO:Initializing predict_model()
2025-08-19 18:04:04,881:INFO:predict_model(self=<pycaret.classification.oop.ClassificationExperiment object at 0x70d0d089f210>, estimator=Pipeline(memory=Memory(location=None),
         steps=[('numerical_imputer',
                 TransformerWrapper(include=['having_IP_Address', 'URL_Length',
                                             'Shortining_Service',
                                             'having_At_Symbol',
                                             'double_slash_redirecting',
                                             'Prefix_Suffix',
                                             'having_Sub_Domain',
                                             'SSLfinal_State', 'URL_of_Anchor',
                                             'Links_in_tags', 'SFH',
                                             'Abnormal_URL',
                                             'has_political_keyword'],
                                    transformer=SimpleImputer())),
                ('categorical_imputer',
                 TransformerWrapper(include=[],
                                    transformer=SimpleImputer(strategy='most_frequent'))),
                ('normalize', TransformerWrapper(transformer=StandardScaler())),
                ('trained_model', KMeans(n_clusters=3, random_state=42))]), probability_threshold=None, encoded_labels=False, raw_score=False, round=4, verbose=True, ml_usecase=None, preprocess=True, encode_labels=<function _SupervisedExperiment.predict_model.<locals>.encode_labels at 0x70d0d2e78220>)
2025-08-19 18:04:04,881:INFO:Checking exceptions
2025-08-19 18:04:04,881:INFO:Preloading libraries
2025-08-19 18:04:04,881:INFO:Set up data.
2025-08-19 18:04:04,885:INFO:Set up index.
2025-08-19 18:35:12,896:WARNING:
'cuml' is a soft dependency and not included in the pycaret installation. Please run: `pip install cuml` to install.
2025-08-19 18:35:12,896:WARNING:
'cuml' is a soft dependency and not included in the pycaret installation. Please run: `pip install cuml` to install.
2025-08-19 18:35:12,896:WARNING:
'cuml' is a soft dependency and not included in the pycaret installation. Please run: `pip install cuml` to install.
2025-08-19 18:35:12,896:WARNING:
'cuml' is a soft dependency and not included in the pycaret installation. Please run: `pip install cuml` to install.
2025-08-19 18:36:21,370:WARNING:
'cuml' is a soft dependency and not included in the pycaret installation. Please run: `pip install cuml` to install.
2025-08-19 18:36:21,370:WARNING:
'cuml' is a soft dependency and not included in the pycaret installation. Please run: `pip install cuml` to install.
2025-08-19 18:36:21,370:WARNING:
'cuml' is a soft dependency and not included in the pycaret installation. Please run: `pip install cuml` to install.
2025-08-19 18:36:21,370:WARNING:
'cuml' is a soft dependency and not included in the pycaret installation. Please run: `pip install cuml` to install.
2025-08-19 18:36:23,674:INFO:Initializing load_model()
2025-08-19 18:36:23,675:INFO:load_model(model_name=models/phishing_url_detector, platform=None, authentication=None, verbose=True)
2025-08-19 18:36:24,245:INFO:Initializing load_model()
2025-08-19 18:36:24,245:INFO:load_model(model_name=models/threat_actor_profiler, platform=None, authentication=None, verbose=True)
2025-08-19 18:36:34,594:INFO:Initializing predict_model()
2025-08-19 18:36:34,594:INFO:predict_model(self=<pycaret.classification.oop.ClassificationExperiment object at 0x7998674500d0>, estimator=Pipeline(memory=Memory(location=None),
         steps=[('numerical_imputer',
                 TransformerWrapper(include=['having_IP_Address', 'URL_Length',
                                             'Shortining_Service',
                                             'having_At_Symbol',
                                             'double_slash_redirecting',
                                             'Prefix_Suffix',
                                             'having_Sub_Domain',
                                             'SSLfinal_State', 'URL_of_Anchor',
                                             'Links_in_tags', 'SFH',
                                             'Abnormal_URL',
                                             'has_political_keyword'],
                                    transformer=SimpleImputer())),
                ('categorical_imputer',
                 TransformerWrapper(include=[],
                                    transformer=SimpleImputer(strategy='most_frequent'))),
                ('actual_estimator',
                 RandomForestClassifier(n_jobs=-1, random_state=42))]), probability_threshold=None, encoded_labels=False, raw_score=False, round=4, verbose=True, ml_usecase=None, preprocess=True, encode_labels=<function _SupervisedExperiment.predict_model.<locals>.encode_labels at 0x79986ed8b880>)
2025-08-19 18:36:34,594:INFO:Checking exceptions
2025-08-19 18:36:34,594:INFO:Preloading libraries
2025-08-19 18:36:34,595:INFO:Set up data.
2025-08-19 18:36:34,598:INFO:Set up index.
2025-08-19 18:36:36,834:INFO:Initializing predict_model()
2025-08-19 18:36:36,834:INFO:predict_model(self=<pycaret.classification.oop.ClassificationExperiment object at 0x799855960650>, estimator=Pipeline(memory=Memory(location=None),
         steps=[('numerical_imputer',
                 TransformerWrapper(include=['having_IP_Address', 'URL_Length',
                                             'Shortining_Service',
                                             'having_At_Symbol',
                                             'double_slash_redirecting',
                                             'Prefix_Suffix',
                                             'having_Sub_Domain',
                                             'SSLfinal_State', 'URL_of_Anchor',
                                             'Links_in_tags', 'SFH',
                                             'Abnormal_URL',
                                             'has_political_keyword'],
                                    transformer=SimpleImputer())),
                ('categorical_imputer',
                 TransformerWrapper(include=[],
                                    transformer=SimpleImputer(strategy='most_frequent'))),
                ('normalize', TransformerWrapper(transformer=StandardScaler())),
                ('trained_model', KMeans(n_clusters=3, random_state=42))]), probability_threshold=None, encoded_labels=False, raw_score=False, round=4, verbose=True, ml_usecase=None, preprocess=True, encode_labels=<function _SupervisedExperiment.predict_model.<locals>.encode_labels at 0x79985ccb9d00>)
2025-08-19 18:36:36,834:INFO:Checking exceptions
2025-08-19 18:36:36,834:INFO:Preloading libraries
2025-08-19 18:36:36,835:INFO:Set up data.
2025-08-19 18:36:36,839:INFO:Set up index.
2025-08-19 19:25:04,281:WARNING:
'cuml' is a soft dependency and not included in the pycaret installation. Please run: `pip install cuml` to install.
2025-08-19 19:25:04,281:WARNING:
'cuml' is a soft dependency and not included in the pycaret installation. Please run: `pip install cuml` to install.
2025-08-19 19:25:04,281:WARNING:
'cuml' is a soft dependency and not included in the pycaret installation. Please run: `pip install cuml` to install.
2025-08-19 19:25:04,281:WARNING:
'cuml' is a soft dependency and not included in the pycaret installation. Please run: `pip install cuml` to install.
2025-08-19 19:25:40,097:WARNING:
'cuml' is a soft dependency and not included in the pycaret installation. Please run: `pip install cuml` to install.
2025-08-19 19:25:40,097:WARNING:
'cuml' is a soft dependency and not included in the pycaret installation. Please run: `pip install cuml` to install.
2025-08-19 19:25:40,097:WARNING:
'cuml' is a soft dependency and not included in the pycaret installation. Please run: `pip install cuml` to install.
2025-08-19 19:25:40,097:WARNING:
'cuml' is a soft dependency and not included in the pycaret installation. Please run: `pip install cuml` to install.
2025-08-19 19:25:42,447:INFO:Initializing load_model()
2025-08-19 19:25:42,447:INFO:load_model(model_name=models/phishing_url_detector, platform=None, authentication=None, verbose=True)
2025-08-19 19:25:43,023:INFO:Initializing load_model()
2025-08-19 19:25:43,023:INFO:load_model(model_name=models/threat_actor_profiler, platform=None, authentication=None, verbose=True)
2025-08-19 19:25:50,670:INFO:Initializing predict_model()
2025-08-19 19:25:50,670:INFO:predict_model(self=<pycaret.classification.oop.ClassificationExperiment object at 0x7ee56d914250>, estimator=Pipeline(memory=Memory(location=None),
         steps=[('numerical_imputer',
                 TransformerWrapper(include=['having_IP_Address', 'URL_Length',
                                             'Shortining_Service',
                                             'having_At_Symbol',
                                             'double_slash_redirecting',
                                             'Prefix_Suffix',
                                             'having_Sub_Domain',
                                             'SSLfinal_State', 'URL_of_Anchor',
                                             'Links_in_tags', 'SFH',
                                             'Abnormal_URL',
                                             'has_political_keyword'],
                                    transformer=SimpleImputer())),
                ('categorical_imputer',
                 TransformerWrapper(include=[],
                                    transformer=SimpleImputer(strategy='most_frequent'))),
                ('actual_estimator',
                 RandomForestClassifier(n_jobs=-1, random_state=42))]), probability_threshold=None, encoded_labels=False, raw_score=False, round=4, verbose=True, ml_usecase=None, preprocess=True, encode_labels=<function _SupervisedExperiment.predict_model.<locals>.encode_labels at 0x7ee5ad2ee200>)
2025-08-19 19:25:50,670:INFO:Checking exceptions
2025-08-19 19:25:50,670:INFO:Preloading libraries
2025-08-19 19:25:50,671:INFO:Set up data.
2025-08-19 19:25:50,674:INFO:Set up index.
2025-08-19 19:25:52,914:INFO:Initializing predict_model()
2025-08-19 19:25:52,914:INFO:predict_model(self=<pycaret.clustering.oop.ClusteringExperiment object at 0x7ee5ad4a5450>, estimator=Pipeline(memory=Memory(location=None),
         steps=[('numerical_imputer',
                 TransformerWrapper(include=['having_IP_Address', 'URL_Length',
                                             'Shortining_Service',
                                             'having_At_Symbol',
                                             'double_slash_redirecting',
                                             'Prefix_Suffix',
                                             'having_Sub_Domain',
                                             'SSLfinal_State', 'URL_of_Anchor',
                                             'Links_in_tags', 'SFH',
                                             'Abnormal_URL',
                                             'has_political_keyword'],
                                    transformer=SimpleImputer())),
                ('categorical_imputer',
                 TransformerWrapper(include=[],
                                    transformer=SimpleImputer(strategy='most_frequent'))),
                ('normalize', TransformerWrapper(transformer=StandardScaler())),
                ('trained_model', KMeans(n_clusters=3, random_state=42))]), ml_usecase=None)
2025-08-19 19:25:52,914:INFO:Set up data.
2025-08-19 19:33:21,777:INFO:Initializing predict_model()
2025-08-19 19:33:21,777:INFO:predict_model(self=<pycaret.classification.oop.ClassificationExperiment object at 0x7ee56d797910>, estimator=Pipeline(memory=Memory(location=None),
         steps=[('numerical_imputer',
                 TransformerWrapper(include=['having_IP_Address', 'URL_Length',
                                             'Shortining_Service',
                                             'having_At_Symbol',
                                             'double_slash_redirecting',
                                             'Prefix_Suffix',
                                             'having_Sub_Domain',
                                             'SSLfinal_State', 'URL_of_Anchor',
                                             'Links_in_tags', 'SFH',
                                             'Abnormal_URL',
                                             'has_political_keyword'],
                                    transformer=SimpleImputer())),
                ('categorical_imputer',
                 TransformerWrapper(include=[],
                                    transformer=SimpleImputer(strategy='most_frequent'))),
                ('actual_estimator',
                 RandomForestClassifier(n_jobs=-1, random_state=42))]), probability_threshold=None, encoded_labels=False, raw_score=False, round=4, verbose=True, ml_usecase=None, preprocess=True, encode_labels=<function _SupervisedExperiment.predict_model.<locals>.encode_labels at 0x7ee56d7c3100>)
2025-08-19 19:33:21,777:INFO:Checking exceptions
2025-08-19 19:33:21,777:INFO:Preloading libraries
2025-08-19 19:33:21,778:INFO:Set up data.
2025-08-19 19:33:21,781:INFO:Set up index.
2025-08-19 19:33:24,010:INFO:Initializing predict_model()
2025-08-19 19:33:24,010:INFO:predict_model(self=<pycaret.clustering.oop.ClusteringExperiment object at 0x7ee56e67b7d0>, estimator=Pipeline(memory=Memory(location=None),
         steps=[('numerical_imputer',
                 TransformerWrapper(include=['having_IP_Address', 'URL_Length',
                                             'Shortining_Service',
                                             'having_At_Symbol',
                                             'double_slash_redirecting',
                                             'Prefix_Suffix',
                                             'having_Sub_Domain',
                                             'SSLfinal_State', 'URL_of_Anchor',
                                             'Links_in_tags', 'SFH',
                                             'Abnormal_URL',
                                             'has_political_keyword'],
                                    transformer=SimpleImputer())),
                ('categorical_imputer',
                 TransformerWrapper(include=[],
                                    transformer=SimpleImputer(strategy='most_frequent'))),
                ('normalize', TransformerWrapper(transformer=StandardScaler())),
                ('trained_model', KMeans(n_clusters=3, random_state=42))]), ml_usecase=None)
2025-08-19 19:33:24,010:INFO:Set up data.
2025-08-19 19:37:04,092:INFO:Initializing predict_model()
2025-08-19 19:37:04,092:INFO:predict_model(self=<pycaret.classification.oop.ClassificationExperiment object at 0x7ee56d918990>, estimator=Pipeline(memory=Memory(location=None),
         steps=[('numerical_imputer',
                 TransformerWrapper(include=['having_IP_Address', 'URL_Length',
                                             'Shortining_Service',
                                             'having_At_Symbol',
                                             'double_slash_redirecting',
                                             'Prefix_Suffix',
                                             'having_Sub_Domain',
                                             'SSLfinal_State', 'URL_of_Anchor',
                                             'Links_in_tags', 'SFH',
                                             'Abnormal_URL',
                                             'has_political_keyword'],
                                    transformer=SimpleImputer())),
                ('categorical_imputer',
                 TransformerWrapper(include=[],
                                    transformer=SimpleImputer(strategy='most_frequent'))),
                ('actual_estimator',
                 RandomForestClassifier(n_jobs=-1, random_state=42))]), probability_threshold=None, encoded_labels=False, raw_score=False, round=4, verbose=True, ml_usecase=None, preprocess=True, encode_labels=<function _SupervisedExperiment.predict_model.<locals>.encode_labels at 0x7ee56e681440>)
2025-08-19 19:37:04,092:INFO:Checking exceptions
2025-08-19 19:37:04,092:INFO:Preloading libraries
2025-08-19 19:37:04,093:INFO:Set up data.
2025-08-19 19:37:04,096:INFO:Set up index.
2025-08-19 19:37:06,340:INFO:Initializing predict_model()
2025-08-19 19:37:06,340:INFO:predict_model(self=<pycaret.clustering.oop.ClusteringExperiment object at 0x7ee5835d1d50>, estimator=Pipeline(memory=Memory(location=None),
         steps=[('numerical_imputer',
                 TransformerWrapper(include=['having_IP_Address', 'URL_Length',
                                             'Shortining_Service',
                                             'having_At_Symbol',
                                             'double_slash_redirecting',
                                             'Prefix_Suffix',
                                             'having_Sub_Domain',
                                             'SSLfinal_State', 'URL_of_Anchor',
                                             'Links_in_tags', 'SFH',
                                             'Abnormal_URL',
                                             'has_political_keyword'],
                                    transformer=SimpleImputer())),
                ('categorical_imputer',
                 TransformerWrapper(include=[],
                                    transformer=SimpleImputer(strategy='most_frequent'))),
                ('normalize', TransformerWrapper(transformer=StandardScaler())),
                ('trained_model', KMeans(n_clusters=3, random_state=42))]), ml_usecase=None)
2025-08-19 19:37:06,340:INFO:Set up data.
